382004410001
324009710002
032004010003
362009310004
322004610005
832009910006
342004210007
320009510008
632004810009
632600910010
322100210011
328600510012
432100810013
302600110014
326100410015
232600710016
382100010017
324600310018
032100610019
032030710020
362080010021
322030310022
832080610023
342030910024
320080210025
632030510026
322080810027
328030110028
432080410029
432000510030
302005810031
326000110032
232005410033
382000710034
324005010035
032000310036
362005610037
322000910038
832005210039
832700310040
342200610041
320700910042
632200210043
322700510044
328200810045
432700110046
302200410047
326700710048
232200010049
232040110050
382090410051
324040710052
032090010053
362040310054
322090610055
832040910056
342090210057
320040510058
632090810059
632001910060
322006210061
328001510062
432006810063
302001110064
326006410065
232001710066
382006010067
324001310068
032006610069
032800710070
362300010071
322800310072
832300610073
342800910074
320300210075
632800510076
322300810077
328800110078
432300410079
432050510080
302000810081
326050110082
232000410083
382050710084
324000010085
032050310086
362000610087
322050910088
832000210089
832002310090
342007610091
320002910092
632007210093
322002510094
328007810095
432002110096
302007410097
326002710098
232007010099
032002120100
362007150101
322002180102
832007110103
342002140104
320007170105
632002100106
322007130107
328002160108
432007190109
432900100110
302400130111
326900160112
232400190113
382900120114
324400150115
032900180116
362400110117
322900140118
832400170119
832060180120
342010110121
320060140122
632010170123
322060100124
328010130125
432060160126
302010190127
326060120128
232010150129
232003160130
382008190131
324003120132
032008150133
362003180134
322008110135
832003140136
342008170137
320003100138
632008130139
632000140140
322500170141
328000100142
432500130143
302000160144
326500190145
232000120146
382500150147
324000180148
032500110149
032070120150
362020150151
322070180152
832020110153
342070140154
320020170155
632070100156
322020130157
328070160158
432020190159
432004100160
302009130161
326004160162
232009190163
382004120164
324009150165
032004180166
362009110167
322004140168
832009170169
832100180170
342600110171
320100140172
632600170173
322100100174
328600130175
432100160176
302600190177
326100120178
232600150179
232080160180
382030190181
324080120182
032030150183
362080180184
322030110185
832080140186
342030170187
320080100188
632030130189
632005140190
322000170191
328005100192
432000130193
302005160194
326000190195
232005120196
382000150197
324005180198
032000110199
832005103200
342000106201
320005109202
632000102203
322005105204
328000108205
432005101206
302000104207
326005107208
232000100209
232200101210
382700104211
324200107212
032700100213
362200103214
322700106215
832200109216
342700102217
320200105218
632700108219
632090109220
322040102221
328090105222
432040108223
302090101224
326040104225
232090107226
382040100227
324090103228
032040106229
032006107230
362001100231
322006103232
832001106233
342006109234
320001102235
632006105236
322001108237
328006101238
432001104239
432300105240
302800108241
326300101242
232800104243
382300107244
324800100245
032300103246
362800106247
322300109248
832800102249
832000103250
342050106251
320000109252
632050102253
322000105254
328050108255
432000101256
302050104257
326000107258
232050100259
232007101260
382002104261
324007107262
032002100263
362007103264
322002106265
832007109266
342002102267
320007105268
632002108269
632400109270
322900102271
328400105272
432900108273
302400101274
326900104275
232400107276
382900100277
324400103278
032900106279
032010107280
362060100281
322010103282
832060106283
342010109284
320060102285
632010105286
322060108287
328010101288
432060104289
432008105290
302003108291
326008101292
232003104293
382008107294
324003100295
032008103296
362003106297
322008109298
832003102299
632008410300
322003710301
328008010302
432003310303
302008610304
326003910305
232008210306
382003510307
324008810308
032003110309
032500210310
362000510311
322500810312
832000110313
342500410314
320000710315
632500010316
322000310317
328500610318
432000910319
432020010320
302070310321
326020610322
232070910323
382020210324
324070510325
032020810326
362070110327
322020410328
832070710329
832009810330
342004110331
320009410332
632004710333
322009010334
328004310335
432009610336
302004910337
326009210338
232004510339
232600610340
382100910341
324600210342
032100510343
362600810344
322100110345
832600410346
342100710347
320600010348
632100310349
632030410350
322080710351
328030010352
432080310353
302030610354
326080910355
232030210356
382080510357
324030810358
032080110359
032000210360
362005510361
322000810362
832005110363
342000410364
320005710365
632000010366
322005310367
328000610368
432005910369
432700010370
302200310371
326700610372
232200910373
382700210374
324200510375
032700810376
362200110377
322700410378
832200710379
832040810380
342090110381
320040410382
632090710383
322040010384
328090310385
432040610386
302090910387
326040210388
232090510389
232001610390
382006910391
324001210392
032006510393
362001810394
322006110395
832001410396
342006710397
320001010398
632006310399
432001150400
302006180401
326001110402
232006140403
382001170404
324006100405
032001130406
362006160407
322001190408
832006120409
832800130410
342300160411
320800190412
632300120413
322800150414
328300180415
432800110416
302300140417
326800170418
232300100419
232050110420
382000140421
324050170422
032000100423
362050130424
322000160425
832050190426
342000120427
320050150428
632000180429
632002190430
322007120431
328002150432
432007180433
302002110434
326007140435
232002170436
382007100437
324002130438
032007160439
032900170440
362400100441
322900130442
832400160443
342900190444
320400120445
632900150446
322400180447
328900110448
432400140449
432060150450
302010180451
326060110452
232010140453
382060170454
324010100455
032060130456
362010160457
322060190458
832010120459
832003130460
342008160461
320003190462
632008120463
322003150464
328008180465
432003110466
302008140467
326003170468
232008100469
232000110470
382500140471
324000170472
032500100473
362000130474
322500160475
832000190476
342500120477
320000150478
632500180479
632070190480
322020120481
328070150482
432020180483
302070110484
326020140485
232070170486
382020100487
324070130488
032020160489
032004170490
362009100491
322004130492
832009160493
342004190494
320009120495
632004150496
322009180497
328004110498
432009140499
232004106500
382009109501
324004102502
032009105503
362004108504
322009101505
832004104506
342009107507
320004100508
632009103509
632100104510
322600107511
328100100512
432600103513
302100106514
326600109515
232100102516
382600105517
324100108518
032600101519
032080102520
362030105521
322080108522
832030101523
342080104524
320030107525
632080100526
322030103527
328080106528
432030109529
432005100530
302000103531
326005106532
232000109533
382005102534
324000105535
032005108536
362000101537
322005104538
832000107539
832200108540
342700101541
320200104542
632700107543
322200100544
328700103545
432200106546
302700109547
326200102548
232700105549
232090106550
382040109551
324090102552
032040105553
362090108554
322040101555
832090104556
342040107557
320090100558
632040103559
632006104560
322001107561
328006100562
432001103563
302006106564
326001109565
232006102566
382001105567
324006108568
032001101569
032300102570
362800105571
322300108572
832800101573
342300104574
320800107575
632300100576
322800103577
328300106578
432800109579
432000100580
302050103581
326000106582
232050109583
382000102584
324050105585
032000108586
362050101587
322000104588
832050107589
832007108590
342002101591
320007104592
632002107593
322007100594
328002103595
432007106596
302002109597
326007102598
232002105599
032007710600
362002010601
322007310602
832002610603
342007910604
320002210605
632007510606
322002810607
328007110608
432002410609
432400510610
302900810611
326400110612
232900410613
382400710614
324900010615
032400310616
362900610617
322400910618
832900210619
832010310620
342060610621
320010910622
632060210623
322010510624
328060810625
432010110626
302060410627
326010710628
232060010629
232008110630
382003410631
324008710632
032003010633
362008310634
322003610635
832008910636
342003210637
320008510638
632003810639
632500910640
322000210641
328500510642
432000810643
302500110644
326000410645
232500710646
382000010647
324500310648
032000610649
032020710650
362070010651
322020310652
832070610653
342020910654
320070210655
632020510656
322070810657
328020110658
432070410659
432009510660
302004810661
326009110662
232004410663
382009710664
324004010665
032009310666
362004610667
322009910668
832004210669
832600310670
342100610671
320600910672
632100210673
322600510674
328100810675
432600110676
302100410677
326600710678
232100010679
232030110680
382080410681
324030710682
032080010683
362030310684
322080610685
832030910686
342080210687
320030510688
632080810689
632000910690
322005210691
328000510692
432005810693
302000110694
326005410695
232000710696
382005010697
324000310698
032005610699
832000180700
342005110701
320000140702
632005170703
322000100704
328005130705
432000160706
302005190707
326000120708
232005150709
232700160710
382200190711
324700120712
032200150713
362700180714
322200110715
832700140716
342200170717
320700100718
632200130719
632040140720
322090170721
328040100722
432090130723
302040160724
326090190725
232040120726
382090150727
324040180728
032090110729
032001120730
362006150731
322001180732
832006110733
342001140734
320006170735
632001100736
322006130737
328001160738
432006190739
432800100740
302300130741
326800160742
232300190743
382800120744
324300150745
032800180746
362300110747
322800140748
832300170749
832050180750
342000110751
320050140752
632000170753
322050100754
328000130755
432050160756
302000190757
326050120758
232000150759
232002160760
382007190761
324002120762
032007150763
362002180764
322007110765
832002140766
342007170767
320002100768
632007130769
632900140770
322400170771
328900100772
432400130773
302900160774
326400190775
232900120776
382400150777
324900180778
032400110779
032060120780
362010150781
322060180782
832010110783
342060140784
320010170785
632060100786
322010130787
328060160788
432010190789
432003100790
302008130791
326003160792
232008190793
382003120794
324008150795
032003180796
362008110797
322003140798
832008170799
632003109800
322008102801
328003105802
432008108803
302003101804
326008104805
232003107806
382008100807
324003103808
032008106809
032000107810
362500100811
322000103812
832500106813
342000109814
320500102815
632000105816
322500108817
328000101818
432500104819
432070105820
302020108821
326070101822
232020104823
382070107824
324020100825
032070103826
362020106827
322070109828
832020102829
832004103830
342009106831
320004109832
632009102833
322004105834
328009108835
432004101836
302009104837
326004107838
232009100839
232100101840
382600104841
324100107842
032600100843
362100103844
322600106845
832100109846
342600102847
320100105848
632600108849
632080109850
322030102851
328080105852
432030108853
302080101854
326030104855
232080107856
382030100857
324080103858
032030106859
032005107860
362000100861
322005103862
832000106863
342005109864
320000102865
632005105866
322000108867
328005101868
432000104869
432200105870
302700108871
326200101872
232700104873
382200107874
324700100875
032200103876
362700106877
322200109878
832700102879
832090103880
342040106881
320090109882
632040102883
322090105884
328040108885
432090101886
302040104887
326090107888
232040100889
232006101890
382001104891
324006107892
032001100893
362006103894
322001106895
832006109896
342001102897
320006105898
632001108899
432006010900
302001310901
326006610902
232001910903
382006210904
324001510905
032006810906
362001110907
322006410908
832001710909
832300810910
342800110911
320300410912
632800710913
322300010914
328800310915
432300610916
302800910917
326300210918
232800510919
232000610920
382050910921
324000210922
032050510923
362000810924
322050110925
832000410926
342050710927
320000010928
632050310929
632007410930
322002710931
328007010932
432002310933
302007610934
326002910935
232007210936
382002510937
324007810938
032002110939
032400210940
362900510941
322400810942
832900110943
342400410944
320900710945
632400010946
322900310947
328400610948
432900910949
432010010950
302060310951
326010610952
232060910953
382010210954
324060510955
032010810956
362060110957
322010410958
832060710959
832008810960
342003110961
320008410962
632003710963
322008010964
328003310965
432008610966
302003910967
326008210968
232003510969
232500610970
382000910971
324500210972
032000510973
362500810974
322000110975
832500410976
342000710977
320500010978
632000310979
632020410980
322070710981
328020010982
432070310983
302020610984
326070910985
232020210986
382070510987
324020810988
032070110989
032009210990
362004510991
322009810992
832004110993
342009410994
320004710995
632009010996
322004310997
328009610998
432004910999
432008711000
302003011001
326008311002
232003611003
382008911004
324003211005
032008511006
362003811007
322008111008
832003411009
832500511010
342000811011
320500111012
632000411013
322500711014
328000011015
432500311016
302000611017
326500911018
232000211019
232020311020
382070611021
324020911022
032070211023
362020511024
322070811025
832020111026
342070411027
320020711028
632070011029
632009111030
322004411031
328009711032
432004011033
302009311034
326004611035
232009911036
382004211037
324009511038
032004811039
032600911040
362100211041
322600511042
832100811043
342600111044
320100411045
632600711046
322100011047
328600311048
432100611049
432030711050
302080011051
326030311052
232080611053
382030911054
324080211055
032030511056
362080811057
322030111058
832080411059
832000511060
342005811061
320000111062
632005411063
322000711064
328005011065
432000311066
302005611067
326000911068
232005211069
232700311070
382200611071
324700911072
032200211073
362700511074
322200811075
832700111076
342200411077
320700711078
632200011079
632040111080
322090411081
328040711082
432090011083
302040311084
326090611085
232040911086
382090211087
324040511088
032090811089
032001911090
362006211091
322001511092
832006811093
342001111094
320006411095
632001711096
322006011097
328001311098
432006611099
232001181100
382006111101
324001141102
032006171103
362001101104
322006131105
832001161106
342006191107
320001121108
632006151109
632800161110
322300191111
328800121112
432300151113
302800181114
326300111115
232800141116
382300171117
324800101118
032300131119
032050141120
362000171121
322050101122
832000131123
342050161124
320000191125
632050121126
322000151127
328050181128
432000111129
432002121130
302007151131
326002181132
232007111133
382002141134
324007171135
032002101136
362007131137
322002161138
832007191139
832900101140
342400131141
320900161142
632400191143
322900121144
328400151145
432900181146
302400111147
326900141148
232400171149
232060181150
382010111151
324060141152
032010171153
362060101154
322010131155
832060161156
342010191157
320060121158
632010151159
632003161160
322008191161
328003121162
432008151163
302003181164
326008111165
232003141166
382008171167
324003101168
032008131169
032000141170
362500171171
322000101172
832500131173
342000161174
320500191175
632000121176
322500151177
328000181178
432500111179
432070121180
302020151181
326070181182
232020111183
382070141184
324020171185
032070101186
362020131187
322070161188
832020191189
832004101190
342009131191
320004161192
632009191193
322004121194
328009151195
432004181196
302009111197
326004141198
232009171199
032004119200
362009112201
322004115202
832009118203
342004111204
320009114205
632004117206
322009110207
328004113208
432009116209
432100117210
302600110211
326100113212
232600116213
382100119214
324600112215
032100115216
362600118217
322100111218
832600114219
832080115220
342030118221
320080111222
632030114223
322080117224
328030110225
432080113226
302030116227
326080119228
232030112229
232005113230
382000116231
324005119232
032000112233
362005115234
322000118235
832005111236
342000114237
320005117238
632000110239
632200111240
322700114241
328200117242
432700110243
302200113244
326700116245
232200119246
382700112247
324200115248
032700118249
032090119250
362040112251
322090115252
832040118253
342090111254
320040114255
632090117256
322040110257
328090113258
432040116259
432006117260
302001110261
326006113262
232001116263
382006119264
324001112265
032006115266
362001118267
322006111268
832001114269
832300115270
342800118271
320300111272
632800114273
322300117274
328800110275
432300113276
302800116277
326300119278
232800112279
232000113280
382050116281
324000119282
032050112283
362000115284
322050118285
832000111286
342050114287
320000117288
632050110289
632007111290
322002114291
328007117292
432002110293
302007113294
326002116295
232007119296
382002112297
324007115298
032002118299
832007011300
342002311301
320007611302
632002911303
322007211304
328002511305
432007811306
302002111307
326007411308
232002711309
232400811310
382900111311
324400411312
032900711313
362400011314
322900311315
832400611316
342900911317
320400211318
632900511319
632010611320
322060911321
328010211322
432060511323
302010811324
326060111325
232010411326
382060711327
324010011328
032060311329
032008411330
362003711331
322008011332
832003311333
342008611334
320003911335
632008211336
322003511337
328008811338
432003111339
432500211340
302000511341
326500811342
232000111343
382500411344
324000711345
032500011346
362000311347
322500611348
832000911349
832020011350
342070311351
320020611352
632070911353
322020211354
328070511355
432020811356
302070111357
326020411358
232070711359
232009811360
382004111361
324009411362
032004711363
362009011364
322004311365
832009611366
342004911367
320009211368
632004511369
632600611370
322100911371
328600211372
432100511373
302600811374
326100111375
232600411376
382100711377
324600011378
032100311379
032030411380
362080711381
322030011382
832080311383
342030611384
320080911385
632030211386
322080511387
328030811388
432080111389
432000211390
302005511391
326000811392
232005111393
382000411394
324005711395
032000011396
362005311397
322000611398
832005911399
632000111400
322005141401
328000171402
432005101403
302000131404
326005161405
232000191406
382005121407
324000151408
032005181409
032700191410
362200121411
322700151412
832200181413
342700111414
320200141415
632700171416
322200101417
328700131418
432200161419
432040171420
302090101421
326040131422
232090161423
382040191424
324090121425
032040151426
362090181427
322040111428
832090141429
832001151430
342006181431
320001111432
632006141433
322001171434
328006101435
432001131436
302006161437
326001191438
232006121439
232800131440
382300161441
324800191442
032300121443
362800151444
322300181445
832800111446
342300141447
320800171448
632300101449
632050111450
322000141451
328050171452
432000101453
302050131454
326000161455
232050191456
382000121457
324050151458
032000181459
032002191460
362007121461
322002151462
832007181463
342002111464
320007141465
632002171466
322007101467
328002131468
432007161469
432900171470
302400101471
326900131472
232400161473
382900191474
324400121475
032900151476
362400181477
322900111478
832400141479
832060151480
342010181481
320060111482
632010141483
322060171484
328010101485
432060131486
302010161487
326060191488
232010121489
232003131490
382008161491
324003191492
032008121493
362003151494
322008181495
832003111496
342008141497
320003171498
632008101499
432003112500
302008115501
326003118502
232008111503
382003114504
324008117505
032003110506
362008113507
322003116508
832008119509
832000110510
342500113511
320000116512
632500119513
322000112514
328500115515
432000118516
302500111517
326000114518
232500117519
232070118520
382020111521
324070114522
032020117523
362070110524
322020113525
832070116526
342020119527
320070112528
632020115529
632004116530
322009119531
328004112532
432009115533
302004118534
326009111535
232004114536
382009117537
324004110538
032009113539
032100114540
362600117541
322100110542
832600113543
342100116544
320600119545
632100112546
322600115547
328100118548
432600111549
432080112550
302030115551
326080118552
232030111553
382080114554
324030117555
032080110556
362030113557
322080116558
832030119559
832005110560
342000113561
320005116562
632000119563
322005112564
328000115565
432005118566
302000111567
326005114568
232000117569
232200118570
382700111571
324200114572
032700117573
362200110574
322700113575
832200116576
342700119577
320200112578
632700115579
632090116580
322040119581
328090112582
432040115583
302090118584
326040111585
232090114586
382040117587
324090110588
032040113589
032006114590
362001117591
322006110592
832001113593
342006116594
320001119595
632006112596
322001115597
328006118598
432001111599
232006311600
382001611601
324006911602
032001211603
362006511604
322001811605
832006111606
342001411607
320006711608
632001011609
632300111610
322800411611
328300711612
432800011613
302300311614
326800611615
232300911616
382800211617
324300511618
032800811619
032000911620
362050211621
322000511622
832050811623
342000111624
320050411625
632000711626
322050011627
328000311628
432050611629
432007711630
302002011631
326007311632
232002611633
382007911634
324002211635
032007511636
362002811637
322007111638
832002411639
832400511640
342900811641
320400111642
632900411643
322400711644
328900011645
432400311646
302900611647
326400911648
232900211649
232010311650
382060611651
324010911652
032060211653
362010511654
322060811655
832010111656
342060411657
320010711658
632060011659
632008111660
322003411661
328008711662
432003011663
302008311664
326003611665
232008911666
382003211667
324008511668
032003811669
032500911670
362000211671
322500511672
832000811673
342500111674
320000411675
632500711676
322000011677
328500311678
432000611679
432020711680
302070011681
326020311682
232070611683
382020911684
324070211685
032020511686
362070811687
322020111688
832070411689
832009511690
342004811691
320009111692
632004411693
322009711694
328004011695
432009311696
302004611697
326009911698
232004211699
032009141700
362004171701
322009101702
832004131703
342009161704
320004191705
632009121706
322004151707
328009181708
432004111709
432600121710
302100151711
326600181712
232100111713
382600141714
324100171715
032600101716
362100131717
322600161718
832100191719
832030101720
342080131721
320030161722
632080191723
322030121724
328080151725
432030181726
302080111727
326030141728
232080171729
232000181730
382005111731
324000141732
032005171733
362000101734
322005131735
832000161736
342005191737
320000121738
632005151739
632700161740
322200191741
328700121742
432200151743
302700181744
326200111745
232700141746
382200171747
324700101748
032200131749
032040141750
362090171751
322040101752
832090131753
342040161754
320090191755
632040121756
322090151757
328040181758
432090111759
432001121760
302006151761
326001181762
232006111763
382001141764
324006171765
032001101766
362006131767
322001161768
832006191769
832800101770
342300131771
320800161772
632300191773
322800121774
328300151775
432800181776
302300111777
326800141778
232300171779
232050181780
382000111781
324050141782
032000171783
362050101784
322000131785
832050161786
342000191787
320050121788
632000151789
632002161790
322007191791
328002121792
432007151793
302002181794
326007111795
232002141796
382007171797
324002101798
032007131799
832002115800
342007118801
320002111802
632007114803
322002117804
328007110805
432002113806
302007116807
326002119808
232007112809
232900113810
382400116811
324900119812
032400112813
362900115814
322400118815
832900111816
342400114817
320900117818
632400110819
632060111820
322010114821
328060117822
432010110823
302060113824
326010116825
232060119826
382010112827
324060115828
032010118829
032003119830
362008112831
322003115832
832008118833
342003111834
320008114835
632003117836
322008110837
328003113838
432008116839
432000117840
302500110841
326000113842
232500116843
382000119844
324500112845
032000115846
362500118847
322000111848
832500114849
832070115850
342020118851
320070111852
632020114853
322070117854
328020110855
432070113856
302020116857
326070119858
232020112859
232004113860
382009116861
324004119862
032009112863
362004115864
322009118865
832004111866
342009114867
320004117868
632009110869
632100111870
322600114871
328100117872
432600110873
302100113874
326600116875
232100119876
382600112877
324100115878
032600118879
032080119880
362030112881
322080115882
832030118883
342080111884
320030114885
632080117886
322030110887
328080113888
432030116889
432005117890
302000110891
326005113892
232000116893
382005119894
324000112895
032005115896
362000118897
322005111898
832000114899
632005611900
322000911901
328005211902
432000511903
302005811904
326000111905
232005411906
382000711907
324005011908
032000311909
032200411910
362700711911
322200011912
832700311913
342200611914
320700911915
632200211916
322700511917
328200811918
432700111919
432090211920
302040511921
326090811922
232040111923
382090411924
324040711925
032090011926
362040311927
322090611928
832040911929
832006011930
342001311931
320006611932
632001911933
322006211934
328001511935
432006811936
302001111937
326006411938
232001711939
232300811940
382800111941
324300411942
032800711943
362300011944
322800311945
832300611946
342800911947
320300211948
632800511949
632000611950
322050911951
328000211952
432050511953
302000811954
326050111955
232000411956
382050711957
324000011958
032050311959
032007411960
362002711961
322007011962
832002311963
342007611964
320002911965
632007211966
322002511967
328007811968
432002111969
432400211970
302900511971
326400811972
232900111973
382400411974
324900711975
032400011976
362900311977
322400611978
832900911979
832010011980
342060311981
320010611982
632060911983
322010211984
328060511985
432010811986
302060111987
326010411988
232060711989
232008811990
382003111991
324008411992
032003711993
362008011994
322003311995
832008611996
342003911997
320008211998
632003511999
632007312000
322002612001
328007912002
432002212003
302007512004
326002812005
232007112006
382002412007
324007712008
032002012009
032400112010
362900412011
322400712012
832900012013
342400312014
320900612015
632400912016
322900212017
328400512018
432900812019
432010912020
302060212021
326010512022
232060812023
382010112024
324060412025
032010712026
362060012027
322010312028
832060612029
832008712030
342003012031
320008312032
632003612033
322008912034
328003212035
432008512036
302003812037
326008112038
232003412039
232500512040
382000812041
324500112042
032000412043
362500712044
322000012045
832500312046
342000612047
320500912048
632000212049
632020312050
322070612051
328020912052
432070212053
302020512054
326070812055
232020112056
382070412057
324020712058
032070012059
032009112060
362004412061
322009712062
832004012063
342009312064
320004612065
632009912066
322004212067
328009512068
432004812069
432600912070
302100212071
326600512072
232100812073
382600112074
324100412075
032600712076
362100012077
322600312078
832100612079
832030712080
342080012081
320030312082
632080612083
322030912084
328080212085
432030512086
302080812087
326030112088
232080412089
232000512090
382005812091
324000112092
032005412093
362000712094
322005012095
832000312096
342005612097
320000912098
632005212099
432000142100
302005172101
326000102102
232005132103
382000162104
324005192105
032000122106
362005152107
322000182108
832005112109
832700122110
342200152111
320700182112
632200112113
322700142114
328200172115
432700102116
302200132117
326700162118
232200192119
232040102120
382090132121
324040162122
032090192123
362040122124
322090152125
832040182126
342090112127
320040142128
632090172129
632001182130
322006112131
328001142132
432006172133
302001102134
326006132135
232001162136
382006192137
324001122138
032006152139
032800162140
362300192141
322800122142
832300152143
342800182144
320300112145
632800142146
322300172147
328800102148
432300132149
432050142150
302000172151
326050102152
232000132153
382050162154
324000192155
032050122156
362000152157
322050182158
832000112159
832002122160
342007152161
320002182162
632007112163
322002142164
328007172165
432002102166
302007132167
326002162168
232007192169
232900102170
382400132171
324900162172
032400192173
362900122174
322400152175
832900182176
342400112177
320900142178
632400172179
632060182180
322010112181
328060142182
432010172183
302060102184
326010132185
232060162186
382010192187
324060122188
032010152189
032003162190
362008192191
322003122192
832008152193
342003182194
320008112195
632003142196
322008172197
328003102198
432008132199
232003125200
382008128201
324003121202
032008124203
362003127204
322008120205
832003123206
342008126207
320003129208
632008122209
632000123210
322500126211
328000129212
432500122213
302000125214
326500128215
232000121216
382500124217
324000127218
032500120219
032070121220
362020124221
322070127222
832020120223
342070123224
320020126225
632070129226
322020122227
328070125228
432020128229
432004129230
302009122231
326004125232
232009128233
382004121234
324009124235
032004127236
362009120237
322004123238
832009126239
832100127240
342600120241
320100123242
632600126243
322100129244
328600122245
432100125246
302600128247
326100121248
232600124249
232080125250
382030128251
324080121252
032030124253
362080127254
322030120255
832080123256
342030126257
320080129258
632030122259
632005123260
322000126261
328005129262
432000122263
302005125264
326000128265
232005121266
382000124267
324005127268
032000120269
032200121270
362700124271
322200127272
832700120273
342200123274
320700126275
632200129276
322700122277
328200125278
432700128279
432090129280
302040122281
326090125282
232040128283
382090121284
324040124285
032090127286
362040120287
322090123288
832040126289
832006127290
342001120291
320006123292
632001126293
322006129294
328001122295
432006125296
302001128297
326006121298
232001124299
032006612300
362001912301
322006212302
832001512303
342006812304
320001112305
632006412306
322001712307
328006012308
432001312309
432300412310
302800712311
326300012312
232800312313
382300612314
324800912315
032300212316
362800512317
322300812318
832800112319
832000212320
342050512321
320000812322
632050112323
322000412324
328050712325
432000012326
302050312327
326000612328
232050912329
232007012330
382002312331
324007612332
032002912333
362007212334
322002512335
832007812336
342002112337
320007412338
632002712339
632400812340
322900112341
328400412342
432900712343
302400012344
326900312345
232400612346
382900912347
324400212348
032900512349
032010612350
362060912351
322010212352
832060512353
342010812354
320060112355
632010412356
322060712357
328010012358
432060312359
432008412360
302003712361
326008012362
232003312363
382008612364
324003912365
032008212366
362003512367
322008812368
832003112369
832500212370
342000512371
320500812372
632000112373
322500412374
328000712375
432500012376
302000312377
326500612378
232000912379
232020012380
382070312381
324020612382
032070912383
362020212384
322070512385
832020812386
342070112387
320020412388
632070712389
632009812390
322004112391
328009412392
432004712393
302009012394
326004312395
232009612396
382004912397
324009212398
032004512399
832009172400
342004102401
320009132402
632004162403
322009192404
328004122405
432009152406
302004182407
326009112408
232004142409
232600152410
382100182411
324600112412
032100142413
362600172414
322100102415
832600132416
342100162417
320600192418
632100122419
632030132420
322080162421
328030192422
432080122423
302030152424
326080182425
232030112426
382080142427
324030172428
032080102429
032000112430
362005142431
322000172432
832005102433
342000132434
320005162435
632000192436
322005122437
328000152438
432005182439
432700192440
302200122441
326700152442
232200182443
382700112444
324200142445
032700172446
362200102447
322700132448
832200162449
832040172450
342090102451
320040132452
632090162453
322040192454
328090122455
432040152456
302090182457
326040112458
232090142459
232001152460
382006182461
324001112462
032006142463
362001172464
322006102465
832001132466
342006162467
320001192468
632006122469
632800132470
322300162471
328800192472
432300122473
302800152474
326300182475
232800112476
382300142477
324800172478
032300102479
032050112480
362000142481
322050172482
832000102483
342050132484
320000162485
632050192486
322000122487
328050152488
432000182489
432002192490
302007122491
326002152492
232007182493
382002112494
324007142495
032002172496
362007102497
322002132498
832007162499
632002128500
322007121501
328002124502
432007127503
302002120504
326007123505
232002126506
382007129507
324002122508
032007125509
032900126510
362400129511
322900122512
832400125513
342900128514
320400121515
632900124516
322400127517
328900120518
432400123519
432060124520
302010127521
326060120522
232010123523
382060126524
324010129525
032060122526
362010125527
322060128528
832010121529
832003122530
342008125531
320003128532
632008121533
322003124534
328008127535
432003120536
302008123537
326003126538
232008129539
232000120540
382500123541
324000126542
032500129543
362000122544
322500125545
832000128546
342500121547
320000124548
632500127549
632070128550
322020121551
328070124552
432020127553
302070120554
326020123555
232070126556
382020129557
324070122558
032020125559
032004126560
362009129561
322004122562
832009125563
342004128564
320009121565
632004124566
322009127567
328004120568
432009123569
432100124570
302600127571
326100120572
232600123573
382100126574
324600129575
032100122576
362600125577
322100128578
832600121579
832080122580
342030125581
320080128582
632030121583
322080124584
328030127585
432080120586
302030123587
326080126588
232030129589
232005120590
382000123591
324005126592
032000129593
362005122594
322000125595
832005128596
342000121597
320005124598
632000127599
432005912600
302000212601
326005512602
232000812603
382005112604
324000412605
032005712606
362000012607
322005312608
832000612609
832200712610
342700012611
320200312612
632700612613
322200912614
328700212615
432200512616
302700812617
326200112618
232700412619
232090512620
382040812621
324090112622
032040412623
362090712624
322040012625
832090312626
342040612627
320090912628
632040212629
632006312630
322001612631
328006912632
432001212633
302006512634
326001812635
232006112636
382001412637
324006712638
032001012639
032300112640
362800412641
322300712642
832800012643
342300312644
320800612645
632300912646
322800212647
328300512648
432800812649
432000912650
302050212651
326000512652
232050812653
382000112654
324050412655
032000712656
362050012657
322000312658
832050612659
832007712660
342002012661
320007312662
632002612663
322007912664
328002212665
432007512666
302002812667
326007112668
232002412669
232400512670
382900812671
324400112672
032900412673
362400712674
322900012675
832400312676
342900612677
320400912678
632900212679
632010312680
322060612681
328010912682
432060212683
302010512684
326060812685
232010112686
382060412687
324010712688
032060012689
032008112690
362003412691
322008712692
832003012693
342008312694
320003612695
632008912696
322003212697
328008512698
432003812699
232008102700
382003132701
324008162702
032003192703
362008122704
322003152705
832008182706
342003112707
320008142708
632003172709
632500182710
322000112711
328500142712
432000172713
302500102714
326000132715
232500162716
382000192717
324500122718
032000152719
032020162720
362070192721
322020122722
832070152723
342020182724
320070112725
632020142726
322070172727
328020102728
432070132729
432009142730
302004172731
326009102732
232004132733
382009162734
324004192735
032009122736
362004152737
322009182738
832004112739
832600122740
342100152741
320600182742
632100112743
322600142744
328100172745
432600102746
302100132747
326600162748
232100192749
232030102750
382080132751
324030162752
032080192753
362030122754
322080152755
832030182756
342080112757
320030142758
632080172759
632000182760
322005112761
328000142762
432005172763
302000102764
326005132765
232000162766
382005192767
324000122768
032005152769
032700162770
362200192771
322700122772
832200152773
342700182774
320200112775
632700142776
322200172777
328700102778
432200132779
432040142780
302090172781
326040102782
232090132783
382040162784
324090192785
032040122786
362090152787
322040182788
832090112789
832001122790
342006152791
320001182792
632006112793
322001142794
328006172795
432001102796
302006132797
326001162798
232006192799
032001121800
362006124801
322001127802
832006120803
342001123804
320006126805
632001129806
322006122807
328001125808
432006128809
432800129810
302300122811
326800125812
232300128813
382800121814
324300124815
032800127816
362300120817
322800123818
832300126819
832050127820
342000120821
320050123822
632000126823
322050129824
328000122825
432050125826
302000128827
326050121828
232000124829
232002125830
382007128831
324002121832
032007124833
362002127834
322007120835
832002123836
342007126837
320002129838
632007122839
632900123840
322400126841
328900129842
432400122843
302900125844
326400128845
232900121846
382400124847
324900127848
032400120849
032060121850
362010124851
322060127852
832010120853
342060123854
320010126855
632060129856
322010122857
328060125858
432010128859
432003129860
302008122861
326003125862
232008128863
382003121864
324008124865
032003127866
362008120867
322003123868
832008126869
832000127870
342500120871
320000123872
632500126873
322000129874
328500122875
432000125876
302500128877
326000121878
232500124879
232070125880
382020128881
324070121882
032020124883
362070127884
322020120885
832070123886
342020126887
320070129888
632020122889
632004123890
322009126891
328004129892
432009122893
302004125894
326009128895
232004121896
382009124897
324004127898
032009120899
832004212900
342009512901
320004812902
632009112903
322004412904
328009712905
432004012906
302009312907
326004612908
232009912909
232100012910
382600312911
324100612912
032600912913
362100212914
322600512915
832100812916
342600112917
320100412918
632600712919
632080812920
322030112921
328080412922
432030712923
302080012924
326030312925
232080612926
382030912927
324080212928
032030512929
032005612930
362000912931
322005212932
832000512933
342005812934
320000112935
632005412936
322000712937
328005012938
432000312939
432200412940
302700712941
326200012942
232700312943
382200612944
324700912945
032200212946
362700512947
322200812948
832700112949
832090212950
342040512951
320090812952
632040112953
322090412954
328040712955
432090012956
302040312957
326090612958
232040912959
232006012960
382001312961
324006612962
032001912963
362006212964
322001512965
832006812966
342001112967
320006412968
632001712969
632300812970
322800112971
328300412972
432800712973
302300012974
326800312975
232300612976
382800912977
324300212978
032800512979
032000612980
362050912981
322000212982
832050512983
342000812984
320050112985
632000412986
322050712987
328000012988
432050312989
432007412990
302002712991
326007012992
232002312993
382007612994
324002912995
032007212996
362002512997
322007812998
832002112999
832006913000
342001213001
320006513002
632001813003
322006113004
328001413005
432006713006
302001013007
326006313008
232001613009
232300713010
382800013011
324300313012
032800613013
362300913014
322800213015
832300513016
342800813017
320300113018
632800413019
632000513020
322050813021
328000113022
432050413023
302000713024
326050013025
232000313026
382050613027
324000913028
032050213029
032007313030
362002613031
322007913032
832002213033
342007513034
320002813035
632007113036
322002413037
328007713038
432002013039
432400113040
302900413041
326400713042
232900013043
382400313044
324900613045
032400913046
362900213047
322400513048
832900813049
832010913050
342060213051
320010513052
632060813053
322010113054
328060413055
432010713056
302060013057
326010313058
232060613059
232008713060
382003013061
324008313062
032003613063
362008913064
322003213065
832008513066
342003813067
320008113068
632003413069
632500513070
322000813071
328500113072
432000413073
302500713074
326000013075
232500313076
382000613077
324500913078
032000213079
032020313080
362070613081
322020913082
832070213083
342020513084
320070813085
632020113086
322070413087
328020713088
432070013089
432009113090
302004413091
326009713092
232004013093
382009313094
324004613095
032009913096
362004213097
322009513098
832004813099
632009103100
322004133101
328009163102
432004193103
302009123104
326004153105
232009183106
382004113107
324009143108
032004173109
032600183110
362100113111
322600143112
832100173113
342600103114
320100133115
632600163116
322100193117
328600123118
432100153119
432030163120
302080193121
326030123122
232080153123
382030183124
324080113125
032030143126
362080173127
322030103128
832080133129
832000143130
342005173131
320000103132
632005133133
322000163134
328005193135
432000123136
302005153137
326000183138
232005113139
232700123140
382200153141
324700183142
032200113143
362700143144
322200173145
832700103146
342200133147
320700163148
632200193149
632040103150
322090133151
328040163152
432090193153
302040123154
326090153155
232040183156
382090113157
324040143158
032090173159
032001183160
362006113161
322001143162
832006173163
342001103164
320006133165
632001163166
322006193167
328001123168
432006153169
432800163170
302300193171
326800123172
232300153173
382800183174
324300113175
032800143176
362300173177
322800103178
832300133179
832050143180
342000173181
320050103182
632000133183
322050163184
328000193185
432050123186
302000153187
326050183188
232000113189
232002123190
382007153191
324002183192
032007113193
362002143194
322007173195
832002103196
342007133197
320002163198
632007193199
432002131200
302007134201
326002137202
232007130203
382002133204
324007136205
032002139206
362007132207
322002135208
832007138209
832900139210
342400132211
320900135212
632400138213
322900131214
328400134215
432900137216
302400130217
326900133218
232400136219
232060137220
382010130221
324060133222
032010136223
362060139224
322010132225
832060135226
342010138227
320060131228
632010134229
632003135230
322008138231
328003131232
432008134233
302003137234
326008130235
232003133236
382008136237
324003139238
032008132239
032000133240
362500136241
322000139242
832500132243
342000135244
320500138245
632000131246
322500134247
328000137248
432500130249
432070131250
302020134251
326070137252
232020130253
382070133254
324020136255
032070139256
362020132257
322070135258
832020138259
832004139260
342009132261
320004135262
632009138263
322004131264
328009134265
432004137266
302009130267
326004133268
232009136269
232100137270
382600130271
324100133272
032600136273
362100139274
322600132275
832100135276
342600138277
320100131278
632600134279
632080135280
322030138281
328080131282
432030134283
302080137284
326030130285
232080133286
382030136287
324080139288
032030132289
032005133290
362000136291
322005139292
832000132293
342005135294
320000138295
632005131296
322000134297
328005137298
432000130299
232005213300
382000513301
324005813302
032000113303
362005413304
322000713305
832005013306
342000313307
320005613308
632000913309
632200013310
322700313311
328200613312
432700913313
302200213314
326700513315
232200813316
382700113317
324200413318
032700713319
032090813320
362040113321
322090413322
832040713323
342090013324
320040313325
632090613326
322040913327
328090213328
432040513329
432006613330
302001913331
326006213332
232001513333
382006813334
324001113335
032006413336
362001713337
322006013338
832001313339
832300413340
342800713341
320300013342
632800313343
322300613344
328800913345
432300213346
302800513347
326300813348
232800113349
232000213350
382050513351
324000813352
032050113353
362000413354
322050713355
832000013356
342050313357
320000613358
632050913359
632007013360
322002313361
328007613362
432002913363
302007213364
326002513365
232007813366
382002113367
324007413368
032002713369
032400813370
362900113371
322400413372
832900713373
342400013374
320900313375
632400613376
322900913377
328400213378
432900513379
432010613380
302060913381
326010213382
232060513383
382010813384
324060113385
032010413386
362060713387
322010013388
832060313389
832008413390
342003713391
320008013392
632003313393
322008613394
328003913395
432008213396
302003513397
326008813398
232003113399
032008133400
362003163401
322008193402
832003123403
342008153404
320003183405
632008113406
322003143407
328008173408
432003103409
432500113410
302000143411
326500173412
232000103413
382500133414
324000163415
032500193416
362000123417
322500153418
832000183419
832020193420
342070123421
320020153422
632070183423
322020113424
328070143425
432020173426
302070103427
326020133428
232070163429
232009173430
382004103431
324009133432
032004163433
362009193434
322004123435
832009153436
342004183437
320009113438
632004143439
632600153440
322100183441
328600113442
432100143443
302600173444
326100103445
232600133446
382100163447
324600193448
032100123449
032030133450
362080163451
322030193452
832080123453
342030153454
320080183455
632030113456
322080143457
328030173458
432080103459
432000113460
302005143461
326000173462
232005103463
382000133464
324005163465
032000193466
362005123467
322000153468
832005183469
832700193470
342200123471
320700153472
632200183473
322700113474
328200143475
432700173476
302200103477
326700133478
232200163479
232040173480
382090103481
324040133482
032090163483
362040193484
322090123485
832040153486
342090183487
320040113488
632090143489
632001153490
322006183491
328001113492
432006143493
302001173494
326006103495
232001133496
382006163497
324001193498
032006123499
832001134500
342006137501
320001130502
632006133503
322001136504
328006139505
432001132506
302006135507
326001138508
232006131509
232800132510
382300135511
324800138512
032300131513
362800134514
322300137515
832800130516
342300133517
320800136518
632300139519
632050130520
322000133521
328050136522
432000139523
302050132524
326000135525
232050138526
382000131527
324050134528
032000137529
032002138530
362007131531
322002134532
832007137533
342002130534
320007133535
632002136536
322007139537
328002132538
432007135539
432900136540
302400139541
326900132542
232400135543
382900138544
324400131545
032900134546
362400137547
322900130548
832400133549
832060134550
342010137551
320060130552
632010133553
322060136554
328010139555
432060132556
302010135557
326060138558
232010131559
232003132560
382008135561
324003138562
032008131563
362003134564
322008137565
832003130566
342008133567
320003136568
632008139569
632000130570
322500133571
328000136572
432500139573
302000132574
326500135575
232000138576
382500131577
324000134578
032500137579
032070138580
362020131581
322070134582
832020137583
342070130584
320020133585
632070136586
322020139587
328070132588
432020135589
432004136590
302009139591
326004132592
232009135593
382004138594
324009131595
032004134596
362009137597
322004130598
832009133599
632004513600
322009813601
328004113602
432009413603
302004713604
326009013605
232004313606
382009613607
324004913608
032009213609
032100313610
362600613611
322100913612
832600213613
342100513614
320600813615
632100113616
322600413617
328100713618
432600013619
432080113620
302030413621
326080713622
232030013623
382080313624
324030613625
032080913626
362030213627
322080513628
832030813629
832005913630
342000213631
320005513632
632000813633
322005113634
328000413635
432005713636
302000013637
326005313638
232000613639
232200713640
382700013641
324200313642
032700613643
362200913644
322700213645
832200513646
342700813647
320200113648
632700413649
632090513650
322040813651
328090113652
432040413653
302090713654
326040013655
232090313656
382040613657
324090913658
032040213659
032006313660
362001613661
322006913662
832001213663
342006513664
320001813665
632006113666
322001413667
328006713668
432001013669
432300113670
302800413671
326300713672
232800013673
382300313674
324800613675
032300913676
362800213677
322300513678
832800813679
832000913680
342050213681
320000513682
632050813683
322000113684
328050413685
432000713686
302050013687
326000313688
232050613689
232007713690
382002013691
324007313692
032002613693
362007913694
322002213695
832007513696
342002813697
320007113698
632002413699
432007163700
302002193701
326007123702
232002153703
382007183704
324002113705
032007143706
362002173707
322007103708
832002133709
832400143710
342900173711
320400103712
632900133713
322400163714
328900193715
432400123716
302900153717
326400183718
232900113719
232010123720
382060153721
324010183722
032060113723
362010143724
322060173725
832010103726
342060133727
320010163728
632060193729
632008103730
322003133731
328008163732
432003193733
302008123734
326003153735
232008183736
382003113737
324008143738
032003173739
032500183740
362000113741
322500143742
832000173743
342500103744
320000133745
632500163746
322000193747
328500123748
432000153749
432020163750
302070193751
326020123752
232070153753
382020183754
324070113755
032020143756
362070173757
322020103758
832070133759
832009143760
342004173761
320009103762
632004133763
322009163764
328004193765
432009123766
302004153767
326009183768
232004113769
232600123770
382100153771
324600183772
032100113773
362600143774
322100173775
832600103776
342100133777
320600163778
632100193779
632030103780
322080133781
328030163782
432080193783
302030123784
326080153785
232030183786
382080113787
324030143788
032080173789
032000183790
362005113791
322000143792
832005173793
342000103794
320005133795
632000163796
322005193797
328000123798
432005153799
232000137800
382005130801
324000133802
032005136803
362000139804
322005132805
832000135806
342005138807
320000131808
632005134809
632700135810
322200138811
328700131812
432200134813
302700137814
326200130815
232700133816
382200136817
324700139818
032200132819
032040133820
362090136821
322040139822
832090132823
342040135824
320090138825
632040131826
322090134827
328040137828
432090130829
432001131830
302006134831
326001137832
232006130833
382001133834
324006136835
032001139836
362006132837
322001135838
832006138839
832800139840
342300132841
320800135842
632300138843
322800131844
328300134845
432800137846
302300130847
326800133848
232300136849
232050137850
382000130851
324050133852
032000136853
362050139854
322000132855
832050135856
342000138857
320050131858
632000134859
632002135860
322007138861
328002131862
432007134863
302002137864
326007130865
232002133866
382007136867
324002139868
032007132869
032900133870
362400136871
322900139872
832400132873
342900135874
320400138875
632900131876
322400134877
328900137878
432400130879
432060131880
302010134881
326060137882
232010130883
382060133884
324010136885
032060139886
362010132887
322060135888
832010138889
832003139890
342008132891
320003135892
632008138893
322003131894
328008134895
432003137896
302008130897
326003133898
232008136899
032003813900
362008113901
322003413902
832008713903
342003013904
320008313905
632003613906
322008913907
328003213908
432008513909
432000613910
302500913911
326000213912
232500513913
382000813914
324500113915
032000413916
362500713917
322000013918
832500313919
832070413920
342020713921
320070013922
632020313923
322070613924
328020913925
432070213926
302020513927
326070813928
232020113929
232004213930
382009513931
324004813932
032009113933
362004413934
322009713935
832004013936
342009313937
320004613938
632009913939
632100013940
322600313941
328100613942
432600913943
302100213944
326600513945
232100813946
382600113947
324100413948
032600713949
032080813950
362030113951
322080413952
832030713953
342080013954
320030313955
632080613956
322030913957
328080213958
432030513959
432005613960
302000913961
326005213962
232000513963
382005813964
324000113965
032005413966
362000713967
322005013968
832000313969
832200413970
342700713971
320200013972
632700313973
322200613974
328700913975
432200213976
302700513977
326200813978
232700113979
232090213980
382040513981
324090813982
032040113983
362090413984
322040713985
832090013986
342040313987
320090613988
632040913989
632006013990
322001313991
328006613992
432001913993
302006213994
326001513995
232006813996
382001113997
324006413998
032001713999
032005514000
362000814001
322005114002
832000414003
342005714004
320000014005
632005314006
322000614007
328005914008
432000214009
432200314010
302700614011
326200914012
232700214013
382200514014
324700814015
032200114016
362700414017
322200714018
832700014019
832090114020
342040414021
320090714022
632040014023
322090314024
328040614025
432090914026
302040214027
326090514028
232040814029
232006914030
382001214031
324006514032
032001814033
362006114034
322001414035
832006714036
342001014037
320006314038
632001614039
632300714040
322800014041
328300314042
432800614043
302300914044
326800214045
232300514046
382800814047
324300114048
032800414049
032000514050
362050814051
322000114052
832050414053
342000714054
320050014055
632000314056
322050614057
328000914058
432050214059
432007314060
302002614061
326007914062
232002214063
382007514064
324002814065
032007114066
362002414067
322007714068
832002014069
832400114070
342900414071
320400714072
632900014073
322400314074
328900614075
432400914076
302900214077
326400514078
232900814079
232010914080
382060214081
324010514082
032060814083
362010114084
322060414085
832010714086
342060014087
320010314088
632060614089
632008714090
322003014091
328008314092
432003614093
302008914094
326003214095
232008514096
382003814097
324008114098
032003414099
832008164100
342003194101
320008124102
632003154103
322008184104
328003114105
432008144106
302003174107
326008104108
232003134109
232500144110
382000174111
324500104112
032000134113
362500164114
322000194115
832500124116
342000154117
320500184118
632000114119
632020124120
322070154121
328020184122
432070114123
302020144124
326070174125
232020104126
382070134127
324020164128
032070194129
032009104130
362004134131
322009164132
832004194133
342009124134
320004154135
632009184136
322004114137
328009144138
432004174139
432600184140
302100114141
326600144142
232100174143
382600104144
324100134145
032600164146
362100194147
322600124148
832100154149
832030164150
342080194151
320030124152
632080154153
322030184154
328080114155
432030144156
302080174157
326030104158
232080134159
232000144160
382005174161
324000104162
032005134163
362000164164
322005194165
832000124166
342005154167
320000184168
632005114169
632700124170
322200154171
328700184172
432200114173
302700144174
326200174175
232700104176
382200134177
324700164178
032200194179
032040104180
362090134181
322040164182
832090194183
342040124184
320090154185
632040184186
322090114187
328040144188
432090174189
432001184190
302006114191
326001144192
232006174193
382001104194
324006134195
032001164196
362006194197
322001124198
832006154199
632001147200
322006140201
328001143202
432006146203
302001149204
326006142205
232001145206
382006148207
324001141208
032006144209
032800145210
362300148211
322800141212
832300144213
342800147214
320300140215
632800143216
322300146217
328800149218
432300142219
432050143220
302000146221
326050149222
232000142223
382050145224
324000148225
032050141226
362000144227
322050147228
832000140229
832002141230
342007144231
320002147232
632007140233
322002143234
328007146235
432002149236
302007142237
326002145238
232007148239
232900149240
382400142241
324900145242
032400148243
362900141244
322400144245
832900147246
342400140247
320900143248
632400146249
632060147250
322010140251
328060143252
432010146253
302060149254
326010142255
232060145256
382010148257
324060141258
032010144259
032003145260
362008148261
322003141262
832008144263
342003147264
320008140265
632003143266
322008146267
328003149268
432008142269
432000143270
302500146271
326000149272
232500142273
382000145274
324500148275
032000141276
362500144277
322000147278
832500140279
832070141280
342020144281
320070147282
632020140283
322070143284
328020146285
432070149286
302020142287
326070145288
232020148289
232004149290
382009142291
324004145292
032009148293
362004141294
322009144295
832004147296
342009140297
320004143298
632009146299
432004814300
302009114301
326004414302
232009714303
382004014304
324009314305
032004614306
362009914307
322004214308
832009514309
832100614310
342600914311
320100214312
632600514313
322100814314
328600114315
432100414316
302600714317
326100014318
232600314319
232080414320
382030714321
324080014322
032030314323
362080614324
322030914325
832080214326
342030514327
320080814328
632030114329
632005214330
322000514331
328005814332
432000114333
302005414334
326000714335
232005014336
382000314337
324005614338
032000914339
032200014340
362700314341
322200614342
832700914343
342200214344
320700514345
632200814346
322700114347
328200414348
432700714349
432090814350
302040114351
326090414352
232040714353
382090014354
324040314355
032090614356
362040914357
322090214358
832040514359
832006614360
342001914361
320006214362
632001514363
322006814364
328001114365
432006414366
302001714367
326006014368
232001314369
232300414370
382800714371
324300014372
032800314373
362300614374
322800914375
832300214376
342800514377
320300814378
632800114379
632000214380
322050514381
328000814382
432050114383
302000414384
326050714385
232000014386
382050314387
324000614388
032050914389
032007014390
362002314391
322007614392
832002914393
342007214394
320002514395
632007814396
322002114397
328007414398
432002714399
232007194400
382002124401
324007154402
032002184403
362007114404
322002144405
832007174406
342002104407
320007134408
632002164409
632400174410
322900104411
328400134412
432900164413
302400194414
326900124415
232400154416
382900184417
324400114418
032900144419
032010154420
362060184421
322010114422
832060144423
342010174424
320060104425
632010134426
322060164427
328010194428
432060124429
432008134430
302003164431
326008194432
232003124433
382008154434
324003184435
032008114436
362003144437
322008174438
832003104439
832500114440
342000144441
320500174442
632000104443
322500134444
328000164445
432500194446
302000124447
326500154448
232000184449
232020194450
382070124451
324020154452
032070184453
362020114454
322070144455
832020174456
342070104457
320020134458
632070164459
632009174460
322004104461
328009134462
432004164463
302009194464
326004124465
232009154466
382004184467
324009114468
032004144469
032600154470
362100184471
322600114472
832100144473
342600174474
320100104475
632600134476
322100164477
328600194478
432100124479
432030134480
302080164481
326030194482
232080124483
382030154484
324080184485
032030114486
362080144487
322030174488
832080104489
832000114490
342005144491
320000174492
632005104493
322000134494
328005164495
432000194496
302005124497
326000154498
232005184499
032000140500
362005143501
322000146502
832005149503
342000142504
320005145505
632000148506
322005141507
328000144508
432005147509
432700148510
302200141511
326700144512
232200147513
382700140514
324200143515
032700146516
362200149517
322700142518
832200145519
832040146520
342090149521
320040142522
632090145523
322040148524
328090141525
432040144526
302090147527
326040140528
232090143529
232001144530
382006147531
324001140532
032006143533
362001146534
322006149535
832001142536
342006145537
320001148538
632006141539
632800142540
322300145541
328800148542
432300141543
302800144544
326300147545
232800140546
382300143547
324800146548
032300149549
032050140550
362000143551
322050146552
832000149553
342050142554
320000145555
632050148556
322000141557
328050144558
432000147559
432002148560
302007141561
326002144562
232007147563
382002140564
324007143565
032002146566
362007149567
322002142568
832007145569
832900146570
342400149571
320900142572
632400145573
322900148574
328400141575
432900144576
302400147577
326900140578
232400143579
232060144580
382010147581
324060140582
032010143583
362060146584
322010149585
832060142586
342010145587
320060148588
632010141589
632003142590
322008145591
328003148592
432008141593
302003144594
326008147595
232003140596
382008143597
324003146598
032008149599
832003114600
342008414601
320003714602
632008014603
322003314604
328008614605
432003914606
302008214607
326003514608
232008814609
232000914610
382500214611
324000514612
032500814613
362000114614
322500414615
832000714616
342500014617
320000314618
632500614619
632070714620
322020014621
328070314622
432020614623
302070914624
326020214625
232070514626
382020814627
324070114628
032020414629
032004514630
362009814631
322004114632
832009414633
342004714634
320009014635
632004314636
322009614637
328004914638
432009214639
432100314640
302600614641
326100914642
232600214643
382100514644
324600814645
032100114646
362600414647
322100714648
832600014649
832080114650
342030414651
320080714652
632030014653
322080314654
328030614655
432080914656
302030214657
326080514658
232030814659
232005914660
382000214661
324005514662
032000814663
362005114664
322000414665
832005714666
342000014667
320005314668
632000614669
632200714670
322700014671
328200314672
432700614673
302200914674
326700214675
232200514676
382700814677
324200114678
032700414679
032090514680
362040814681
322090114682
832040414683
342090714684
320040014685
632090314686
322040614687
328090914688
432040214689
432006314690
302001614691
326006914692
232001214693
382006514694
324001814695
032006114696
362001414697
322006714698
832001014699
632006124700
322001154701
328006184702
432001114703
302006144704
326001174705
232006104706
382001134707
324006164708
032001194709
032300104710
362800134711
322300164712
832800194713
342300124714
320800154715
632300184716
322800114717
328300144718
432800174719
432000184720
302050114721
326000144722
232050174723
382000104724
324050134725
032000164726
362050194727
322000124728
832050154729
832007164730
342002194731
320007124732
632002154733
322007184734
328002114735
432007144736
302002174737
326007104738
232002134739
232400144740
382900174741
324400104742
032900134743
362400164744
322900194745
832400124746
342900154747
320400184748
632900114749
632010124750
322060154751
328010184752
432060114753
302010144754
326060174755
232010104756
382060134757
324010164758
032060194759
032008104760
362003134761
322008164762
832003194763
342008124764
320003154765
632008184766
322003114767
328008144768
432003174769
432500184770
302000114771
326500144772
232000174773
382500104774
324000134775
032500164776
362000194777
322500124778
832000154779
832020164780
342070194781
320020124782
632070154783
322020184784
328070114785
432020144786
302070174787
326020104788
232070134789
232009144790
382004174791
324009104792
032004134793
362009164794
322004194795
832009124796
342004154797
320009184798
632004114799
432009143800
302004146801
326009149802
232004142803
382009145804
324004148805
032009141806
362004144807
322009147808
832004140809
832600141810
342100144811
320600147812
632100140813
322600143814
328100146815
432600149816
302100142817
326600145818
232100148819
232030149820
382080142821
324030145822
032080148823
362030141824
322080144825
832030147826
342080140827
320030143828
632080146829
632000147830
322005140831
328000143832
432005146833
302000149834
326005142835
232000145836
382005148837
324000141838
032005144839
032700145840
362200148841
322700141842
832200144843
342700147844
320200140845
632700143846
322200146847
328700149848
432200142849
432040143850
302090146851
326040149852
232090142853
382040145854
324090148855
032040141856
362090144857
322040147858
832090140859
832001141860
342006144861
320001147862
632006140863
322001143864
328006146865
432001149866
302006142867
326001145868
232006148869
232800149870
382300142871
324800145872
032300148873
362800141874
322300144875
832800147876
342300140877
320800143878
632300146879
632050147880
322000140881
328050143882
432000146883
302050149884
326000142885
232050145886
382000148887
324050141888
032000144889
032002145890
362007148891
322002141892
832007144893
342002147894
320007140895
632002143896
322007146897
328002149898
432007142899
232002414900
382007714901
324002014902
032007314903
362002614904
322007914905
832002214906
342007514907
320002814908
632007114909
632900214910
322400514911
328900814912
432400114913
302900414914
326400714915
232900014916
382400314917
324900614918
032400914919
032060014920
362010314921
322060614922
832010914923
342060214924
320010514925
632060814926
322010114927
328060414928
432010714929
432003814930
302008114931
326003414932
232008714933
382003014934
324008314935
032003614936
362008914937
322003214938
832008514939
832000614940
342500914941
320000214942
632500514943
322000814944
328500114945
432000414946
302500714947
326000014948
232500314949
232070414950
382020714951
324070014952
032020314953
362070614954
322020914955
832070214956
342020514957
320070814958
632020114959
632004214960
322009514961
328004814962
432009114963
302004414964
326009714965
232004014966
382009314967
324004614968
032009914969
032100014970
362600314971
322100614972
832600914973
342100214974
320600514975
632100814976
322600114977
328100414978
432600714979
432080814980
302030114981
326080414982
232030714983
382080014984
324030314985
032080614986
362030914987
322080214988
832030514989
832005614990
342000914991
320005214992
632000514993
322005814994
328000114995
432005414996
302000714997
326005014998
232000314999
232004115000
382009415001
324004715002
032009015003
362004315004
322009615005
832004915006
342009215007
320004515008
632009815009
632100915010
322600215011
328100515012
432600815013
302100115014
326600415015
232100715016
382600015017
324100315018
032600615019
032080715020
362030015021
322080315022
832030615023
342080915024
320030215025
632080515026
322030815027
328080115028
432030415029
432005515030
302000815031
326005115032
232000415033
382005715034
324000015035
032005315036
362000615037
322005915038
832000215039
832200315040
342700615041
320200915042
632700215043
322200515044
328700815045
432200115046
302700415047
326200715048
232700015049
232090115050
382040415051
324090715052
032040015053
362090315054
322040615055
832090915056
342040215057
320090515058
632040815059
632006915060
322001215061
328006515062
432001815063
302006115064
326001415065
232006715066
382001015067
324006315068
032001615069
032300715070
362800015071
322300315072
832800615073
342300915074
320800215075
632300515076
322800815077
328300115078
432800415079
432000515080
302050815081
326000115082
232050415083
382000715084
324050015085
032000315086
362050615087
322000915088
832050215089
832007315090
342002615091
320007915092
632002215093
322007515094
328002815095
432007115096
302002415097
326007715098
232002015099
032007125100
362002155101
322007185102
832002115103
342007145104
320002175105
632007105106
322002135107
328007165108
432002195109
432400105110
302900135111
326400165112
232900195113
382400125114
324900155115
032400185116
362900115117
322400145118
832900175119
832010185120
342060115121
320010145122
632060175123
322010105124
328060135125
432010165126
302060195127
326010125128
232060155129
232008165130
382003195131
324008125132
032003155133
362008185134
322003115135
832008145136
342003175137
320008105138
632003135139
632500145140
322000175141
328500105142
432000135143
302500165144
326000195145
232500125146
382000155147
324500185148
032000115149
032020125150
362070155151
322020185152
832070115153
342020145154
320070175155
632020105156
322070135157
328020165158
432070195159
432009105160
302004135161
326009165162
232004195163
382009125164
324004155165
032009185166
362004115167
322009145168
832004175169
832600185170
342100115171
320600145172
632100175173
322600105174
328100135175
432600165176
302100195177
326600125178
232100155179
232030165180
382080195181
324030125182
032080155183
362030185184
322080115185
832030145186
342080175187
320030105188
632080135189
632000145190
322005175191
328000105192
432005135193
302000165194
326005195195
232000125196
382005155197
324000185198
032005115199
832000153200
342005156201
320000159202
632005152203
322000155204
328005158205
432000151206
302005154207
326000157208
232005150209
232700151210
382200154211
324700157212
032200150213
362700153214
322200156215
832700159216
342200152217
320700155218
632200158219
632040159220
322090152221
328040155222
432090158223
302040151224
326090154225
232040157226
382090150227
324040153228
032090156229
032001157230
362006150231
322001153232
832006156233
342001159234
320006152235
632001155236
322006158237
328001151238
432006154239
432800155240
302300158241
326800151242
232300154243
382800157244
324300150245
032800153246
362300156247
322800159248
832300152249
832050153250
342000156251
320050159252
632000152253
322050155254
328000158255
432050151256
302000154257
326050157258
232000150259
232002151260
382007154261
324002157262
032007150263
362002153264
322007156265
832002159266
342007152267
320002155268
632007158269
632900159270
322400152271
328900155272
432400158273
302900151274
326400154275
232900157276
382400150277
324900153278
032400156279
032060157280
362010150281
322060153282
832010156283
342060159284
320010152285
632060155286
322010158287
328060151288
432010154289
432003155290
302008158291
326003151292
232008154293
382003157294
324008150295
032003153296
362008156297
322003159298
832008152299
632003415300
322008715301
328003015302
432008315303
302003615304
326008915305
232003215306
382008515307
324003815308
032008115309
032000215310
362500515311
322000815312
832500115313
342000415314
320500715315
632000015316
322500315317
328000615318
432500915319
432070015320
302020315321
326070615322
232020915323
382070215324
324020515325
032070815326
362020115327
322070415328
832020715329
832004815330
342009115331
320004415332
632009715333
322004015334
328009315335
432004615336
302009915337
326004215338
232009515339
232100615340
382600915341
324100215342
032600515343
362100815344
322600115345
832100415346
342600715347
320100015348
632600315349
632080415350
322030715351
328080015352
432030315353
302080615354
326030915355
232080215356
382030515357
324080815358
032030115359
032005215360
362000515361
322005815362
832000115363
342005415364
320000715365
632005015366
322000315367
328005615368
432000915369
432200015370
302700315371
326200615372
232700915373
382200215374
324700515375
032200815376
362700115377
322200415378
832700715379
832090815380
342040115381
320090415382
632040715383
322090015384
328040315385
432090615386
302040915387
326090215388
232040515389
232006615390
382001915391
324006215392
032001515393
362006815394
322001115395
832006415396
342001715397
320006015398
632001315399
432006155400
302001185401
326006115402
232001145403
382006175404
324001105405
032006135406
362001165407
322006195408
832001125409
832300135410
342800165411
320300195412
632800125413
322300155414
328800185415
432300115416
302800145417
326300175418
232800105419
232000115420
382050145421
324000175422
032050105423
362000135424
322050165425
832000195426
342050125427
320000155428
632050185429
632007195430
322002125431
328007155432
432002185433
302007115434
326002145435
232007175436
382002105437
324007135438
032002165439
032400175440
362900105441
322400135442
832900165443
342400195444
320900125445
632400155446
322900185447
328400115448
432900145449
432010155450
302060185451
326010115452
232060145453
382010175454
324060105455
032010135456
362060165457
322010195458
832060125459
832008135460
342003165461
320008195462
632003125463
322008155464
328003185465
432008115466
302003145467
326008175468
232003105469
232500115470
382000145471
324500175472
032000105473
362500135474
322000165475
832500195476
342000125477
320500155478
632000185479
632020195480
322070125481
328020155482
432070185483
302020115484
326070145485
232020175486
382070105487
324020135488
032070165489
032009175490
362004105491
322009135492
832004165493
342009195494
320004125495
632009155496
322004185497
328009115498
432004145499
232009156500
382004159501
324009152502
032004155503
362009158504
322004151505
832009154506
342004157507
320009150508
632004153509
632600154510
322100157511
328600150512
432100153513
302600156514
326100159515
232600152516
382100155517
324600158518
032100151519
032030152520
362080155521
322030158522
832080151523
342030154524
320080157525
632030150526
322080153527
328030156528
432080159529
432000150530
302005153531
326000156532
232005159533
382000152534
324005155535
032000158536
362005151537
322000154538
832005157539
832700158540
342200151541
320700154542
632200157543
322700150544
328200153545
432700156546
302200159547
326700152548
232200155549
232040156550
382090159551
324040152552
032090155553
362040158554
322090151555
832040154556
342090157557
320040150558
632090153559
632001154560
322006157561
328001150562
432006153563
302001156564
326006159565
232001152566
382006155567
324001158568
032006151569
032800152570
362300155571
322800158572
832300151573
342800154574
320300157575
632800150576
322300153577
328800156578
432300159579
432050150580
302000153581
326050156582
232000159583
382050152584
324000155585
032050158586
362000151587
322050154588
832000157589
832002158590
342007151591
320002154592
632007157593
322002150594
328007153595
432002156596
302007159597
326002152598
232007155599
032002715600
362007015601
322002315602
832007615603
342002915604
320007215605
632002515606
322007815607
328002115608
432007415609
432900515610
302400815611
326900115612
232400415613
382900715614
324400015615
032900315616
362400615617
322900915618
832400215619
832060315620
342010615621
320060915622
632010215623
322060515624
328010815625
432060115626
302010415627
326060715628
232010015629
232003115630
382008415631
324003715632
032008015633
362003315634
322008615635
832003915636
342008215637
320003515638
632008815639
632000915640
322500215641
328000515642
432500815643
302000115644
326500415645
232000715646
382500015647
324000315648
032500615649
032070715650
362020015651
322070315652
832020615653
342070915654
320020215655
632070515656
322020815657
328070115658
432020415659
432004515660
302009815661
326004115662
232009415663
382004715664
324009015665
032004315666
362009615667
322004915668
832009215669
832100315670
342600615671
320100915672
632600215673
322100515674
328600815675
432100115676
302600415677
326100715678
232600015679
232080115680
382030415681
324080715682
032030015683
362080315684
322030615685
832080915686
342030215687
320080515688
632030815689
632005915690
322000215691
328005515692
432000815693
302005115694
326000415695
232005715696
382000015697
324005315698
032000615699
832005185700
342000115701
320005145702
632000175703
322005105704
328000135705
432005165706
302000195707
326005125708
232000155709
232200165710
382700195711
324200125712
032700155713
362200185714
322700115715
832200145716
342700175717
320200105718
632700135719
632090145720
322040175721
328090105722
432040135723
302090165724
326040195725
232090125726
382040155727
324090185728
032040115729
032006125730
362001155731
322006185732
832001115733
342006145734
320001175735
632006105736
322001135737
328006165738
432001195739
432300105740
302800135741
326300165742
232800195743
382300125744
324800155745
032300185746
362800115747
322300145748
832800175749
832000185750
342050115751
320000145752
632050175753
322000105754
328050135755
432000165756
302050195757
326000125758
232050155759
232007165760
382002195761
324007125762
032002155763
362007185764
322002115765
832007145766
342002175767
320007105768
632002135769
632400145770
322900175771
328400105772
432900135773
302400165774
326900195775
232400125776
382900155777
324400185778
032900115779
032010125780
362060155781
322010185782
832060115783
342010145784
320060175785
632010105786
322060135787
328010165788
432060195789
432008105790
302003135791
326008165792
232003195793
382008125794
324003155795
032008185796
362003115797
322008145798
832003175799
632008159800
322003152801
328008155802
432003158803
302008151804
326003154805
232008157806
382003150807
324008153808
032003156809
032500157810
362000150811
322500153812
832000156813
342500159814
320000152815
632500155816
322000158817
328500151818
432000154819
432020155820
302070158821
326020151822
232070154823
382020157824
324070150825
032020153826
362070156827
322020159828
832070152829
832009153830
342004156831
320009159832
632004152833
322009155834
328004158835
432009151836
302004154837
326009157838
232004150839
232600151840
382100154841
324600157842
032100150843
362600153844
322100156845
832600159846
342100152847
320600155848
632100158849
632030159850
322080152851
328030155852
432080158853
302030151854
326080154855
232030157856
382080150857
324030153858
032080156859
032000157860
362005150861
322000153862
832005156863
342000159864
320005152865
632000155866
322005158867
328000151868
432005154869
432700155870
302200158871
326700151872
232200154873
382700157874
324200150875
032700153876
362200156877
322700159878
832200152879
832040153880
342090156881
320040159882
632090152883
322040155884
328090158885
432040151886
302090154887
326040157888
232090150889
232001151890
382006154891
324001157892
032006150893
362001153894
322006156895
832001159896
342006152897
320001155898
632006158899
432001015900
302006315901
326001615902
232006915903
382001215904
324006515905
032001815906
362006115907
322001415908
832006715909
832800815910
342300115911
320800415912
632300715913
322800015914
328300315915
432800615916
302300915917
326800215918
232300515919
232050615920
382000915921
324050215922
032000515923
362050815924
322000115925
832050415926
342000715927
320050015928
632000315929
632002415930
322007715931
328002015932
432007315933
302002615934
326007915935
232002215936
382007515937
324002815938
032007115939
032900215940
362400515941
322900815942
832400115943
342900415944
320400715945
632900015946
322400315947
328900615948
432400915949
432060015950
302010315951
326060615952
232010915953
382060215954
324010515955
032060815956
362010115957
322060415958
832010715959
832003815960
342008115961
320003415962
632008715963
322003015964
328008315965
432003615966
302008915967
326003215968
232008515969
232000615970
382500915971
324000215972
032500515973
362000815974
322500115975
832000415976
342500715977
320000015978
632500315979
632070415980
322020715981
328070015982
432020315983
302070615984
326020915985
232070215986
382020515987
324070815988
032020115989
032004215990
362009515991
322004815992
832009115993
342004415994
320009715995
632004015996
322009315997
328004615998
432009915999
432003716000
302008016001
326003316002
232008616003
382003916004
324008216005
032003516006
362008816007
322003116008
832008416009
832000516010
342500816011
320000116012
632500416013
322000716014
328500016015
432000316016
302500616017
326000916018
232500216019
232070316020
382020616021
324070916022
032020216023
362070516024
322020816025
832070116026
342020416027
320070716028
632020016029
632004116030
322009416031
328004716032
432009016033
302004316034
326009616035
232004916036
382009216037
324004516038
032009816039
032100916040
362600216041
322100516042
832600816043
342100116044
320600416045
632100716046
322600016047
328100316048
432600616049
432080716050
302030016051
326080316052
232030616053
382080916054
324030216055
032080516056
362030816057
322080116058
832030416059
832005516060
342000816061
320005116062
632000416063
322005716064
328000016065
432005316066
302000616067
326005916068
232000216069
232200316070
382700616071
324200916072
032700216073
362200516074
322700816075
832200116076
342700416077
320200716078
632700016079
632090116080
322040416081
328090716082
432040016083
302090316084
326040616085
232090916086
382040216087
324090516088
032040816089
032006916090
362001216091
322006516092
832001816093
342006116094
320001416095
632006716096
322001016097
328006316098
432001616099
232006186100
382001116101
324006146102
032001176103
362006106104
322001136105
832006166106
342001196107
320006126108
632001156109
632300166110
322800196111
328300126112
432800156113
302300186114
326800116115
232300146116
382800176117
324300106118
032800136119
032000146120
362050176121
322000106122
832050136123
342000166124
320050196125
632000126126
322050156127
328000186128
432050116129
432007126130
302002156131
326007186132
232002116133
382007146134
324002176135
032007106136
362002136137
322007166138
832002196139
832400106140
342900136141
320400166142
632900196143
322400126144
328900156145
432400186146
302900116147
326400146148
232900176149
232010186150
382060116151
324010146152
032060176153
362010106154
322060136155
832010166156
342060196157
320010126158
632060156159
632008166160
322003196161
328008126162
432003156163
302008186164
326003116165
232008146166
382003176167
324008106168
032003136169
032500146170
362000176171
322500106172
832000136173
342500166174
320000196175
632500126176
322000156177
328500186178
432000116179
432020126180
302070156181
326020186182
232070116183
382020146184
324070176185
032020106186
362070136187
322020166188
832070196189
832009106190
342004136191
320009166192
632004196193
322009126194
328004156195
432009186196
302004116197
326009146198
232004176199
032009169200
362004162201
322009165202
832004168203
342009161204
320004164205
632009167206
322004160207
328009163208
432004166209
432600167210
302100160211
326600163212
232100166213
382600169214
324100162215
032600165216
362100168217
322600161218
832100164219
832030165220
342080168221
320030161222
632080164223
322030167224
328080160225
432030163226
302080166227
326030169228
232080162229
232000163230
382005166231
324000169232
032005162233
362000165234
322005168235
832000161236
342005164237
320000167238
632005160239
632700161240
322200164241
328700167242
432200160243
302700163244
326200166245
232700169246
382200162247
324700165248
032200168249
032040169250
362090162251
322040165252
832090168253
342040161254
320090164255
632040167256
322090160257
328040163258
432090166259
432001167260
302006160261
326001163262
232006166263
382001169264
324006162265
032001165266
362006168267
322001161268
832006164269
832800165270
342300168271
320800161272
632300164273
322800167274
328300160275
432800163276
302300166277
326800169278
232300162279
232050163280
382000166281
324050169282
032000162283
362050165284
322000168285
832050161286
342000164287
320050167288
632000160289
632002161290
322007164291
328002167292
432007160293
302002163294
326007166295
232002169296
382007162297
324002165298
032007168299
832002016300
342007316301
320002616302
632007916303
322002216304
328007516305
432002816306
302007116307
326002416308
232007716309
232900816310
382400116311
324900416312
032400716313
362900016314
322400316315
832900616316
342400916317
320900216318
632400516319
632060616320
322010916321
328060216322
432010516323
302060816324
326010116325
232060416326
382010716327
324060016328
032010316329
032003416330
362008716331
322003016332
832008316333
342003616334
320008916335
632003216336
322008516337
328003816338
432008116339
432000216340
302500516341
326000816342
232500116343
382000416344
324500716345
032000016346
362500316347
322000616348
832500916349
832070016350
342020316351
320070616352
632020916353
322070216354
328020516355
432070816356
302020116357
326070416358
232020716359
232004816360
382009116361
324004416362
032009716363
362004016364
322009316365
832004616366
342009916367
320004216368
632009516369
632100616370
322600916371
328100216372
432600516373
302100816374
326600116375
232100416376
382600716377
324100016378
032600316379
032080416380
362030716381
322080016382
832030316383
342080616384
320030916385
632080216386
322030516387
328080816388
432030116389
432005216390
302000516391
326005816392
232000116393
382005416394
324000716395
032005016396
362000316397
322005616398
832000916399
632005116400
322000146401
328005176402
432000106403
302005136404
326000166405
232005196406
382000126407
324005156408
032000186409
032200196410
362700126411
322200156412
832700186413
342200116414
320700146415
632200176416
322700106417
328200136418
432700166419
432090176420
302040106421
326090136422
232040166423
382090196424
324040126425
032090156426
362040186427
322090116428
832040146429
832006156430
342001186431
320006116432
632001146433
322006176434
328001106435
432006136436
302001166437
326006196438
232001126439
232300136440
382800166441
324300196442
032800126443
362300156444
322800186445
832300116446
342800146447
320300176448
632800106449
632000116450
322050146451
328000176452
432050106453
302000136454
326050166455
232000196456
382050126457
324000156458
032050186459
032007196460
362002126461
322007156462
832002186463
342007116464
320002146465
632007176466
322002106467
328007136468
432002166469
432400176470
302900106471
326400136472
232900166473
382400196474
324900126475
032400156476
362900186477
322400116478
832900146479
832010156480
342060186481
320010116482
632060146483
322010176484
328060106485
432010136486
302060166487
326010196488
232060126489
232008136490
382003166491
324008196492
032003126493
362008156494
322003186495
832008116496
342003146497
320008176498
632003106499
432008162500
302003165501
326008168502
232003161503
382008164504
324003167505
032008160506
362003163507
322008166508
832003169509
832500160510
342000163511
320500166512
632000169513
322500162514
328000165515
432500168516
302000161517
326500164518
232000167519
232020168520
382070161521
324020164522
032070167523
362020160524
322070163525
832020166526
342070169527
320020162528
632070165529
632009166530
322004169531
328009162532
432004165533
302009168534
326004161535
232009164536
382004167537
324009160538
032004163539
032600164540
362100167541
322600160542
832100163543
342600166544
320100169545
632600162546
322100165547
328600168548
432100161549
432030162550
302080165551
326030168552
232080161553
382030164554
324080167555
032030160556
362080163557
322030166558
832080169559
832000160560
342005163561
320000166562
632005169563
322000162564
328005165565
432000168566
302005161567
326000164568
232005167569
232700168570
382200161571
324700164572
032200167573
362700160574
322200163575
832700166576
342200169577
320700162578
632200165579
632040166580
322090169581
328040162582
432090165583
302040168584
326090161585
232040164586
382090167587
324040160588
032090163589
032001164590
362006167591
322001160592
832006163593
342001166594
320006169595
632001162596
322006165597
328001168598
432006161599
232001316600
382006616601
324001916602
032006216603
362001516604
322006816605
832001116606
342006416607
320001716608
632006016609
632800116610
322300416611
328800716612
432300016613
302800316614
326300616615
232800916616
382300216617
324800516618
032300816619
032050916620
362000216621
322050516622
832000816623
342050116624
320000416625
632050716626
322000016627
328050316628
432000616629
432002716630
302007016631
326002316632
232007616633
382002916634
324007216635
032002516636
362007816637
322002116638
832007416639
832900516640
342400816641
320900116642
632400416643
322900716644
328400016645
432900316646
302400616647
326900916648
232400216649
232060316650
382010616651
324060916652
032010216653
362060516654
322010816655
832060116656
342010416657
320060716658
632010016659
632003116660
322008416661
328003716662
432008016663
302003316664
326008616665
232003916666
382008216667
324003516668
032008816669
032000916670
362500216671
322000516672
832500816673
342000116674
320500416675
632000716676
322500016677
328000316678
432500616679
432070716680
302020016681
326070316682
232020616683
382070916684
324020216685
032070516686
362020816687
322070116688
832020416689
832004516690
342009816691
320004116692
632009416693
322004716694
328009016695
432004316696
302009616697
326004916698
232009216699
032004146700
362009176701
322004106702
832009136703
342004166704
320009196705
632004126706
322009156707
328004186708
432009116709
432100126710
302600156711
326100186712
232600116713
382100146714
324600176715
032100106716
362600136717
322100166718
832600196719
832080106720
342030136721
320080166722
632030196723
322080126724
328030156725
432080186726
302030116727
326080146728
232030176729
232005186730
382000116731
324005146732
032000176733
362005106734
322000136735
832005166736
342000196737
320005126738
632000156739
632200166740
322700196741
328200126742
432700156743
302200186744
326700116745
232200146746
382700176747
324200106748
032700136749
032090146750
362040176751
322090106752
832040136753
342090166754
320040196755
632090126756
322040156757
328090186758
432040116759
432006126760
302001156761
326006186762
232001116763
382006146764
324001176765
032006106766
362001136767
322006166768
832001196769
832300106770
342800136771
320300166772
632800196773
322300126774
328800156775
432300186776
302800116777
326300146778
232800176779
232000186780
382050116781
324000146782
032050176783
362000106784
322050136785
832000166786
342050196787
320000126788
632050156789
632007166790
322002196791
328007126792
432002156793
302007186794
326002116795
232007146796
382002176797
324007106798
032002136799
832007165800
342002168801
320007161802
632002164803
322007167804
328002160805
432007163806
302002166807
326007169808
232002162809
232400163810
382900166811
324400169812
032900162813
362400165814
322900168815
832400161816
342900164817
320400167818
632900160819
632010161820
322060164821
328010167822
432060160823
302010163824
326060166825
232010169826
382060162827
324010165828
032060168829
032008169830
362003162831
322008165832
832003168833
342008161834
320003164835
632008167836
322003160837
328008163838
432003166839
432500167840
302000160841
326500163842
232000166843
382500169844
324000162845
032500165846
362000168847
322500161848
832000164849
832020165850
342070168851
320020161852
632070164853
322020167854
328070160855
432020163856
302070166857
326020169858
232070162859
232009163860
382004166861
324009169862
032004162863
362009165864
322004168865
832009161866
342004164867
320009167868
632004160869
632600161870
322100164871
328600167872
432100160873
302600163874
326100166875
232600169876
382100162877
324600165878
032100168879
032030169880
362080162881
322030165882
832080168883
342030161884
320080164885
632030167886
322080160887
328030163888
432080166889
432000167890
302005160891
326000163892
232005166893
382000169894
324005162895
032000165896
362005168897
322000161898
832005164899
632000616900
322005916901
328000216902
432005516903
302000816904
326005116905
232000416906
382005716907
324000016908
032005316909
032700416910
362200716911
322700016912
832200316913
342700616914
320200916915
632700216916
322200516917
328700816918
432200116919
432040216920
302090516921
326040816922
232090116923
382040416924
324090716925
032040016926
362090316927
322040616928
832090916929
832001016930
342006316931
320001616932
632006916933
322001216934
328006516935
432001816936
302006116937
326001416938
232006716939
232800816940
382300116941
324800416942
032300716943
362800016944
322300316945
832800616946
342300916947
320800216948
632300516949
632050616950
322000916951
328050216952
432000516953
302050816954
326000116955
232050416956
382000716957
324050016958
032000316959
032002416960
362007716961
322002016962
832007316963
342002616964
320007916965
632002216966
322007516967
328002816968
432007116969
432900216970
302400516971
326900816972
232400116973
382900416974
324400716975
032900016976
362400316977
322900616978
832400916979
832060016980
342010316981
320060616982
632010916983
322060216984
328010516985
432060816986
302010116987
326060416988
232010716989
232003816990
382008116991
324003416992
032008716993
362003016994
322008316995
832003616996
342008916997
320003216998
632008516999
632002317000
322007617001
328002917002
432007217003
302002517004
326007817005
232002117006
382007417007
324002717008
032007017009
032900117010
362400417011
322900717012
832400017013
342900317014
320400617015
632900917016
322400217017
328900517018
432400817019
432060917020
302010217021
326060517022
232010817023
382060117024
324010417025
032060717026
362010017027
322060317028
832010617029
832003717030
342008017031
320003317032
632008617033
322003917034
328008217035
432003517036
302008817037
326003117038
232008417039
232000517040
382500817041
324000117042
032500417043
362000717044
322500017045
832000317046
342500617047
320000917048
632500217049
632070317050
322020617051
328070917052
432020217053
302070517054
326020817055
232070117056
382020417057
324070717058
032020017059
032004117060
362009417061
322004717062
832009017063
342004317064
320009617065
632004917066
322009217067
328004517068
432009817069
432100917070
302600217071
326100517072
232600817073
382100117074
324600417075
032100717076
362600017077
322100317078
832600617079
832080717080
342030017081
320080317082
632030617083
322080917084
328030217085
432080517086
302030817087
326080117088
232030417089
232005517090
382000817091
324005117092
032000417093
362005717094
322000017095
832005317096
342000617097
320005917098
632000217099
432005147100
302000177101
326005107102
232000137103
382005167104
324000197105
032005127106
362000157107
322005187108
832000117109
832200127110
342700157111
320200187112
632700117113
322200147114
328700177115
432200107116
302700137117
326200167118
232700197119
232090107120
382040137121
324090167122
032040197123
362090127124
322040157125
832090187126
342040117127
320090147128
632040177129
632006187130
322001117131
328006147132
432001177133
302006107134
326001137135
232006167136
382001197137
324006127138
032001157139
032300167140
362800197141
322300127142
832800157143
342300187144
320800117145
632300147146
322800177147
328300107148
432800137149
432000147150
302050177151
326000107152
232050137153
382000167154
324050197155
032000127156
362050157157
322000187158
832050117159
832007127160
342002157161
320007187162
632002117163
322007147164
328002177165
432007107166
302002137167
326007167168
232002197169
232400107170
382900137171
324400167172
032900197173
362400127174
322900157175
832400187176
342900117177
320400147178
632900177179
632010187180
322060117181
328010147182
432060177183
302010107184
326060137185
232010167186
382060197187
324010127188
032060157189
032008167190
362003197191
322008127192
832003157193
342008187194
320003117195
632008147196
322003177197
328008107198
432003137199
232008175200
382003178201
324008171202
032003174203
362008177204
322003170205
832008173206
342003176207
320008179208
632003172209
632500173210
322000176211
328500179212
432000172213
302500175214
326000178215
232500171216
382000174217
324500177218
032000170219
032020171220
362070174221
322020177222
832070170223
342020173224
320070176225
632020179226
322070172227
328020175228
432070178229
432009179230
302004172231
326009175232
232004178233
382009171234
324004174235
032009177236
362004170237
322009173238
832004176239
832600177240
342100170241
320600173242
632100176243
322600179244
328100172245
432600175246
302100178247
326600171248
232100174249
232030175250
382080178251
324030171252
032080174253
362030177254
322080170255
832030173256
342080176257
320030179258
632080172259
632000173260
322005176261
328000179262
432005172263
302000175264
326005178265
232000171266
382005174267
324000177268
032005170269
032700171270
362200174271
322700177272
832200170273
342700173274
320200176275
632700179276
322200172277
328700175278
432200178279
432040179280
302090172281
326040175282
232090178283
382040171284
324090174285
032040177286
362090170287
322040173288
832090176289
832001177290
342006170291
320001173292
632006176293
322001179294
328006172295
432001175296
302006178297
326001171298
232006174299
032001617300
362006917301
322001217302
832006517303
342001817304
320006117305
632001417306
322006717307
328001017308
432006317309
432800417310
302300717311
326800017312
232300317313
382800617314
324300917315
032800217316
362300517317
322800817318
832300117319
832050217320
342000517321
320050817322
632000117323
322050417324
328000717325
432050017326
302000317327
326050617328
232000917329
232002017330
382007317331
324002617332
032007917333
362002217334
322007517335
832002817336
342007117337
320002417338
632007717339
632900817340
322400117341
328900417342
432400717343
302900017344
326400317345
232900617346
382400917347
324900217348
032400517349
032060617350
362010917351
322060217352
832010517353
342060817354
320010117355
632060417356
322010717357
328060017358
432010317359
432003417360
302008717361
326003017362
232008317363
382003617364
324008917365
032003217366
362008517367
322003817368
832008117369
832000217370
342500517371
320000817372
632500117373
322000417374
328500717375
432000017376
302500317377
326000617378
232500917379
232070017380
382020317381
324070617382
032020917383
362070217384
322020517385
832070817386
342020117387
320070417388
632020717389
632004817390
322009117391
328004417392
432009717393
302004017394
326009317395
232004617396
382009917397
324004217398
032009517399
832004177400
342009107401
320004137402
632009167403
322004197404
328009127405
432004157406
302009187407
326004117408
232009147409
232100157410
382600187411
324100117412
032600147413
362100177414
322600107415
832100137416
342600167417
320100197418
632600127419
632080137420
322030167421
328080197422
432030127423
302080157424
326030187425
232080117426
382030147427
324080177428
032030107429
032005117430
362000147431
322005177432
832000107433
342005137434
320000167435
632005197436
322000127437
328005157438
432000187439
432200197440
302700127441
326200157442
232700187443
382200117444
324700147445
032200177446
362700107447
322200137448
832700167449
832090177450
342040107451
320090137452
632040167453
322090197454
328040127455
432090157456
302040187457
326090117458
232040147459
232006157460
382001187461
324006117462
032001147463
362006177464
322001107465
832006137466
342001167467
320006197468
632001127469
632300137470
322800167471
328300197472
432800127473
302300157474
326800187475
232300117476
382800147477
324300177478
032800107479
032000117480
362050147481
322000177482
832050107483
342000137484
320050167485
632000197486
322050127487
328000157488
432050187489
432007197490
302002127491
326007157492
232002187493
382007117494
324002147495
032007177496
362002107497
322007137498
832002167499
632007178500
322002171501
328007174502
432002177503
302007170504
326002173505
232007176506
382002179507
324007172508
032002175509
032400176510
362900179511
322400172512
832900175513
342400178514
320900171515
632400174516
322900177517
328400170518
432900173519
432010174520
302060177521
326010170522
232060173523
382010176524
324060179525
032010172526
362060175527
322010178528
832060171529
832008172530
342003175531
320008178532
632003171533
322008174534
328003177535
432008170536
302003173537
326008176538
232003179539
232500170540
382000173541
324500176542
032000179543
362500172544
322000175545
832500178546
342000171547
320500174548
632000177549
632020178550
322070171551
328020174552
432070177553
302020170554
326070173555
232020176556
382070179557
324020172558
032070175559
032009176560
362004179561
322009172562
832004175563
342009178564
320004171565
632009174566
322004177567
328009170568
432004173569
432600174570
302100177571
326600170572
232100173573
382600176574
324100179575
032600172576
362100175577
322600178578
832100171579
832030172580
342080175581
320030178582
632080171583
322030174584
328080177585
432030170586
302080173587
326030176588
232080179589
232000170590
382005173591
324000176592
032005179593
362000172594
322005175595
832000178596
342005171597
320000174598
632005177599
432000917600
302005217601
326000517602
232005817603
382000117604
324005417605
032000717606
362005017607
322000317608
832005617609
832700717610
342200017611
320700317612
632200617613
322700917614
328200217615
432700517616
302200817617
326700117618
232200417619
232040517620
382090817621
324040117622
032090417623
362040717624
322090017625
832040317626
342090617627
320040917628
632090217629
632001317630
322006617631
328001917632
432006217633
302001517634
326006817635
232001117636
382006417637
324001717638
032006017639
032800117640
362300417641
322800717642
832300017643
342800317644
320300617645
632800917646
322300217647
328800517648
432300817649
432050917650
302000217651
326050517652
232000817653
382050117654
324000417655
032050717656
362000017657
322050317658
832000617659
832002717660
342007017661
320002317662
632007617663
322002917664
328007217665
432002517666
302007817667
326002117668
232007417669
232900517670
382400817671
324900117672
032400417673
362900717674
322400017675
832900317676
342400617677
320900917678
632400217679
632060317680
322010617681
328060917682
432010217683
302060517684
326010817685
232060117686
382010417687
324060717688
032010017689
032003117690
362008417691
322003717692
832008017693
342003317694
320008617695
632003917696
322008217697
328003517698
432008817699
232003107700
382008137701
324003167702
032008197703
362003127704
322008157705
832003187706
342008117707
320003147708
632008177709
632000187710
322500117711
328000147712
432500177713
302000107714
326500137715
232000167716
382500197717
324000127718
032500157719
032070167720
362020197721
322070127722
832020157723
342070187724
320020117725
632070147726
322020177727
328070107728
432020137729
432004147730
302009177731
326004107732
232009137733
382004167734
324009197735
032004127736
362009157737
322004187738
832009117739
832100127740
342600157741
320100187742
632600117743
322100147744
328600177745
432100107746
302600137747
326100167748
232600197749
232080107750
382030137751
324080167752
032030197753
362080127754
322030157755
832080187756
342030117757
320080147758
632030177759
632005187760
322000117761
328005147762
432000177763
302005107764
326000137765
232005167766
382000197767
324005127768
032000157769
032200167770
362700197771
322200127772
832700157773
342200187774
320700117775
632200147776
322700177777
328200107778
432700137779
432090147780
302040177781
326090107782
232040137783
382090167784
324040197785
032090127786
362040157787
322090187788
832040117789
832006127790
342001157791
320006187792
632001117793
322006147794
328001177795
432006107796
302001137797
326006167798
232001197799
032006171800
362001174801
322006177802
832001170803
342006173804
320001176805
632006179806
322001172807
328006175808
432001178809
432300179810
302800172811
326300175812
232800178813
382300171814
324800174815
032300177816
362800170817
322300173818
832800176819
832000177820
342050170821
320000173822
632050176823
322000179824
328050172825
432000175826
302050178827
326000171828
232050174829
232007175830
382002178831
324007171832
032002174833
362007177834
322002170835
832007173836
342002176837
320007179838
632002172839
632400173840
322900176841
328400179842
432900172843
302400175844
326900178845
232400171846
382900174847
324400177848
032900170849
032010171850
362060174851
322010177852
832060170853
342010173854
320060176855
632010179856
322060172857
328010175858
432060178859
432008179860
302003172861
326008175862
232003178863
382008171864
324003174865
032008177866
362003170867
322008173868
832003176869
832500177870
342000170871
320500173872
632000176873
322500179874
328000172875
432500175876
302000178877
326500171878
232000174879
232020175880
382070178881
324020171882
032070174883
362020177884
322070170885
832020173886
342070176887
320020179888
632070172889
632009173890
322004176891
328009179892
432004172893
302009175894
326004178895
232009171896
382004174897
324009177898
032004170899
832009217900
342004517901
320009817902
632004117903
322009417904
328004717905
432009017906
302004317907
326009617908
232004917909
232600017910
382100317911
324600617912
032100917913
362600217914
322100517915
832600817916
342100117917
320600417918
632100717919
632030817920
322080117921
328030417922
432080717923
302030017924
326080317925
232030617926
382080917927
324030217928
032080517929
032000617930
362005917931
322000217932
832005517933
342000817934
320005117935
632000417936
322005717937
328000017938
432005317939
432700417940
302200717941
326700017942
232200317943
382700617944
324200917945
032700217946
362200517947
322700817948
832200117949
832040217950
342090517951
320040817952
632090117953
322040417954
328090717955
432040017956
302090317957
326040617958
232090917959
232001017960
382006317961
324001617962
032006917963
362001217964
322006517965
832001817966
342006117967
320001417968
632006717969
632800817970
322300117971
328800417972
432300717973
302800017974
326300317975
232800617976
382300917977
324800217978
032300517979
032050617980
362000917981
322050217982
832000517983
342050817984
320000117985
632050417986
322000717987
328050017988
432000317989
432002417990
302007717991
326002017992
232007317993
382002617994
324007917995
032002217996
362007517997
322002817998
832007117999
832001918000
342006218001
320001518002
632006818003
322001118004
328006418005
432001718006
302006018007
326001318008
232006618009
232800718010
382300018011
324800318012
032300618013
362800918014
322300218015
832800518016
342300818017
320800118018
632300418019
632050518020
322000818021
328050118022
432000418023
302050718024
326000018025
232050318026
382000618027
324050918028
032000218029
032002318030
362007618031
322002918032
832007218033
342002518034
320007818035
632002118036
322007418037
328002718038
432007018039
432900118040
302400418041
326900718042
232400018043
382900318044
324400618045
032900918046
362400218047
322900518048
832400818049
832060918050
342010218051
320060518052
632010818053
322060118054
328010418055
432060718056
302010018057
326060318058
232010618059
232003718060
382008018061
324003318062
032008618063
362003918064
322008218065
832003518066
342008818067
320003118068
632008418069
632000518070
322500818071
328000118072
432500418073
302000718074
326500018075
232000318076
382500618077
324000918078
032500218079
032070318080
362020618081
322070918082
832020218083
342070518084
320020818085
632070118086
322020418087
328070718088
432020018089
432004118090
302009418091
326004718092
232009018093
382004318094
324009618095
032004918096
362009218097
322004518098
832009818099
632004108100
322009138101
328004168102
432009198103
302004128104
326009158105
232004188106
382009118107
324004148108
032009178109
032100188110
362600118111
322100148112
832600178113
342100108114
320600138115
632100168116
322600198117
328100128118
432600158119
432080168120
302030198121
326080128122
232030158123
382080188124
324030118125
032080148126
362030178127
322080108128
832030138129
832005148130
342000178131
320005108132
632000138133
322005168134
328000198135
432005128136
302000158137
326005188138
232000118139
232200128140
382700158141
324200188142
032700118143
362200148144
322700178145
832200108146
342700138147
320200168148
632700198149
632090108150
322040138151
328090168152
432040198153
302090128154
326040158155
232090188156
382040118157
324090148158
032040178159
032006188160
362001118161
322006148162
832001178163
342006108164
320001138165
632006168166
322001198167
328006128168
432001158169
432300168170
302800198171
326300128172
232800158173
382300188174
324800118175
032300148176
362800178177
322300108178
832800138179
832000148180
342050178181
320000108182
632050138183
322000168184
328050198185
432000128186
302050158187
326000188188
232050118189
232007128190
382002158191
324007188192
032002118193
362007148194
322002178195
832007108196
342002138197
320007168198
632002198199
432007181200
302002184201
326007187202
232002180203
382007183204
324002186205
032007189206
362002182207
322007185208
832002188209
832400189210
342900182211
320400185212
632900188213
322400181214
328900184215
432400187216
302900180217
326400183218
232900186219
232010187220
382060180221
324010183222
032060186223
362010189224
322060182225
832010185226
342060188227
320010181228
632060184229
632008185230
322003188231
328008181232
432003184233
302008187234
326003180235
232008183236
382003186237
324008189238
032003182239
032500183240
362000186241
322500189242
832000182243
342500185244
320000188245
632500181246
322000184247
328500187248
432000180249
432020181250
302070184251
326020187252
232070180253
382020183254
324070186255
032020189256
362070182257
322020185258
832070188259
832009189260
342004182261
320009185262
632004188263
322009181264
328004184265
432009187266
302004180267
326009183268
232004186269
232600187270
382100180271
324600183272
032100186273
362600189274
322100182275
832600185276
342100188277
320600181278
632100184279
632030185280
322080188281
328030181282
432080184283
302030187284
326080180285
232030183286
382080186287
324030189288
032080182289
032000183290
362005186291
322000189292
832005182293
342000185294
320005188295
632000181296
322005184297
328000187298
432005180299
232000218300
382005518301
324000818302
032005118303
362000418304
322005718305
832000018306
342005318307
320000618308
632005918309
632700018310
322200318311
328700618312
432200918313
302700218314
326200518315
232700818316
382200118317
324700418318
032200718319
032040818320
362090118321
322040418322
832090718323
342040018324
320090318325
632040618326
322090918327
328040218328
432090518329
432001618330
302006918331
326001218332
232006518333
382001818334
324006118335
032001418336
362006718337
322001018338
832006318339
832800418340
342300718341
320800018342
632300318343
322800618344
328300918345
432800218346
302300518347
326800818348
232300118349
232050218350
382000518351
324050818352
032000118353
362050418354
322000718355
832050018356
342000318357
320050618358
632000918359
632002018360
322007318361
328002618362
432007918363
302002218364
326007518365
232002818366
382007118367
324002418368
032007718369
032900818370
362400118371
322900418372
832400718373
342900018374
320400318375
632900618376
322400918377
328900218378
432400518379
432060618380
302010918381
326060218382
232010518383
382060818384
324010118385
032060418386
362010718387
322060018388
832010318389
832003418390
342008718391
320003018392
632008318393
322003618394
328008918395
432003218396
302008518397
326003818398
232008118399
032003138400
362008168401
322003198402
832008128403
342003158404
320008188405
632003118406
322008148407
328003178408
432008108409
432000118410
302500148411
326000178412
232500108413
382000138414
324500168415
032000198416
362500128417
322000158418
832500188419
832070198420
342020128421
320070158422
632020188423
322070118424
328020148425
432070178426
302020108427
326070138428
232020168429
232004178430
382009108431
324004138432
032009168433
362004198434
322009128435
832004158436
342009188437
320004118438
632009148439
632100158440
322600188441
328100118442
432600148443
302100178444
326600108445
232100138446
382600168447
324100198448
032600128449
032080138450
362030168451
322080198452
832030128453
342080158454
320030188455
632080118456
322030148457
328080178458
432030108459
432005118460
302000148461
326005178462
232000108463
382005138464
324000168465
032005198466
362000128467
322005158468
832000188469
832200198470
342700128471
320200158472
632700188473
322200118474
328700148475
432200178476
302700108477
326200138478
232700168479
232090178480
382040108481
324090138482
032040168483
362090198484
322040128485
832090158486
342040188487
320090118488
632040148489
632006158490
322001188491
328006118492
432001148493
302006178494
326001108495
232006138496
382001168497
324006198498
032001128499
832006184500
342001187501
320006180502
632001183503
322006186504
328001189505
432006182506
302001185507
326006188508
232001181509
232300182510
382800185511
324300188512
032800181513
362300184514
322800187515
832300180516
342800183517
320300186518
632800189519
632000180520
322050183521
328000186522
432050189523
302000182524
326050185525
232000188526
382050181527
324000184528
032050187529
032007188530
362002181531
322007184532
832002187533
342007180534
320002183535
632007186536
322002189537
328007182538
432002185539
432400186540
302900189541
326400182542
232900185543
382400188544
324900181545
032400184546
362900187547
322400180548
832900183549
832010184550
342060187551
320010180552
632060183553
322010186554
328060189555
432010182556
302060185557
326010188558
232060181559
232008182560
382003185561
324008188562
032003181563
362008184564
322003187565
832008180566
342003183567
320008186568
632003189569
632500180570
322000183571
328500186572
432000189573
302500182574
326000185575
232500188576
382000181577
324500184578
032000187579
032020188580
362070181581
322020184582
832070187583
342020180584
320070183585
632020186586
322070189587
328020182588
432070185589
432009186590
302004189591
326009182592
232004185593
382009188594
324004181595
032009184596
362004187597
322009180598
832004183599
632009518600
322004818601
328009118602
432004418603
302009718604
326004018605
232009318606
382004618607
324009918608
032004218609
032600318610
362100618611
322600918612
832100218613
342600518614
320100818615
632600118616
322100418617
328600718618
432100018619
432030118620
302080418621
326030718622
232080018623
382030318624
324080618625
032030918626
362080218627
322030518628
832080818629
832000918630
342005218631
320000518632
632005818633
322000118634
328005418635
432000718636
302005018637
326000318638
232005618639
232700718640
382200018641
324700318642
032200618643
362700918644
322200218645
832700518646
342200818647
320700118648
632200418649
632040518650
322090818651
328040118652
432090418653
302040718654
326090018655
232040318656
382090618657
324040918658
032090218659
032001318660
362006618661
322001918662
832006218663
342001518664
320006818665
632001118666
322006418667
328001718668
432006018669
432800118670
302300418671
326800718672
232300018673
382800318674
324300618675
032800918676
362300218677
322800518678
832300818679
832050918680
342000218681
320050518682
632000818683
322050118684
328000418685
432050718686
302000018687
326050318688
232000618689
232002718690
382007018691
324002318692
032007618693
362002918694
322007218695
832002518696
342007818697
320002118698
632007418699
432002168700
302007198701
326002128702
232007158703
382002188704
324007118705
032002148706
362007178707
322002108708
832007138709
832900148710
342400178711
320900108712
632400138713
322900168714
328400198715
432900128716
302400158717
326900188718
232400118719
232060128720
382010158721
324060188722
032010118723
362060148724
322010178725
832060108726
342010138727
320060168728
632010198729
632003108730
322008138731
328003168732
432008198733
302003128734
326008158735
232003188736
382008118737
324003148738
032008178739
032000188740
362500118741
322000148742
832500178743
342000108744
320500138745
632000168746
322500198747
328000128748
432500158749
432070168750
302020198751
326070128752
232020158753
382070188754
324020118755
032070148756
362020178757
322070108758
832020138759
832004148760
342009178761
320004108762
632009138763
322004168764
328009198765
432004128766
302009158767
326004188768
232009118769
232100128770
382600158771
324100188772
032600118773
362100148774
322600178775
832100108776
342600138777
320100168778
632600198779
632080108780
322030138781
328080168782
432030198783
302080128784
326030158785
232080188786
382030118787
324080148788
032030178789
032005188790
362000118791
322005148792
832000178793
342005108794
320000138795
632005168796
322000198797
328005128798
432000158799
232005187800
382000180801
324005183802
032000186803
362005189804
322000182805
832005185806
342000188807
320005181808
632000184809
632200185810
322700188811
328200181812
432700184813
302200187814
326700180815
232200183816
382700186817
324200189818
032700182819
032090183820
362040186821
322090189822
832040182823
342090185824
320040188825
632090181826
322040184827
328090187828
432040180829
432006181830
302001184831
326006187832
232001180833
382006183834
324001186835
032006189836
362001182837
322006185838
832001188839
832300189840
342800182841
320300185842
632800188843
322300181844
328800184845
432300187846
302800180847
326300183848
232800186849
232000187850
382050180851
324000183852
032050186853
362000189854
322050182855
832000185856
342050188857
320000181858
632050184859
632007185860
322002188861
328007181862
432002184863
302007187864
326002180865
232007183866
382002186867
324007189868
032002182869
032400183870
362900186871
322400189872
832900182873
342400185874
320900188875
632400181876
322900184877
328400187878
432900180879
432010181880
302060184881
326010187882
232060180883
382010183884
324060186885
032010189886
362060182887
322010185888
832060188889
832008189890
342003182891
320008185892
632003188893
322008181894
328003184895
432008187896
302003180897
326008183898
232003186899
032008818900
362003118901
322008418902
832003718903
342008018904
320003318905
632008618906
322003918907
328008218908
432003518909
432500618910
302000918911
326500218912
232000518913
382500818914
324000118915
032500418916
362000718917
322500018918
832000318919
832020418920
342070718921
320020018922
632070318923
322020618924
328070918925
432020218926
302070518927
326020818928
232070118929
232009218930
382004518931
324009818932
032004118933
362009418934
322004718935
832009018936
342004318937
320009618938
632004918939
632600018940
322100318941
328600618942
432100918943
302600218944
326100518945
232600818946
382100118947
324600418948
032100718949
032030818950
362080118951
322030418952
832080718953
342030018954
320080318955
632030618956
322080918957
328030218958
432080518959
432000618960
302005918961
326000218962
232005518963
382000818964
324005118965
032000418966
362005718967
322000018968
832005318969
832700418970
342200718971
320700018972
632200318973
322700618974
328200918975
432700218976
302200518977
326700818978
232200118979
232040218980
382090518981
324040818982
032090118983
362040418984
322090718985
832040018986
342090318987
320040618988
632090918989
632001018990
322006318991
328001618992
432006918993
302001218994
326006518995
232001818996
382006118997
324001418998
032006718999
032000519000
362005819001
322000119002
832005419003
342000719004
320005019005
632000319006
322005619007
328000919008
432005219009
432700319010
302200619011
326700919012
232200219013
382700519014
324200819015
032700119016
362200419017
322700719018
832200019019
832040119020
342090419021
320040719022
632090019023
322040319024
328090619025
432040919026
302090219027
326040519028
232090819029
232001919030
382006219031
324001519032
032006819033
362001119034
322006419035
832001719036
342006019037
320001319038
632006619039
632800719040
322300019041
328800319042
432300619043
302800919044
326300219045
232800519046
382300819047
324800119048
032300419049
032050519050
362000819051
322050119052
832000419053
342050719054
320000019055
632050319056
322000619057
328050919058
432000219059
432002319060
302007619061
326002919062
232007219063
382002519064
324007819065
032002119066
362007419067
322002719068
832007019069
832900119070
342400419071
320900719072
632400019073
322900319074
328400619075
432900919076
302400219077
326900519078
232400819079
232060919080
382010219081
324060519082
032010819083
362060119084
322010419085
832060719086
342010019087
320060319088
632010619089
632003719090
322008019091
328003319092
432008619093
302003919094
326008219095
232003519096
382008819097
324003119098
032008419099
832003169100
342008199101
320003129102
632008159103
322003189104
328008119105
432003149106
302008179107
326003109108
232008139109
232000149110
382500179111
324000109112
032500139113
362000169114
322500199115
832000129116
342500159117
320000189118
632500119119
632070129120
322020159121
328070189122
432020119123
302070149124
326020179125
232070109126
382020139127
324070169128
032020199129
032004109130
362009139131
322004169132
832009199133
342004129134
320009159135
632004189136
322009119137
328004149138
432009179139
432100189140
302600119141
326100149142
232600179143
382100109144
324600139145
032100169146
362600199147
322100129148
832600159149
832080169150
342030199151
320080129152
632030159153
322080189154
328030119155
432080149156
302030179157
326080109158
232030139159
232005149160
382000179161
324005109162
032000139163
362005169164
322000199165
832005129166
342000159167
320005189168
632000119169
632200129170
322700159171
328200189172
432700119173
302200149174
326700179175
232200109176
382700139177
324200169178
032700199179
032090109180
362040139181
322090169182
832040199183
342090129184
320040159185
632090189186
322040119187
328090149188
432040179189
432006189190
302001119191
326006149192
232001179193
382006109194
324001139195
032006169196
362001199197
322006129198
832001159199
632006197200
322001190201
328006193202
432001196203
302006199204
326001192205
232006195206
382001198207
324006191208
032001194209
032300195210
362800198211
322300191212
832800194213
342300197214
320800190215
632300193216
322800196217
328300199218
432800192219
432000193220
302050196221
326000199222
232050192223
382000195224
324050198225
032000191226
362050194227
322000197228
832050190229
832007191230
342002194231
320007197232
632002190233
322007193234
328002196235
432007199236
302002192237
326007195238
232002198239
232400199240
382900192241
324400195242
032900198243
362400191244
322900194245
832400197246
342900190247
320400193248
632900196249
632010197250
322060190251
328010193252
432060196253
302010199254
326060192255
232010195256
382060198257
324010191258
032060194259
032008195260
362003198261
322008191262
832003194263
342008197264
320003190265
632008193266
322003196267
328008199268
432003192269
432500193270
302000196271
326500199272
232000192273
382500195274
324000198275
032500191276
362000194277
322500197278
832000190279
832020191280
342070194281
320020197282
632070190283
322020193284
328070196285
432020199286
302070192287
326020195288
232070198289
232009199290
382004192291
324009195292
032004198293
362009191294
322004194295
832009197296
342004190297
320009193298
632004196299
432009819300
302004119301
326009419302
232004719303
382009019304
324004319305
032009619306
362004919307
322009219308
832004519309
832600619310
342100919311
320600219312
632100519313
322600819314
328100119315
432600419316
302100719317
326600019318
232100319319
232030419320
382080719321
324030019322
032080319323
362030619324
322080919325
832030219326
342080519327
320030819328
632080119329
632000219330
322005519331
328000819332
432005119333
302000419334
326005719335
232000019336
382005319337
324000619338
032005919339
032700019340
362200319341
322700619342
832200919343
342700219344
320200519345
632700819346
322200119347
328700419348
432200719349
432040819350
302090119351
326040419352
232090719353
382040019354
324090319355
032040619356
362090919357
322040219358
832090519359
832001619360
342006919361
320001219362
632006519363
322001819364
328006119365
432001419366
302006719367
326001019368
232006319369
232800419370
382300719371
324800019372
032300319373
362800619374
322300919375
832800219376
342300519377
320800819378
632300119379
632050219380
322000519381
328050819382
432000119383
302050419384
326000719385
232050019386
382000319387
324050619388
032000919389
032002019390
362007319391
322002619392
832007919393
342002219394
320007519395
632002819396
322007119397
328002419398
432007719399
232002199400
382007129401
324002159402
032007189403
362002119404
322007149405
832002179406
342007109407
320002139408
632007169409
632900179410
322400109411
328900139412
432400169413
302900199414
326400129415
232900159416
382400189417
324900119418
032400149419
032060159420
362010189421
322060119422
832010149423
342060179424
320010109425
632060139426
322010169427
328060199428
432010129429
432003139430
302008169431
326003199432
232008129433
382003159434
324008189435
032003119436
362008149437
322003179438
832008109439
832000119440
342500149441
320000179442
632500109443
322000139444
328500169445
432000199446
302500129447
326000159448
232500189449
232070199450
382020129451
324070159452
032020189453
362070119454
322020149455
832070179456
342020109457
320070139458
632020169459
632004179460
322009109461
328004139462
432009169463
302004199464
326009129465
232004159466
382009189467
324004119468
032009149469
032100159470
362600189471
322100119472
832600149473
342100179474
320600109475
632100139476
322600169477
328100199478
432600129479
432080139480
302030169481
326080199482
232030129483
382080159484
324030189485
032080119486
362030149487
322080179488
832030109489
832005119490
342000149491
320005179492
632000109493
322005139494
328000169495
432005199496
302000129497
326005159498
232000189499
032005190500
362000193501
322005196502
832000199503
342005192504
320000195505
632005198506
322000191507
328005194508
432000197509
432200198510
302700191511
326200194512
232700197513
382200190514
324700193515
032200196516
362700199517
322200192518
832700195519
832090196520
342040199521
320090192522
632040195523
322090198524
328040191525
432090194526
302040197527
326090190528
232040193529
232006194530
382001197531
324006190532
032001193533
362006196534
322001199535
832006192536
342001195537
320006198538
632001191539
632300192540
322800195541
328300198542
432800191543
302300194544
326800197545
232300190546
382800193547
324300196548
032800199549
032000190550
362050193551
322000196552
832050199553
342000192554
320050195555
632000198556
322050191557
328000194558
432050197559
432007198560
302002191561
326007194562
232002197563
382007190564
324002193565
032007196566
362002199567
322007192568
832002195569
832400196570
342900199571
320400192572
632900195573
322400198574
328900191575
432400194576
302900197577
326400190578
232900193579
232010194580
382060197581
324010190582
032060193583
362010196584
322060199585
832010192586
342060195587
320010198588
632060191589
632008192590
322003195591
328008198592
432003191593
302008194594
326003197595
232008190596
382003193597
324008196598
032003199599
832008119600
342003419601
320008719602
632003019603
322008319604
328003619605
432008919606
302003219607
326008519608
232003819609
232500919610
382000219611
324500519612
032000819613
362500119614
322000419615
832500719616
342000019617
320500319618
632000619619
632020719620
322070019621
328020319622
432070619623
302020919624
326070219625
232020519626
382070819627
324020119628
032070419629
032009519630
362004819631
322009119632
832004419633
342009719634
320004019635
632009319636
322004619637
328009919638
432004219639
432600319640
302100619641
326600919642
232100219643
382600519644
324100819645
032600119646
362100419647
322600719648
832100019649
832030119650
342080419651
320030719652
632080019653
322030319654
328080619655
432030919656
302080219657
326030519658
232080819659
232000919660
382005219661
324000519662
032005819663
362000119664
322005419665
832000719666
342005019667
320000319668
632005619669
632700719670
322200019671
328700319672
432200619673
302700919674
326200219675
232700519676
382200819677
324700119678
032200419679
032040519680
362090819681
322040119682
832090419683
342040719684
320090019685
632040319686
322090619687
328040919688
432090219689
432001319690
302006619691
326001919692
232006219693
382001519694
324006819695
032001119696
362006419697
322001719698
832006019699
632001129700
322006159701
328001189702
432006119703
302001149704
326006179705
232001109706
382006139707
324001169708
032006199709
032800109710
362300139711
322800169712
832300199713
342800129714
320300159715
632800189716
322300119717
328800149718
432300179719
432050189720
302000119721
326050149722
232000179723
382050109724
324000139725
032050169726
362000199727
322050129728
832000159729
832002169730
342007199731
320002129732
632007159733
322002189734
328007119735
432002149736
302007179737
326002109738
232007139739
232900149740
382400179741
324900109742
032400139743
362900169744
322400199745
832900129746
342400159747
320900189748
632400119749
632060129750
322010159751
328060189752
432010119753
302060149754
326010179755
232060109756
382010139757
324060169758
032010199759
032003109760
362008139761
322003169762
832008199763
342003129764
320008159765
632003189766
322008119767
328003149768
432008179769
432000189770
302500119771
326000149772
232500179773
382000109774
324500139775
032000169776
362500199777
322000129778
832500159779
832070169780
342020199781
320070129782
632020159783
322070189784
328020119785
432070149786
302020179787
326070109788
232020139789
232004149790
382009179791
324004109792
032009139793
362004169794
322009199795
832004129796
342009159797
320004189798
632009119799
432004193800
302009196801
326004199802
232009192803
382004195804
324009198805
032004191806
362009194807
322004197808
832009190809
832100191810
342600194811
320100197812
632600190813
322100193814
328600196815
432100199816
302600192817
326100195818
232600198819
232080199820
382030192821
324080195822
032030198823
362080191824
322030194825
832080197826
342030190827
320080193828
632030196829
632005197830
322000190831
328005193832
432000196833
302005199834
326000192835
232005195836
382000198837
324005191838
032000194839
032200195840
362700198841
322200191842
832700194843
342200197844
320700190845
632200193846
322700196847
328200199848
432700192849
432090193850
302040196851
326090199852
232040192853
382090195854
324040198855
032090191856
362040194857
322090197858
832040190859
832006191860
342001194861
320006197862
632001190863
322006193864
328001196865
432006199866
302001192867
326006195868
232001198869
232300199870
382800192871
324300195872
032800198873
362300191874
322800194875
832300197876
342800190877
320300193878
632800196879
632000197880
322050190881
328000193882
432050196883
302000199884
326050192885
232000195886
382050198887
324000191888
032050194889
032007195890
362002198891
322007191892
832002194893
342007197894
320002190895
632007193896
322002196897
328007199898
432002192899
232007419900
382002719901
324007019902
032002319903
362007619904
322002919905
832007219906
342002519907
320007819908
632002119909
632400219910
322900519911
328400819912
432900119913
302400419914
326900719915
232400019916
382900319917
324400619918
032900919919
032010019920
362060319921
322010619922
832060919923
342010219924
320060519925
632010819926
322060119927
328010419928
432060719929
432008819930
302003119931
326008419932
232003719933
382008019934
324003319935
032008619936
362003919937
322008219938
832003519939
832500619940
342000919941
320500219942
632000519943
322500819944
328000119945
432500419946
302000719947
326500019948
232000319949
232020419950
382070719951
324020019952
032070319953
362020619954
322070919955
832020219956
342070519957
320020819958
632070119959
632009219960
322004519961
328009819962
432004119963
302009419964
326004719965
232009019966
382004319967
324009619968
032004919969
032600019970
362100319971
322600619972
832100919973
342600219974
320100519975
632600819976
322100119977
328600419978
432100719979
432030819980
302080119981
326030419982
232080719983
382030019984
324080319985
032030619986
362080919987
322030219988
832080519989
832000619990
342005919991
320000219992
632005519993
322000819994
328005119995
432000419996
302005719997
326000019998
232005319999
732000520000