332007640001
329002940002
532007240003
312002540004
327007840005
332002140006
392007440007
325002740008
132007040009
132900140010
372400440011
323900740012
932400040013
352900340014
321400640015
732900940016
332400240017
329900540018
532400840019
532060940020
312010240021
327060540022
332010840023
392060140024
325010440025
132060740026
372010040027
323060340028
932010640029
932003740030
352008040031
321003340032
732008640033
332003940034
329008240035
532003540036
312008840037
327003140038
332008440039
332000540040
392500840041
325000140042
132500440043
372000740044
323500040045
932000340046
352500640047
321000940048
732500240049
732070340050
332020640051
329070940052
532020240053
312070540054
327020840055
332070140056
392020440057
325070740058
132020040059
132004140060
372009440061
323004740062
932009040063
352004340064
321009640065
732004940066
332009240067
329004540068
532009840069
532100940070
312600240071
327100540072
332600840073
392100140074
325600440075
132100740076
372600040077
323100340078
932600640079
932080740080
352030040081
321080340082
732030640083
332080940084
329030240085
532080540086
312030840087
327080140088
332030440089
332005540090
392000840091
325005140092
132000440093
372005740094
323000040095
932005340096
352000640097
321005940098
732000240099
532005440100
312000470101
327005400102
332000430103
392005460104
325000490105
132005420106
372000450107
323005480108
932000410109
932200420110
352700450111
321200480112
732700410113
332200440114
329700470115
532200400116
312700430117
327200460118
332700490119
332090400120
392040430121
325090460122
132040490123
372090420124
323040450125
932090480126
352040410127
321090440128
732040470129
732006480130
332001410131
329006440132
532001470133
312006400134
327001430135
332006460136
392001490137
325006420138
132001450139
132300460140
372800490141
323300420142
932800450143
352300480144
321800410145
732300440146
332800470147
329300400148
532800430149
532000440150
312050470151
327000400152
332050430153
392000460154
325050490155
132000420156
372050450157
323000480158
932050410159
932007420160
352002450161
321007480162
732002410163
332007440164
329002470165
532007400166
312002430167
327007460168
332002490169
332400400170
392900430171
325400460172
132900490173
372400420174
323900450175
932400480176
352900410177
321400440178
732900470179
732010480180
332060410181
329010440182
532060470183
312010400184
327060430185
332010460186
392060490187
325010420188
132060450189
132008460190
372003490191
323008420192
932003450193
352008480194
321003410195
732008440196
332003470197
329008400198
532003430199
332008405200
392003408201
325008401202
132003404203
372008407204
323003400205
932008403206
352003406207
321008409208
732003402209
732500403210
332000406211
329500409212
532000402213
312500405214
327000408215
332500401216
392000404217
325500407218
132000400219
132020401220
372070404221
323020407222
932070400223
352020403224
321070406225
732020409226
332070402227
329020405228
532070408229
532009409230
312004402231
327009405232
332004408233
392009401234
325004404235
132009407236
372004400237
323009403238
932004406239
932600407240
352100400241
321600403242
732100406243
332600409244
329100402245
532600405246
312100408247
327600401248
332100404249
332030405250
392080408251
325030401252
132080404253
372030407254
323080400255
932030403256
352080406257
321030409258
732080402259
732000403260
332005406261
329000409262
532005402263
312000405264
327005408265
332000401266
392005404267
325000407268
132005400269
132700401270
372200404271
323700407272
932200400273
352700403274
321200406275
732700409276
332200402277
329700405278
532200408279
532040409280
312090402281
327040405282
332090408283
392040401284
325090404285
132040407286
372090400287
323040403288
932090406289
932001407290
352006400291
321001403292
732006406293
332001409294
329006402295
532001405296
312006408297
327001401298
332006404299
132001640300
372006940301
323001240302
932006540303
352001840304
321006140305
732001440306
332006740307
329001040308
532006340309
532800440310
312300740311
327800040312
332300340313
392800640314
325300940315
132800240316
372300540317
323800840318
932300140319
932050240320
352000540321
321050840322
732000140323
332050440324
329000740325
532050040326
312000340327
327050640328
332000940329
332002040330
392007340331
325002640332
132007940333
372002240334
323007540335
932002840336
352007140337
321002440338
732007740339
732900840340
332400140341
329900440342
532400740343
312900040344
327400340345
332900640346
392400940347
325900240348
132400540349
132060640350
372010940351
323060240352
932010540353
352060840354
321010140355
732060440356
332010740357
329060040358
532010340359
532003440360
312008740361
327003040362
332008340363
392003640364
325008940365
132003240366
372008540367
323003840368
932008140369
932000240370
352500540371
321000840372
732500140373
332000440374
329500740375
532000040376
312500340377
327000640378
332500940379
332070040380
392020340381
325070640382
132020940383
372070240384
323020540385
932070840386
352020140387
321070440388
732020740389
732004840390
332009140391
329004440392
532009740393
312004040394
327009340395
332004640396
392009940397
325004240398
132009540399
932004470400
352009400401
321004430402
732009460403
332004490404
329009420405
532004450406
312009480407
327004410408
332009440409
332100450410
392600480411
325100410412
132600440413
372100470414
323600400415
932100430416
352600460417
321100490418
732600420419
732080430420
332030460421
329080490422
532030420423
312080450424
327030480425
332080410426
392030440427
325080470428
132030400429
132005410430
372000440431
323005470432
932000400433
352005430434
321000460435
732005490436
332000420437
329005450438
532000480439
532200490440
312700420441
327200450442
332700480443
392200410444
325700440445
132200470446
372700400447
323200430448
932700460449
932090470450
352040400451
321090430452
732040460453
332090490454
329040420455
532090450456
312040480457
327090410458
332040440459
332006450460
392001480461
325006410462
132001440463
372006470464
323001400465
932006430466
352001460467
321006490468
732001420469
732300430470
332800460471
329300490472
532800420473
312300450474
327800480475
332300410476
392800440477
325300470478
132800400479
132000410480
372050440481
323000470482
932050400483
352000430484
321050460485
732000490486
332050420487
329000450488
532050480489
532007490490
312002420491
327007450492
332002480493
392007410494
325002440495
132007470496
372002400497
323007430498
932002460499
732007408500
332002401501
329007404502
532002407503
312007400504
327002403505
332007406506
392002409507
325007402508
132002405509
132400406510
372900409511
323400402512
932900405513
352400408514
321900401515
732400404516
332900407517
329400400518
532900403519
532010404520
312060407521
327010400522
332060403523
392010406524
325060409525
132010402526
372060405527
323010408528
932060401529
932008402530
352003405531
321008408532
732003401533
332008404534
329003407535
532008400536
312003403537
327008406538
332003409539
332500400540
392000403541
325500406542
132000409543
372500402544
323000405545
932500408546
352000401547
321500404548
732000407549
732020408550
332070401551
329020404552
532070407553
312020400554
327070403555
332020406556
392070409557
325020402558
132070405559
132009406560
372004409561
323009402562
932004405563
352009408564
321004401565
732009404566
332004407567
329009400568
532004403569
532600404570
312100407571
327600400572
332100403573
392600406574
325100409575
132600402576
372100405577
323600408578
932100401579
932030402580
352080405581
321030408582
732080401583
332030404584
329080407585
532030400586
312080403587
327030406588
332080409589
332000400590
392005403591
325000406592
132005409593
372000402594
323005405595
932000408596
352005401597
321000404598
732005407599
532000940600
312005240601
327000540602
332005840603
392000140604
325005440605
132000740606
372005040607
323000340608
932005640609
932700740610
352200040611
321700340612
732200640613
332700940614
329200240615
532700540616
312200840617
327700140618
332200440619
332040540620
392090840621
325040140622
132090440623
372040740624
323090040625
932040340626
352090640627
321040940628
732090240629
732001340630
332006640631
329001940632
532006240633
312001540634
327006840635
332001140636
392006440637
325001740638
132006040639
132800140640
372300440641
323800740642
932300040643
352800340644
321300640645
732800940646
332300240647
329800540648
532300840649
532050940650
312000240651
327050540652
332000840653
392050140654
325000440655
132050740656
372000040657
323050340658
932000640659
932002740660
352007040661
321002340662
732007640663
332002940664
329007240665
532002540666
312007840667
327002140668
332007440669
332900540670
392400840671
325900140672
132400440673
372900740674
323400040675
932900340676
352400640677
321900940678
732400240679
732060340680
332010640681
329060940682
532010240683
312060540684
327010840685
332060140686
392010440687
325060740688
132010040689
132003140690
372008440691
323003740692
932008040693
352003340694
321008640695
732003940696
332008240697
329003540698
532008840699
332003400700
392008430701
325003460702
132008490703
372003420704
323008450705
932003480706
352008410707
321003440708
732008470709
732000480710
332500410711
329000440712
532500470713
312000400714
327500430715
332000460716
392500490717
325000420718
132500450719
132070460720
372020490721
323070420722
932020450723
352070480724
321020410725
732070440726
332020470727
329070400728
532020430729
532004440730
312009470731
327004400732
332009430733
392004460734
325009490735
132004420736
372009450737
323004480738
932009410739
932100420740
352600450741
321100480742
732600410743
332100440744
329600470745
532100400746
312600430747
327100460748
332600490749
332080400750
392030430751
325080460752
132030490753
372080420754
323030450755
932080480756
352030410757
321080440758
732030470759
732005480760
332000410761
329005440762
532000470763
312005400764
327000430765
332005460766
392000490767
325005420768
132000450769
132200460770
372700490771
323200420772
932700450773
352200480774
321700410775
732200440776
332700470777
329200400778
532700430779
532090440780
312040470781
327090400782
332040430783
392090460784
325040490785
132090420786
372040450787
323090480788
932040410789
932006420790
352001450791
321006480792
732001410793
332006440794
329001470795
532006400796
312001430797
327006460798
332001490799
132006401800
372001404801
323006407802
932001400803
352006403804
321001406805
732006409806
332001402807
329006405808
532001408809
532300409810
312800402811
327300405812
332800408813
392300401814
325800404815
132300407816
372800400817
323300403818
932800406819
932000407820
352050400821
321000403822
732050406823
332000409824
329050402825
532000405826
312050408827
327000401828
332050404829
332007405830
392002408831
325007401832
132002404833
372007407834
323002400835
932007403836
352002406837
321007409838
732002402839
732400403840
332900406841
329400409842
532900402843
312400405844
327900408845
332400401846
392900404847
325400407848
132900400849
132010401850
372060404851
323010407852
932060400853
352010403854
321060406855
732010409856
332060402857
329010405858
532060408859
532008409860
312003402861
327008405862
332003408863
392008401864
325003404865
132008407866
372003400867
323008403868
932003406869
932500407870
352000400871
321500403872
732000406873
332500409874
329000402875
532500405876
312000408877
327500401878
332000404879
332020405880
392070408881
325020401882
132070404883
372020407884
323070400885
932020403886
352070406887
321020409888
732070402889
732009403890
332004406891
329009409892
532004402893
312009405894
327004408895
332009401896
392004404897
325009407898
132004400899
932009240900
352004540901
321009840902
732004140903
332009440904
329004740905
532009040906
312004340907
327009640908
332004940909
332600040910
392100340911
325600640912
132100940913
372600240914
323100540915
932600840916
352100140917
321600440918
732100740919
732030840920
332080140921
329030440922
532080740923
312030040924
327080340925
332030640926
392080940927
325030240928
132080540929
132000640930
372005940931
323000240932
932005540933
352000840934
321005140935
732000440936
332005740937
329000040938
532005340939
532700440940
312200740941
327700040942
332200340943
392700640944
325200940945
132700240946
372200540947
323700840948
932200140949
932040240950
352090540951
321040840952
732090140953
332040440954
329090740955
532040040956
312090340957
327040640958
332090940959
332001040960
392006340961
325001640962
132006940963
372001240964
323006540965
932001840966
352006140967
321001440968
732006740969
732800840970
332300140971
329800440972
532300740973
312800040974
327300340975
332800640976
392300940977
325800240978
132300540979
132050640980
372000940981
323050240982
932000540983
352050840984
321000140985
732050440986
332000740987
329050040988
532000340989
532002440990
312007740991
327002040992
332007340993
392002640994
325007940995
132002240996
372007540997
323002840998
932007140999
932001941000
352006241001
321001541002
732006841003
332001141004
329006441005
532001741006
312006041007
327001341008
332006641009
332800741010
392300041011
325800341012
132300641013
372800941014
323300241015
932800541016
352300841017
321800141018
732300441019
732050541020
332000841021
329050141022
532000441023
312050741024
327000041025
332050341026
392000641027
325050941028
132000241029
132002341030
372007641031
323002941032
932007241033
352002541034
321007841035
732002141036
332007441037
329002741038
532007041039
532900141040
312400441041
327900741042
332400041043
392900341044
325400641045
132900941046
372400241047
323900541048
932400841049
932060941050
352010241051
321060541052
732010841053
332060141054
329010441055
532060741056
312010041057
327060341058
332010641059
332003741060
392008041061
325003341062
132008641063
372003941064
323008241065
932003541066
352008841067
321003141068
732008441069
732000541070
332500841071
329000141072
532500441073
312000741074
327500041075
332000341076
392500641077
325000941078
132500241079
132070341080
372020641081
323070941082
932020241083
352070541084
321020841085
732070141086
332020441087
329070741088
532020041089
532004141090
312009441091
327004741092
332009041093
392004341094
325009641095
132004941096
372009241097
323004541098
932009841099
732004401100
332009431101
329004461102
532009491103
312004421104
327009451105
332004481106
392009411107
325004441108
132009471109
132100481110
372600411111
323100441112
932600471113
352100401114
321600431115
732100461116
332600491117
329100421118
532600451119
532080461120
312030491121
327080421122
332030451123
392080481124
325030411125
132080441126
372030471127
323080401128
932030431129
932005441130
352000471131
321005401132
732000431133
332005461134
329000491135
532005421136
312000451137
327005481138
332000411139
332200421140
392700451141
325200481142
132700411143
372200441144
323700471145
932200401146
352700431147
321200461148
732700491149
732090401150
332040431151
329090461152
532040491153
312090421154
327040451155
332090481156
392040411157
325090441158
132040471159
132006481160
372001411161
323006441162
932001471163
352006401164
321001431165
732006461166
332001491167
329006421168
532001451169
532300461170
312800491171
327300421172
332800451173
392300481174
325800411175
132300441176
372800471177
323300401178
932800431179
932000441180
352050471181
321000401182
732050431183
332000461184
329050491185
532000421186
312050451187
327000481188
332050411189
332007421190
392002451191
325007481192
132002411193
372007441194
323002471195
932007401196
352002431197
321007461198
732002491199
532007411200
312002414201
327007417202
332002410203
392007413204
325002416205
132007419206
372002412207
323007415208
932002418209
932400419210
352900412211
321400415212
732900418213
332400411214
329900414215
532400417216
312900410217
327400413218
332900416219
332010417220
392060410221
325010413222
132060416223
372010419224
323060412225
932010415226
352060418227
321010411228
732060414229
732008415230
332003418231
329008411232
532003414233
312008417234
327003410235
332008413236
392003416237
325008419238
132003412239
132500413240
372000416241
323500419242
932000412243
352500415244
321000418245
732500411246
332000414247
329500417248
532000410249
532020411250
312070414251
327020417252
332070410253
392020413254
325070416255
132020419256
372070412257
323020415258
932070418259
932009419260
352004412261
321009415262
732004418263
332009411264
329004414265
532009417266
312004410267
327009413268
332004416269
332600417270
392100410271
325600413272
132100416273
372600419274
323100412275
932600415276
352100418277
321600411278
732100414279
732030415280
332080418281
329030411282
532080414283
312030417284
327080410285
332030413286
392080416287
325030419288
132080412289
132000413290
372005416291
323000419292
932005412293
352000415294
321005418295
732000411296
332005414297
329000417298
532005410299
332000241300
392005541301
325000841302
132005141303
372000441304
323005741305
932000041306
352005341307
321000641308
732005941309
732700041310
332200341311
329700641312
532200941313
312700241314
327200541315
332700841316
392200141317
325700441318
132200741319
132040841320
372090141321
323040441322
932090741323
352040041324
321090341325
732040641326
332090941327
329040241328
532090541329
532001641330
312006941331
327001241332
332006541333
392001841334
325006141335
132001441336
372006741337
323001041338
932006341339
932800441340
352300741341
321800041342
732300341343
332800641344
329300941345
532800241346
312300541347
327800841348
332300141349
332050241350
392000541351
325050841352
132000141353
372050441354
323000741355
932050041356
352000341357
321050641358
732000941359
732002041360
332007341361
329002641362
532007941363
312002241364
327007541365
332002841366
392007141367
325002441368
132007741369
132900841370
372400141371
323900441372
932400741373
352900041374
321400341375
732900641376
332400941377
329900241378
532400541379
532060641380
312010941381
327060241382
332010541383
392060841384
325010141385
132060441386
372010741387
323060041388
932010341389
932003441390
352008741391
321003041392
732008341393
332003641394
329008941395
532003241396
312008541397
327003841398
332008141399
132003431400
372008461401
323003491402
932008421403
352003451404
321008481405
732003411406
332008441407
329003471408
532008401409
532000411410
312500441411
327000471412
332500401413
392000431414
325500461415
132000491416
372500421417
323000451418
932500481419
932070491420
352020421421
321070451422
732020481423
332070411424
329020441425
532070471426
312020401427
327070431428
332020461429
332004471430
392009401431
325004431432
132009461433
372004491434
323009421435
932004451436
352009481437
321004411438
732009441439
732100451440
332600481441
329100411442
532600441443
312100471444
327600401445
332100431446
392600461447
325100491448
132600421449
132080431450
372030461451
323080491452
932030421453
352080451454
321030481455
732080411456
332030441457
329080471458
532030401459
532005411460
312000441461
327005471462
332000401463
392005431464
325000461465
132005491466
372000421467
323005451468
932000481469
932200491470
352700421471
321200451472
732700481473
332200411474
329700441475
532200471476
312700401477
327200431478
332700461479
332090471480
392040401481
325090431482
132040461483
372090491484
323040421485
932090451486
352040481487
321090411488
732040441489
732006451490
332001481491
329006411492
532001441493
312006471494
327001401495
332006431496
392001461497
325006491498
132001421499
932006414500
352001417501
321006410502
732001413503
332006416504
329001419505
532006412506
312001415507
327006418508
332001411509
332300412510
392800415511
325300418512
132800411513
372300414514
323800417515
932300410516
352800413517
321300416518
732800419519
732000410520
332050413521
329000416522
532050419523
312000412524
327050415525
332000418526
392050411527
325000414528
132050417529
132007418530
372002411531
323007414532
932002417533
352007410534
321002413535
732007416536
332002419537
329007412538
532002415539
532400416540
312900419541
327400412542
332900415543
392400418544
325900411545
132400414546
372900417547
323400410548
932900413549
932010414550
352060417551
321010410552
732060413553
332010416554
329060419555
532010412556
312060415557
327010418558
332060411559
332008412560
392003415561
325008418562
132003411563
372008414564
323003417565
932008410566
352003413567
321008416568
732003419569
732500410570
332000413571
329500416572
532000419573
312500412574
327000415575
332500418576
392000411577
325500414578
132000417579
132020418580
372070411581
323020414582
932070417583
352020410584
321070413585
732020416586
332070419587
329020412588
532070415589
532009416590
312004419591
327009412592
332004415593
392009418594
325004411595
132009414596
372004417597
323009410598
932004413599
732009541600
332004841601
329009141602
532004441603
312009741604
327004041605
332009341606
392004641607
325009941608
132004241609
132600341610
372100641611
323600941612
932100241613
352600541614
321100841615
732600141616
332100441617
329600741618
532100041619
532030141620
312080441621
327030741622
332080041623
392030341624
325080641625
132030941626
372080241627
323030541628
932080841629
932000941630
352005241631
321000541632
732005841633
332000141634
329005441635
532000741636
312005041637
327000341638
332005641639
332700741640
392200041641
325700341642
132200641643
372700941644
323200241645
932700541646
352200841647
321700141648
732200441649
732040541650
332090841651
329040141652
532090441653
312040741654
327090041655
332040341656
392090641657
325040941658
132090241659
132001341660
372006641661
323001941662
932006241663
352001541664
321006841665
732001141666
332006441667
329001741668
532006041669
532800141670
312300441671
327800741672
332300041673
392800341674
325300641675
132800941676
372300241677
323800541678
932300841679
932050941680
352000241681
321050541682
732000841683
332050141684
329000441685
532050741686
312000041687
327050341688
332000641689
332002741690
392007041691
325002341692
132007641693
372002941694
323007241695
932002541696
352007841697
321002141698
732007441699
532002461700
312007491701
327002421702
332007451703
392002481704
325007411705
132002441706
372007471707
323002401708
932007431709
932900441710
352400471711
321900401712
732400431713
332900461714
329400491715
532900421716
312400451717
327900481718
332400411719
332060421720
392010451721
325060481722
132010411723
372060441724
323010471725
932060401726
352010431727
321060461728
732010491729
732003401730
332008431731
329003461732
532008491733
312003421734
327008451735
332003481736
392008411737
325003441738
132008471739
132000481740
372500411741
323000441742
932500471743
352000401744
321500431745
732000461746
332500491747
329000421748
532500451749
532070461750
312020491751
327070421752
332020451753
392070481754
325020411755
132070441756
372020471757
323070401758
932020431759
932004441760
352009471761
321004401762
732009431763
332004461764
329009491765
532004421766
312009451767
327004481768
332009411769
332100421770
392600451771
325100481772
132600411773
372100441774
323600471775
932100401776
352600431777
321100461778
732600491779
732080401780
332030431781
329080461782
532030491783
312080421784
327030451785
332080481786
392030411787
325080441788
132030471789
132005481790
372000411791
323005441792
932000471793
352005401794
321000431795
732005461796
332000491797
329005421798
532000451799
332005417800
392000410801
325005413802
132000416803
372005419804
323000412805
932005415806
352000418807
321005411808
732000414809
732200415810
332700418811
329200411812
532700414813
312200417814
327700410815
332200413816
392700416817
325200419818
132700412819
132090413820
372040416821
323090419822
932040412823
352090415824
321040418825
732090411826
332040414827
329090417828
532040410829
532006411830
312001414831
327006417832
332001410833
392006413834
325001416835
132006419836
372001412837
323006415838
932001418839
932300419840
352800412841
321300415842
732800418843
332300411844
329800414845
532300417846
312800410847
327300413848
332800416849
332000417850
392050410851
325000413852
132050416853
372000419854
323050412855
932000415856
352050418857
321000411858
732050414859
732007415860
332002418861
329007411862
532002414863
312007417864
327002410865
332007413866
392002416867
325007419868
132002412869
132400413870
372900416871
323400419872
932900412873
352400415874
321900418875
732400411876
332900414877
329400417878
532900410879
532010411880
312060414881
327010417882
332060410883
392010413884
325060416885
132010419886
372060412887
323010415888
932060418889
932008419890
352003412891
321008415892
732003418893
332008411894
329003414895
532008417896
312003410897
327008413898
332003416899
132008841900
372003141901
323008441902
932003741903
352008041904
321003341905
732008641906
332003941907
329008241908
532003541909
532500641910
312000941911
327500241912
332000541913
392500841914
325000141915
132500441916
372000741917
323500041918
932000341919
932020441920
352070741921
321020041922
732070341923
332020641924
329070941925
532020241926
312070541927
327020841928
332070141929
332009241930
392004541931
325009841932
132004141933
372009441934
323004741935
932009041936
352004341937
321009641938
732004941939
732600041940
332100341941
329600641942
532100941943
312600241944
327100541945
332600841946
392100141947
325600441948
132100741949
132030841950
372080141951
323030441952
932080741953
352030041954
321080341955
732030641956
332080941957
329030241958
532080541959
532000641960
312005941961
327000241962
332005541963
392000841964
325005141965
132000441966
372005741967
323000041968
932005341969
932700441970
352200741971
321700041972
732200341973
332700641974
329200941975
532700241976
312200541977
327700841978
332200141979
332040241980
392090541981
325040841982
132090141983
372040441984
323090741985
932040041986
352090341987
321040641988
732090941989
732001041990
332006341991
329001641992
532006941993
312001241994
327006541995
332001841996
392006141997
325001441998
132006741999
132000542000
372005842001
323000142002
932005442003
352000742004
321005042005
732000342006
332005642007
329000942008
532005242009
532700342010
312200642011
327700942012
332200242013
392700542014
325200842015
132700142016
372200442017
323700742018
932200042019
932040142020
352090442021
321040742022
732090042023
332040342024
329090642025
532040942026
312090242027
327040542028
332090842029
332001942030
392006242031
325001542032
132006842033
372001142034
323006442035
932001742036
352006042037
321001342038
732006642039
732800742040
332300042041
329800342042
532300642043
312800942044
327300242045
332800542046
392300842047
325800142048
132300442049
132050542050
372000842051
323050142052
932000442053
352050742054
321000042055
732050342056
332000642057
329050942058
532000242059
532002342060
312007642061
327002942062
332007242063
392002542064
325007842065
132002142066
372007442067
323002742068
932007042069
932900142070
352400442071
321900742072
732400042073
332900342074
329400642075
532900942076
312400242077
327900542078
332400842079
332060942080
392010242081
325060542082
132010842083
372060142084
323010442085
932060742086
352010042087
321060342088
732010642089
732003742090
332008042091
329003342092
532008642093
312003942094
327008242095
332003542096
392008842097
325003142098
132008442099
932003462100
352008492101
321003422102
732008452103
332003482104
329008412105
532003442106
312008472107
327003402108
332008432109
332000442110
392500472111
325000402112
132500432113
372000462114
323500492115
932000422116
352500452117
321000482118
732500412119
732070422120
332020452121
329070482122
532020412123
312070442124
327020472125
332070402126
392020432127
325070462128
132020492129
132004402130
372009432131
323004462132
932009492133
352004422134
321009452135
732004482136
332009412137
329004442138
532009472139
532100482140
312600412141
327100442142
332600472143
392100402144
325600432145
132100462146
372600492147
323100422148
932600452149
932080462150
352030492151
321080422152
732030452153
332080482154
329030412155
532080442156
312030472157
327080402158
332030432159
332005442160
392000472161
325005402162
132000432163
372005462164
323000492165
932005422166
352000452167
321005482168
732000412169
732200422170
332700452171
329200482172
532700412173
312200442174
327700472175
332200402176
392700432177
325200462178
132700492179
132090402180
372040432181
323090462182
932040492183
352090422184
321040452185
732090482186
332040412187
329090442188
532040472189
532006482190
312001412191
327006442192
332001472193
392006402194
325001432195
132006462196
372001492197
323006422198
932001452199
732006427200
332001420201
329006423202
532001426203
312006429204
327001422205
332006425206
392001428207
325006421208
132001424209
132300425210
372800428211
323300421212
932800424213
352300427214
321800420215
732300423216
332800426217
329300429218
532800422219
532000423220
312050426221
327000429222
332050422223
392000425224
325050428225
132000421226
372050424227
323000427228
932050420229
932007421230
352002424231
321007427232
732002420233
332007423234
329002426235
532007429236
312002422237
327007425238
332002428239
332400429240
392900422241
325400425242
132900428243
372400421244
323900424245
932400427246
352900420247
321400423248
732900426249
732010427250
332060420251
329010423252
532060426253
312010429254
327060422255
332010425256
392060428257
325010421258
132060424259
132008425260
372003428261
323008421262
932003424263
352008427264
321003420265
732008423266
332003426267
329008429268
532003422269
532500423270
312000426271
327500429272
332000422273
392500425274
325000428275
132500421276
372000424277
323500427278
932000420279
932020421280
352070424281
321020427282
732070420283
332020423284
329070426285
532020429286
312070422287
327020425288
332070428289
332009429290
392004422291
325009425292
132004428293
372009421294
323004424295
932009427296
352004420297
321009423298
732004426299
532009842300
312004142301
327009442302
332004742303
392009042304
325004342305
132009642306
372004942307
323009242308
932004542309
932600642310
352100942311
321600242312
732100542313
332600842314
329100142315
532600442316
312100742317
327600042318
332100342319
332030442320
392080742321
325030042322
132080342323
372030642324
323080942325
932030242326
352080542327
321030842328
732080142329
732000242330
332005542331
329000842332
532005142333
312000442334
327005742335
332000042336
392005342337
325000642338
132005942339
132700042340
372200342341
323700642342
932200942343
352700242344
321200542345
732700842346
332200142347
329700442348
532200742349
532040842350
312090142351
327040442352
332090742353
392040042354
325090342355
132040642356
372090942357
323040242358
932090542359
932001642360
352006942361
321001242362
732006542363
332001842364
329006142365
532001442366
312006742367
327001042368
332006342369
332800442370
392300742371
325800042372
132300342373
372800642374
323300942375
932800242376
352300542377
321800842378
732300142379
732050242380
332000542381
329050842382
532000142383
312050442384
327000742385
332050042386
392000342387
325050642388
132000942389
132002042390
372007342391
323002642392
932007942393
352002242394
321007542395
732002842396
332007142397
329002442398
532007742399
332002492400
392007422401
325002452402
132007482403
372002412404
323007442405
932002472406
352007402407
321002432408
732007462409
732900472410
332400402411
329900432412
532400462413
312900492414
327400422415
332900452416
392400482417
325900412418
132400442419
132060452420
372010482421
323060412422
932010442423
352060472424
321010402425
732060432426
332010462427
329060492428
532010422429
532003432430
312008462431
327003492432
332008422433
392003452434
325008482435
132003412436
372008442437
323003472438
932008402439
932000412440
352500442441
321000472442
732500402443
332000432444
329500462445
532000492446
312500422447
327000452448
332500482449
332070492450
392020422451
325070452452
132020482453
372070412454
323020442455
932070472456
352020402457
321070432458
732020462459
732004472460
332009402461
329004432462
532009462463
312004492464
327009422465
332004452466
392009482467
325004412468
132009442469
132100452470
372600482471
323100412472
932600442473
352100472474
321600402475
732100432476
332600462477
329100492478
532600422479
532080432480
312030462481
327080492482
332030422483
392080452484
325030482485
132080412486
372030442487
323080472488
932030402489
932005412490
352000442491
321005472492
732000402493
332005432494
329000462495
532005492496
312000422497
327005452498
332000482499
132005420500
372000423501
323005426502
932000429503
352005422504
321000425505
732005428506
332000421507
329005424508
532000427509
532200428510
312700421511
327200424512
332700427513
392200420514
325700423515
132200426516
372700429517
323200422518
932700425519
932090426520
352040429521
321090422522
732040425523
332090428524
329040421525
532090424526
312040427527
327090420528
332040423529
332006424530
392001427531
325006420532
132001423533
372006426534
323001429535
932006422536
352001425537
321006428538
732001421539
732300422540
332800425541
329300428542
532800421543
312300424544
327800427545
332300420546
392800423547
325300426548
132800429549
132000420550
372050423551
323000426552
932050429553
352000422554
321050425555
732000428556
332050421557
329000424558
532050427559
532007428560
312002421561
327007424562
332002427563
392007420564
325002423565
132007426566
372002429567
323007422568
932002425569
932400426570
352900429571
321400422572
732900425573
332400428574
329900421575
532400424576
312900427577
327400420578
332900423579
332010424580
392060427581
325010420582
132060423583
372010426584
323060429585
932010422586
352060425587
321010428588
732060421589
732008422590
332003425591
329008428592
532003421593
312008424594
327003427595
332008420596
392003423597
325008426598
132003429599
932008142600
352003442601
321008742602
732003042603
332008342604
329003642605
532008942606
312003242607
327008542608
332003842609
332500942610
392000242611
325500542612
132000842613
372500142614
323000442615
932500742616
352000042617
321500342618
732000642619
732020742620
332070042621
329020342622
532070642623
312020942624
327070242625
332020542626
392070842627
325020142628
132070442629
132009542630
372004842631
323009142632
932004442633
352009742634
321004042635
732009342636
332004642637
329009942638
532004242639
532600342640
312100642641
327600942642
332100242643
392600542644
325100842645
132600142646
372100442647
323600742648
932100042649
932030142650
352080442651
321030742652
732080042653
332030342654
329080642655
532030942656
312080242657
327030542658
332080842659
332000942660
392005242661
325000542662
132005842663
372000142664
323005442665
932000742666
352005042667
321000342668
732005642669
732700742670
332200042671
329700342672
532200642673
312700942674
327200242675
332700542676
392200842677
325700142678
132200442679
132040542680
372090842681
323040142682
932090442683
352040742684
321090042685
732040342686
332090642687
329040942688
532090242689
532001342690
312006642691
327001942692
332006242693
392001542694
325006842695
132001142696
372006442697
323001742698
932006042699
732001422700
332006452701
329001482702
532006412703
312001442704
327006472705
332001402706
392006432707
325001462708
132006492709
132800402710
372300432711
323800462712
932300492713
352800422714
321300452715
732800482716
332300412717
329800442718
532300472719
532050482720
312000412721
327050442722
332000472723
392050402724
325000432725
132050462726
372000492727
323050422728
932000452729
932002462730
352007492731
321002422732
732007452733
332002482734
329007412735
532002442736
312007472737
327002402738
332007432739
332900442740
392400472741
325900402742
132400432743
372900462744
323400492745
932900422746
352400452747
321900482748
732400412749
732060422750
332010452751
329060482752
532010412753
312060442754
327010472755
332060402756
392010432757
325060462758
132010492759
132003402760
372008432761
323003462762
932008492763
352003422764
321008452765
732003482766
332008412767
329003442768
532008472769
532000482770
312500412771
327000442772
332500472773
392000402774
325500432775
132000462776
372500492777
323000422778
932500452779
932070462780
352020492781
321070422782
732020452783
332070482784
329020412785
532070442786
312020472787
327070402788
332020432789
332004442790
392009472791
325004402792
132009432793
372004462794
323009492795
932004422796
352009452797
321004482798
732009412799
532004423800
312009426801
327004429802
332009422803
392004425804
325009428805
132004421806
372009424807
323004427808
932009420809
932100421810
352600424811
321100427812
732600420813
332100423814
329600426815
532100429816
312600422817
327100425818
332600428819
332080429820
392030422821
325080425822
132030428823
372080421824
323030424825
932080427826
352030420827
321080423828
732030426829
732005427830
332000420831
329005423832
532000426833
312005429834
327000422835
332005425836
392000428837
325005421838
132000424839
132200425840
372700428841
323200421842
932700424843
352200427844
321700420845
732200423846
332700426847
329200429848
532700422849
532090423850
312040426851
327090429852
332040422853
392090425854
325040428855
132090421856
372040424857
323090427858
932040420859
932006421860
352001424861
321006427862
732001420863
332006423864
329001426865
532006429866
312001422867
327006425868
332001428869
332300429870
392800422871
325300425872
132800428873
372300421874
323800424875
932300427876
352800420877
321300423878
732800426879
732000427880
332050420881
329000423882
532050426883
312000429884
327050422885
332000425886
392050428887
325000421888
132050424889
132007425890
372002428891
323007421892
932002424893
352007427894
321002420895
732007423896
332002426897
329007429898
532002422899
332007442900
392002742901
325007042902
132002342903
372007642904
323002942905
932007242906
352002542907
321007842908
732002142909
732400242910
332900542911
329400842912
532900142913
312400442914
327900742915
332400042916
392900342917
325400642918
132900942919
132010042920
372060342921
323010642922
932060942923
352010242924
321060542925
732010842926
332060142927
329010442928
532060742929
532008842930
312003142931
327008442932
332003742933
392008042934
325003342935
132008642936
372003942937
323008242938
932003542939
932500642940
352000942941
321500242942
732000542943
332500842944
329000142945
532500442946
312000742947
327500042948
332000342949
332020442950
392070742951
325020042952
132070342953
372020642954
323070942955
932020242956
352070542957
321020842958
732070142959
732009242960
332004542961
329009842962
532004142963
312009442964
327004742965
332009042966
392004342967
325009642968
132004942969
132600042970
372100342971
323600642972
932100942973
352600242974
321100542975
732600842976
332100142977
329600442978
532100742979
532030842980
312080142981
327030442982
332080742983
392030042984
325080342985
132030642986
372080942987
323030242988
932080542989
932000642990
352005942991
321000242992
732005542993
332000842994
329005142995
532000442996
312005742997
327000042998
332005342999
332009143000
392004443001
325009743002
132004043003
372009343004
323004643005
932009943006
352004243007
321009543008
732004843009
732600943010
332100243011
329600543012
532100843013
312600143014
327100443015
332600743016
392100043017
325600343018
132100643019
132030743020
372080043021
323030343022
932080643023
352030943024
321080243025
732030543026
332080843027
329030143028
532080443029
532000543030
312005843031
327000143032
332005443033
392000743034
325005043035
132000343036
372005643037
323000943038
932005243039
932700343040
352200643041
321700943042
732200243043
332700543044
329200843045
532700143046
312200443047
327700743048
332200043049
332040143050
392090443051
325040743052
132090043053
372040343054
323090643055
932040943056
352090243057
321040543058
732090843059
732001943060
332006243061
329001543062
532006843063
312001143064
327006443065
332001743066
392006043067
325001343068
132006643069
132800743070
372300043071
323800343072
932300643073
352800943074
321300243075
732800543076
332300843077
329800143078
532300443079
532050543080
312000843081
327050143082
332000443083
392050743084
325000043085
132050343086
372000643087
323050943088
932000243089
932002343090
352007643091
321002943092
732007243093
332002543094
329007843095
532002143096
312007443097
327002743098
332007043099
132002423100
372007453101
323002483102
932007413103
352002443104
321007473105
732002403106
332007433107
329002463108
532007493109
532900403110
312400433111
327900463112
332400493113
392900423114
325400453115
132900483116
372400413117
323900443118
932400473119
932060483120
352010413121
321060443122
732010473123
332060403124
329010433125
532060463126
312010493127
327060423128
332010453129
332003463130
392008493131
325003423132
132008453133
372003483134
323008413135
932003443136
352008473137
321003403138
732008433139
732000443140
332500473141
329000403142
532500433143
312000463144
327500493145
332000423146
392500453147
325000483148
132500413149
132070423150
372020453151
323070483152
932020413153
352070443154
321020473155
732070403156
332020433157
329070463158
532020493159
532004403160
312009433161
327004463162
332009493163
392004423164
325009453165
132004483166
372009413167
323004443168
932009473169
932100483170
352600413171
321100443172
732600473173
332100403174
329600433175
532100463176
312600493177
327100423178
332600453179
332080463180
392030493181
325080423182
132030453183
372080483184
323030413185
932080443186
352030473187
321080403188
732030433189
732005443190
332000473191
329005403192
532000433193
312005463194
327000493195
332005423196
392000453197
325005483198
132000413199
932005433200
352000436201
321005439202
732000432203
332005435204
329000438205
532005431206
312000434207
327005437208
332000430209
332200431210
392700434211
325200437212
132700430213
372200433214
323700436215
932200439216
352700432217
321200435218
732700438219
732090439220
332040432221
329090435222
532040438223
312090431224
327040434225
332090437226
392040430227
325090433228
132040436229
132006437230
372001430231
323006433232
932001436233
352006439234
321001432235
732006435236
332001438237
329006431238
532001434239
532300435240
312800438241
327300431242
332800434243
392300437244
325800430245
132300433246
372800436247
323300439248
932800432249
932000433250
352050436251
321000439252
732050432253
332000435254
329050438255
532000431256
312050434257
327000437258
332050430259
332007431260
392002434261
325007437262
132002430263
372007433264
323002436265
932007439266
352002432267
321007435268
732002438269
732400439270
332900432271
329400435272
532900438273
312400431274
327900434275
332400437276
392900430277
325400433278
132900436279
132010437280
372060430281
323010433282
932060436283
352010439284
321060432285
732010435286
332060438287
329010431288
532060434289
532008435290
312003438291
327008431292
332003434293
392008437294
325003430295
132008433296
372003436297
323008439298
932003432299
732008443300
332003743301
329008043302
532003343303
312008643304
327003943305
332008243306
392003543307
325008843308
132003143309
132500243310
372000543311
323500843312
932000143313
352500443314
321000743315
732500043316
332000343317
329500643318
532000943319
532020043320
312070343321
327020643322
332070943323
392020243324
325070543325
132020843326
372070143327
323020443328
932070743329
932009843330
352004143331
321009443332
732004743333
332009043334
329004343335
532009643336
312004943337
327009243338
332004543339
332600643340
392100943341
325600243342
132100543343
372600843344
323100143345
932600443346
352100743347
321600043348
732100343349
732030443350
332080743351
329030043352
532080343353
312030643354
327080943355
332030243356
392080543357
325030843358
132080143359
132000243360
372005543361
323000843362
932005143363
352000443364
321005743365
732000043366
332005343367
329000643368
532005943369
532700043370
312200343371
327700643372
332200943373
392700243374
325200543375
132700843376
372200143377
323700443378
932200743379
932040843380
352090143381
321040443382
732090743383
332040043384
329090343385
532040643386
312090943387
327040243388
332090543389
332001643390
392006943391
325001243392
132006543393
372001843394
323006143395
932001443396
352006743397
321001043398
732006343399
532001453400
312006483401
327001413402
332006443403
392001473404
325006403405
132001433406
372006463407
323001493408
932006423409
932800433410
352300463411
321800493412
732300423413
332800453414
329300483415
532800413416
312300443417
327800473418
332300403419
332050413420
392000443421
325050473422
132000403423
372050433424
323000463425
932050493426
352000423427
321050453428
732000483429
732002493430
332007423431
329002453432
532007483433
312002413434
327007443435
332002473436
392007403437
325002433438
132007463439
132900473440
372400403441
323900433442
932400463443
352900493444
321400423445
732900453446
332400483447
329900413448
532400443449
532060453450
312010483451
327060413452
332010443453
392060473454
325010403455
132060433456
372010463457
323060493458
932010423459
932003433460
352008463461
321003493462
732008423463
332003453464
329008483465
532003413466
312008443467
327003473468
332008403469
332000413470
392500443471
325000473472
132500403473
372000433474
323500463475
932000493476
352500423477
321000453478
732500483479
732070493480
332020423481
329070453482
532020483483
312070413484
327020443485
332070473486
392020403487
325070433488
132020463489
132004473490
372009403491
323004433492
932009463493
352004493494
321009423495
732004453496
332009483497
329004413498
532009443499
332004436500
392009439501
325004432502
132009435503
372004438504
323009431505
932004434506
352009437507
321004430508
732009433509
732100434510
332600437511
329100430512
532600433513
312100436514
327600439515
332100432516
392600435517
325100438518
132600431519
132080432520
372030435521
323080438522
932030431523
352080434524
321030437525
732080430526
332030433527
329080436528
532030439529
532005430530
312000433531
327005436532
332000439533
392005432534
325000435535
132005438536
372000431537
323005434538
932000437539
932200438540
352700431541
321200434542
732700437543
332200430544
329700433545
532200436546
312700439547
327200432548
332700435549
332090436550
392040439551
325090432552
132040435553
372090438554
323040431555
932090434556
352040437557
321090430558
732040433559
732006434560
332001437561
329006430562
532001433563
312006436564
327001439565
332006432566
392001435567
325006438568
132001431569
132300432570
372800435571
323300438572
932800431573
352300434574
321800437575
732300430576
332800433577
329300436578
532800439579
532000430580
312050433581
327000436582
332050439583
392000432584
325050435585
132000438586
372050431587
323000434588
932050437589
932007438590
352002431591
321007434592
732002437593
332007430594
329002433595
532007436596
312002439597
327007432598
332002435599
132007743600
372002043601
323007343602
932002643603
352007943604
321002243605
732007543606
332002843607
329007143608
532002443609
532400543610
312900843611
327400143612
332900443613
392400743614
325900043615
132400343616
372900643617
323400943618
932900243619
932010343620
352060643621
321010943622
732060243623
332010543624
329060843625
532010143626
312060443627
327010743628
332060043629
332008143630
392003443631
325008743632
132003043633
372008343634
323003643635
932008943636
352003243637
321008543638
732003843639
732500943640
332000243641
329500543642
532000843643
312500143644
327000443645
332500743646
392000043647
325500343648
132000643649
132020743650
372070043651
323020343652
932070643653
352020943654
321070243655
732020543656
332070843657
329020143658
532070443659
532009543660
312004843661
327009143662
332004443663
392009743664
325004043665
132009343666
372004643667
323009943668
932004243669
932600343670
352100643671
321600943672
732100243673
332600543674
329100843675
532600143676
312100443677
327600743678
332100043679
332030143680
392080443681
325030743682
132080043683
372030343684
323080643685
932030943686
352080243687
321030543688
732080843689
732000943690
332005243691
329000543692
532005843693
312000143694
327005443695
332000743696
392005043697
325000343698
132005643699
932000483700
352005413701
321000443702
732005473703
332000403704
329005433705
532000463706
312005493707
327000423708
332005453709
332700463710
392200493711
325700423712
132200453713
372700483714
323200413715
932700443716
352200473717
321700403718
732200433719
732040443720
332090473721
329040403722
532090433723
312040463724
327090493725
332040423726
392090453727
325040483728
132090413729
132001423730
372006453731
323001483732
932006413733
352001443734
321006473735
732001403736
332006433737
329001463738
532006493739
532800403740
312300433741
327800463742
332300493743
392800423744
325300453745
132800483746
372300413747
323800443748
932300473749
932050483750
352000413751
321050443752
732000473753
332050403754
329000433755
532050463756
312000493757
327050423758
332000453759
332002463760
392007493761
325002423762
132007453763
372002483764
323007413765
932002443766
352007473767
321002403768
732007433769
732900443770
332400473771
329900403772
532400433773
312900463774
327400493775
332900423776
392400453777
325900483778
132400413779
132060423780
372010453781
323060483782
932010413783
352060443784
321010473785
732060403786
332010433787
329060463788
532010493789
532003403790
312008433791
327003463792
332008493793
392003423794
325008453795
132003483796
372008413797
323003443798
932008473799
732003439800
332008432801
329003435802
532008438803
312003431804
327008434805
332003437806
392008430807
325003433808
132008436809
132000437810
372500430811
323000433812
932500436813
352000439814
321500432815
732000435816
332500438817
329000431818
532500434819
532070435820
312020438821
327070431822
332020434823
392070437824
325020430825
132070433826
372020436827
323070439828
932020432829
932004433830
352009436831
321004439832
732009432833
332004435834
329009438835
532004431836
312009434837
327004437838
332009430839
332100431840
392600434841
325100437842
132600430843
372100433844
323600436845
932100439846
352600432847
321100435848
732600438849
732080439850
332030432851
329080435852
532030438853
312080431854
327030434855
332080437856
392030430857
325080433858
132030436859
132005437860
372000430861
323005433862
932000436863
352005439864
321000432865
732005435866
332000438867
329005431868
532000434869
532200435870
312700438871
327200431872
332700434873
392200437874
325700430875
132200433876
372700436877
323200439878
932700432879
932090433880
352040436881
321090439882
732040432883
332090435884
329040438885
532090431886
312040434887
327090437888
332040430889
332006431890
392001434891
325006437892
132001430893
372006433894
323001436895
932006439896
352001432897
321006435898
732001438899
532006043900
312001343901
327006643902
332001943903
392006243904
325001543905
132006843906
372001143907
323006443908
932001743909
932300843910
352800143911
321300443912
732800743913
332300043914
329800343915
532300643916
312800943917
327300243918
332800543919
332000643920
392050943921
325000243922
132050543923
372000843924
323050143925
932000443926
352050743927
321000043928
732050343929
732007443930
332002743931
329007043932
532002343933
312007643934
327002943935
332007243936
392002543937
325007843938
132002143939
132400243940
372900543941
323400843942
932900143943
352400443944
321900743945
732400043946
332900343947
329400643948
532900943949
532010043950
312060343951
327010643952
332060943953
392010243954
325060543955
132010843956
372060143957
323010443958
932060743959
932008843960
352003143961
321008443962
732003743963
332008043964
329003343965
532008643966
312003943967
327008243968
332003543969
332500643970
392000943971
325500243972
132000543973
372500843974
323000143975
932500443976
352000743977
321500043978
732000343979
732020443980
332070743981
329020043982
532070343983
312020643984
327070943985
332020243986
392070543987
325020843988
132070143989
132009243990
372004543991
323009843992
932004143993
352009443994
321004743995
732009043996
332004343997
329009643998
532004943999
532008744000
312003044001
327008344002
332003644003
392008944004
325003244005
132008544006
372003844007
323008144008
932003444009
932500544010
352000844011
321500144012
732000444013
332500744014
329000044015
532500344016
312000644017
327500944018
332000244019
332020344020
392070644021
325020944022
132070244023
372020544024
323070844025
932020144026
352070444027
321020744028
732070044029
732009144030
332004444031
329009744032
532004044033
312009344034
327004644035
332009944036
392004244037
325009544038
132004844039
132600944040
372100244041
323600544042
932100844043
352600144044
321100444045
732600744046
332100044047
329600344048
532100644049
532030744050
312080044051
327030344052
332080644053
392030944054
325080244055
132030544056
372080844057
323030144058
932080444059
932000544060
352005844061
321000144062
732005444063
332000744064
329005044065
532000344066
312005644067
327000944068
332005244069
332700344070
392200644071
325700944072
132200244073
372700544074
323200844075
932700144076
352200444077
321700744078
732200044079
732040144080
332090444081
329040744082
532090044083
312040344084
327090644085
332040944086
392090244087
325040544088
132090844089
132001944090
372006244091
323001544092
932006844093
352001144094
321006444095
732001744096
332006044097
329001344098
532006644099
332001484100
392006414101
325001444102
132006474103
372001404104
323006434105
932001464106
352006494107
321001424108
732006454109
732800464110
332300494111
329800424112
532300454113
312800484114
327300414115
332800444116
392300474117
325800404118
132300434119
132050444120
372000474121
323050404122
932000434123
352050464124
321000494125
732050424126
332000454127
329050484128
532000414129
532002424130
312007454131
327002484132
332007414133
392002444134
325007474135
132002404136
372007434137
323002464138
932007494139
932900404140
352400434141
321900464142
732400494143
332900424144
329400454145
532900484146
312400414147
327900444148
332400474149
332060484150
392010414151
325060444152
132010474153
372060404154
323010434155
932060464156
352010494157
321060424158
732010454159
732003464160
332008494161
329003424162
532008454163
312003484164
327008414165
332003444166
392008474167
325003404168
132008434169
132000444170
372500474171
323000404172
932500434173
352000464174
321500494175
732000424176
332500454177
329000484178
532500414179
532070424180
312020454181
327070484182
332020414183
392070444184
325020474185
132070404186
372020434187
323070464188
932020494189
932004404190
352009434191
321004464192
732009494193
332004424194
329009454195
532004484196
312009414197
327004444198
332009474199
132004449200
372009442201
323004445202
932009448203
352004441204
321009444205
732004447206
332009440207
329004443208
532009446209
532100447210
312600440211
327100443212
332600446213
392100449214
325600442215
132100445216
372600448217
323100441218
932600444219
932080445220
352030448221
321080441222
732030444223
332080447224
329030440225
532080443226
312030446227
327080449228
332030442229
332005443230
392000446231
325005449232
132000442233
372005445234
323000448235
932005441236
352000444237
321005447238
732000440239
732200441240
332700444241
329200447242
532700440243
312200443244
327700446245
332200449246
392700442247
325200445248
132700448249
132090449250
372040442251
323090445252
932040448253
352090441254
321040444255
732090447256
332040440257
329090443258
532040446259
532006447260
312001440261
327006443262
332001446263
392006449264
325001442265
132006445266
372001448267
323006441268
932001444269
932300445270
352800448271
321300441272
732800444273
332300447274
329800440275
532300443276
312800446277
327300449278
332800442279
332000443280
392050446281
325000449282
132050442283
372000445284
323050448285
932000441286
352050444287
321000447288
732050440289
732007441290
332002444291
329007447292
532002440293
312007443294
327002446295
332007449296
392002442297
325007445298
132002448299
932007044300
352002344301
321007644302
732002944303
332007244304
329002544305
532007844306
312002144307
327007444308
332002744309
332400844310
392900144311
325400444312
132900744313
372400044314
323900344315
932400644316
352900944317
321400244318
732900544319
732010644320
332060944321
329010244322
532060544323
312010844324
327060144325
332010444326
392060744327
325010044328
132060344329
132008444330
372003744331
323008044332
932003344333
352008644334
321003944335
732008244336
332003544337
329008844338
532003144339
532500244340
312000544341
327500844342
332000144343
392500444344
325000744345
132500044346
372000344347
323500644348
932000944349
932020044350
352070344351
321020644352
732070944353
332020244354
329070544355
532020844356
312070144357
327020444358
332070744359
332009844360
392004144361
325009444362
132004744363
372009044364
323004344365
932009644366
352004944367
321009244368
732004544369
732600644370
332100944371
329600244372
532100544373
312600844374
327100144375
332600444376
392100744377
325600044378
132100344379
132030444380
372080744381
323030044382
932080344383
352030644384
321080944385
732030244386
332080544387
329030844388
532080144389
532000244390
312005544391
327000844392
332005144393
392000444394
325005744395
132000044396
372005344397
323000644398
932005944399
732000414400
332005444401
329000474402
532005404403
312000434404
327005464405
332000494406
392005424407
325000454408
132005484409
132700494410
372200424411
323700454412
932200484413
352700414414
321200444415
732700474416
332200404417
329700434418
532200464419
532040474420
312090404421
327040434422
332090464423
392040494424
325090424425
132040454426
372090484427
323040414428
932090444429
932001454430
352006484431
321001414432
732006444433
332001474434
329006404435
532001434436
312006464437
327001494438
332006424439
332800434440
392300464441
325800494442
132300424443
372800454444
323300484445
932800414446
352300444447
321800474448
732300404449
732050414450
332000444451
329050474452
532000404453
312050434454
327000464455
332050494456
392000424457
325050454458
132000484459
132002494460
372007424461
323002454462
932007484463
352002414464
321007444465
732002474466
332007404467
329002434468
532007464469
532900474470
312400404471
327900434472
332400464473
392900494474
325400424475
132900454476
372400484477
323900414478
932400444479
932060454480
352010484481
321060414482
732010444483
332060474484
329010404485
532060434486
312010464487
327060494488
332010424489
332003434490
392008464491
325003494492
132008424493
372003454494
323008484495
932003414496
352008444497
321003474498
732008404499
532003442500
312008445501
327003448502
332008441503
392003444504
325008447505
132003440506
372008443507
323003446508
932008449509
932000440510
352500443511
321000446512
732500449513
332000442514
329500445515
532000448516
312500441517
327000444518
332500447519
332070448520
392020441521
325070444522
132020447523
372070440524
323020443525
932070446526
352020449527
321070442528
732020445529
732004446530
332009449531
329004442532
532009445533
312004448534
327009441535
332004444536
392009447537
325004440538
132009443539
132100444540
372600447541
323100440542
932600443543
352100446544
321600449545
732100442546
332600445547
329100448548
532600441549
532080442550
312030445551
327080448552
332030441553
392080444554
325030447555
132080440556
372030443557
323080446558
932030449559
932005440560
352000443561
321005446562
732000449563
332005442564
329000445565
532005448566
312000441567
327005444568
332000447569
332200448570
392700441571
325200444572
132700447573
372200440574
323700443575
932200446576
352700449577
321200442578
732700445579
732090446580
332040449581
329090442582
532040445583
312090448584
327040441585
332090444586
392040447587
325090440588
132040443589
132006444590
372001447591
323006440592
932001443593
352006446594
321001449595
732006442596
332001445597
329006448598
532001441599
332006344600
392001644601
325006944602
132001244603
372006544604
323001844605
932006144606
352001444607
321006744608
732001044609
732300144610
332800444611
329300744612
532800044613
312300344614
327800644615
332300944616
392800244617
325300544618
132800844619
132000944620
372050244621
323000544622
932050844623
352000144624
321050444625
732000744626
332050044627
329000344628
532050644629
532007744630
312002044631
327007344632
332002644633
392007944634
325002244635
132007544636
372002844637
323007144638
932002444639
932400544640
352900844641
321400144642
732900444643
332400744644
329900044645
532400344646
312900644647
327400944648
332900244649
332010344650
392060644651
325010944652
132060244653
372010544654
323060844655
932010144656
352060444657
321010744658
732060044659
732008144660
332003444661
329008744662
532003044663
312008344664
327003644665
332008944666
392003244667
325008544668
132003844669
132500944670
372000244671
323500544672
932000844673
352500144674
321000444675
732500744676
332000044677
329500344678
532000644679
532020744680
312070044681
327020344682
332070644683
392020944684
325070244685
132020544686
372070844687
323020144688
932070444689
932009544690
352004844691
321009144692
732004444693
332009744694
329004044695
532009344696
312004644697
327009944698
332004244699
132009444700
372004474701
323009404702
932004434703
352009464704
321004494705
732009424706
332004454707
329009484708
532004414709
532600424710
312100454711
327600484712
332100414713
392600444714
325100474715
132600404716
372100434717
323600464718
932100494719
932030404720
352080434721
321030464722
732080494723
332030424724
329080454725
532030484726
312080414727
327030444728
332080474729
332000484730
392005414731
325000444732
132005474733
372000404734
323005434735
932000464736
352005494737
321000424738
732005454739
732700464740
332200494741
329700424742
532200454743
312700484744
327200414745
332700444746
392200474747
325700404748
132200434749
132040444750
372090474751
323040404752
932090434753
352040464754
321090494755
732040424756
332090454757
329040484758
532090414759
532001424760
312006454761
327001484762
332006414763
392001444764
325006474765
132001404766
372006434767
323001464768
932006494769
932800404770
352300434771
321800464772
732300494773
332800424774
329300454775
532800484776
312300414777
327800444778
332300474779
332050484780
392000414781
325050444782
132000474783
372050404784
323000434785
932050464786
352000494787
321050424788
732000454789
732002464790
332007494791
329002424792
532007454793
312002484794
327007414795
332002444796
392007474797
325002404798
132007434799
932002445800
352007448801
321002441802
732007444803
332002447804
329007440805
532002443806
312007446807
327002449808
332007442809
332900443810
392400446811
325900449812
132400442813
372900445814
323400448815
932900441816
352400444817
321900447818
732400440819
732060441820
332010444821
329060447822
532010440823
312060443824
327010446825
332060449826
392010442827
325060445828
132010448829
132003449830
372008442831
323003445832
932008448833
352003441834
321008444835
732003447836
332008440837
329003443838
532008446839
532000447840
312500440841
327000443842
332500446843
392000449844
325500442845
132000445846
372500448847
323000441848
932500444849
932070445850
352020448851
321070441852
732020444853
332070447854
329020440855
532070443856
312020446857
327070449858
332020442859
332004443860
392009446861
325004449862
132009442863
372004445864
323009448865
932004441866
352009444867
321004447868
732009440869
732100441870
332600444871
329100447872
532600440873
312100443874
327600446875
332100449876
392600442877
325100445878
132600448879
132080449880
372030442881
323080445882
932030448883
352080441884
321030444885
732080447886
332030440887
329080443888
532030446889
532005447890
312000440891
327005443892
332000446893
392005449894
325000442895
132005445896
372000448897
323005441898
932000444899
732005644900
332000944901
329005244902
532000544903
312005844904
327000144905
332005444906
392000744907
325005044908
132000344909
132200444910
372700744911
323200044912
932700344913
352200644914
321700944915
732200244916
332700544917
329200844918
532700144919
532090244920
312040544921
327090844922
332040144923
392090444924
325040744925
132090044926
372040344927
323090644928
932040944929
932006044930
352001344931
321006644932
732001944933
332006244934
329001544935
532006844936
312001144937
327006444938
332001744939
332300844940
392800144941
325300444942
132800744943
372300044944
323800344945
932300644946
352800944947
321300244948
732800544949
732000644950
332050944951
329000244952
532050544953
312000844954
327050144955
332000444956
392050744957
325000044958
132050344959
132007444960
372002744961
323007044962
932002344963
352007644964
321002944965
732007244966
332002544967
329007844968
532002144969
532400244970
312900544971
327400844972
332900144973
392400444974
325900744975
132400044976
372900344977
323400644978
932900944979
932010044980
352060344981
321010644982
732060944983
332010244984
329060544985
532010844986
312060144987
327010444988
332060744989
332008844990
392003144991
325008444992
132003744993
372008044994
323003344995
932008644996
352003944997
321008244998
732003544999
732007345000
332002645001
329007945002
532002245003
312007545004
327002845005
332007145006
392002445007
325007745008
132002045009
132400145010
372900445011
323400745012
932900045013
352400345014
321900645015
732400945016
332900245017
329400545018
532900845019
532010945020
312060245021
327010545022
332060845023
392010145024
325060445025
132010745026
372060045027
323010345028
932060645029
932008745030
352003045031
321008345032
732003645033
332008945034
329003245035
532008545036
312003845037
327008145038
332003445039
332500545040
392000845041
325500145042
132000445043
372500745044
323000045045
932500345046
352000645047
321500945048
732000245049
732020345050
332070645051
329020945052
532070245053
312020545054
327070845055
332020145056
392070445057
325020745058
132070045059
132009145060
372004445061
323009745062
932004045063
352009345064
321004645065
732009945066
332004245067
329009545068
532004845069
532600945070
312100245071
327600545072
332100845073
392600145074
325100445075
132600745076
372100045077
323600345078
932100645079
932030745080
352080045081
321030345082
732080645083
332030945084
329080245085
532030545086
312080845087
327030145088
332080445089
332000545090
392005845091
325000145092
132005445093
372000745094
323005045095
932000345096
352005645097
321000945098
732005245099
532000445100
312005475101
327000405102
332005435103
392000465104
325005495105
132000425106
372005455107
323000485108
932005415109
932700425110
352200455111
321700485112
732200415113
332700445114
329200475115
532700405116
312200435117
327700465118
332200495119
332040405120
392090435121
325040465122
132090495123
372040425124
323090455125
932040485126
352090415127
321040445128
732090475129
732001485130
332006415131
329001445132
532006475133
312001405134
327006435135
332001465136
392006495137
325001425138
132006455139
132800465140
372300495141
323800425142
932300455143
352800485144
321300415145
732800445146
332300475147
329800405148
532300435149
532050445150
312000475151
327050405152
332000435153
392050465154
325000495155
132050425156
372000455157
323050485158
932000415159
932002425160
352007455161
321002485162
732007415163
332002445164
329007475165
532002405166
312007435167
327002465168
332007495169
332900405170
392400435171
325900465172
132400495173
372900425174
323400455175
932900485176
352400415177
321900445178
732400475179
732060485180
332010415181
329060445182
532010475183
312060405184
327010435185
332060465186
392010495187
325060425188
132010455189
132003465190
372008495191
323003425192
932008455193
352003485194
321008415195
732003445196
332008475197
329003405198
532008435199
332003455200
392008458201
325003451202
132008454203
372003457204
323008450205
932003453206
352008456207
321003459208
732008452209
732000453210
332500456211
329000459212
532500452213
312000455214
327500458215
332000451216
392500454217
325000457218
132500450219
132070451220
372020454221
323070457222
932020450223
352070453224
321020456225
732070459226
332020452227
329070455228
532020458229
532004459230
312009452231
327004455232
332009458233
392004451234
325009454235
132004457236
372009450237
323004453238
932009456239
932100457240
352600450241
321100453242
732600456243
332100459244
329600452245
532100455246
312600458247
327100451248
332600454249
332080455250
392030458251
325080451252
132030454253
372080457254
323030450255
932080453256
352030456257
321080459258
732030452259
732005453260
332000456261
329005459262
532000452263
312005455264
327000458265
332005451266
392000454267
325005457268
132000450269
132200451270
372700454271
323200457272
932700450273
352200453274
321700456275
732200459276
332700452277
329200455278
532700458279
532090459280
312040452281
327090455282
332040458283
392090451284
325040454285
132090457286
372040450287
323090453288
932040456289
932006457290
352001450291
321006453292
732001456293
332006459294
329001452295
532006455296
312001458297
327006451298
332001454299
132006645300
372001945301
323006245302
932001545303
352006845304
321001145305
732006445306
332001745307
329006045308
532001345309
532300445310
312800745311
327300045312
332800345313
392300645314
325800945315
132300245316
372800545317
323300845318
932800145319
932000245320
352050545321
321000845322
732050145323
332000445324
329050745325
532000045326
312050345327
327000645328
332050945329
332007045330
392002345331
325007645332
132002945333
372007245334
323002545335
932007845336
352002145337
321007445338
732002745339
732400845340
332900145341
329400445342
532900745343
312400045344
327900345345
332400645346
392900945347
325400245348
132900545349
132010645350
372060945351
323010245352
932060545353
352010845354
321060145355
732010445356
332060745357
329010045358
532060345359
532008445360
312003745361
327008045362
332003345363
392008645364
325003945365
132008245366
372003545367
323008845368
932003145369
932500245370
352000545371
321500845372
732000145373
332500445374
329000745375
532500045376
312000345377
327500645378
332000945379
332020045380
392070345381
325020645382
132070945383
372020245384
323070545385
932020845386
352070145387
321020445388
732070745389
732009845390
332004145391
329009445392
532004745393
312009045394
327004345395
332009645396
392004945397
325009245398
132004545399
932009475400
352004405401
321009435402
732004465403
332009495404
329004425405
532009455406
312004485407
327009415408
332004445409
332600455410
392100485411
325600415412
132100445413
372600475414
323100405415
932600435416
352100465417
321600495418
732100425419
732030435420
332080465421
329030495422
532080425423
312030455424
327080485425
332030415426
392080445427
325030475428
132080405429
132000415430
372005445431
323000475432
932005405433
352000435434
321005465435
732000495436
332005425437
329000455438
532005485439
532700495440
312200425441
327700455442
332200485443
392700415444
325200445445
132700475446
372200405447
323700435448
932200465449
932040475450
352090405451
321040435452
732090465453
332040495454
329090425455
532040455456
312090485457
327040415458
332090445459
332001455460
392006485461
325001415462
132006445463
372001475464
323006405465
932001435466
352006465467
321001495468
732006425469
732800435470
332300465471
329800495472
532300425473
312800455474
327300485475
332800415476
392300445477
325800475478
132300405479
132050415480
372000445481
323050475482
932000405483
352050435484
321000465485
732050495486
332000425487
329050455488
532000485489
532002495490
312007425491
327002455492
332007485493
392002415494
325007445495
132002475496
372007405497
323002435498
932007465499
732002458500
332007451501
329002454502
532007457503
312002450504
327007453505
332002456506
392007459507
325002452508
132007455509
132900456510
372400459511
323900452512
932400455513
352900458514
321400451515
732900454516
332400457517
329900450518
532400453519
532060454520
312010457521
327060450522
332010453523
392060456524
325010459525
132060452526
372010455527
323060458528
932010451529
932003452530
352008455531
321003458532
732008451533
332003454534
329008457535
532003450536
312008453537
327003456538
332008459539
332000450540
392500453541
325000456542
132500459543
372000452544
323500455545
932000458546
352500451547
321000454548
732500457549
732070458550
332020451551
329070454552
532020457553
312070450554
327020453555
332070456556
392020459557
325070452558
132020455559
132004456560
372009459561
323004452562
932009455563
352004458564
321009451565
732004454566
332009457567
329004450568
532009453569
532100454570
312600457571
327100450572
332600453573
392100456574
325600459575
132100452576
372600455577
323100458578
932600451579
932080452580
352030455581
321080458582
732030451583
332080454584
329030457585
532080450586
312030453587
327080456588
332030459589
332005450590
392000453591
325005456592
132000459593
372005452594
323000455595
932005458596
352000451597
321005454598
732000457599
532005945600
312000245601
327005545602
332000845603
392005145604
325000445605
132005745606
372000045607
323005345608
932000645609
932200745610
352700045611
321200345612
732700645613
332200945614
329700245615
532200545616
312700845617
327200145618
332700445619
332090545620
392040845621
325090145622
132040445623
372090745624
323040045625
932090345626
352040645627
321090945628
732040245629
732006345630
332001645631
329006945632
532001245633
312006545634
327001845635
332006145636
392001445637
325006745638
132001045639
132300145640
372800445641
323300745642
932800045643
352300345644
321800645645
732300945646
332800245647
329300545648
532800845649
532000945650
312050245651
327000545652
332050845653
392000145654
325050445655
132000745656
372050045657
323000345658
932050645659
932007745660
352002045661
321007345662
732002645663
332007945664
329002245665
532007545666
312002845667
327007145668
332002445669
332400545670
392900845671
325400145672
132900445673
372400745674
323900045675
932400345676
352900645677
321400945678
732900245679
732010345680
332060645681
329010945682
532060245683
312010545684
327060845685
332010145686
392060445687
325010745688
132060045689
132008145690
372003445691
323008745692
932003045693
352008345694
321003645695
732008945696
332003245697
329008545698
532003845699
332008405700
392003435701
325008465702
132003495703
372008425704
323003455705
932008485706
352003415707
321008445708
732003475709
732500485710
332000415711
329500445712
532000475713
312500405714
327000435715
332500465716
392000495717
325500425718
132000455719
132020465720
372070495721
323020425722
932070455723
352020485724
321070415725
732020445726
332070475727
329020405728
532070435729
532009445730
312004475731
327009405732
332004435733
392009465734
325004495735
132009425736
372004455737
323009485738
932004415739
932600425740
352100455741
321600485742
732100415743
332600445744
329100475745
532600405746
312100435747
327600465748
332100495749
332030405750
392080435751
325030465752
132080495753
372030425754
323080455755
932030485756
352080415757
321030445758
732080475759
732000485760
332005415761
329000445762
532005475763
312000405764
327005435765
332000465766
392005495767
325000425768
132005455769
132700465770
372200495771
323700425772
932200455773
352700485774
321200415775
732700445776
332200475777
329700405778
532200435779
532040445780
312090475781
327040405782
332090435783
392040465784
325090495785
132040425786
372090455787
323040485788
932090415789
932001425790
352006455791
321001485792
732006415793
332001445794
329006475795
532001405796
312006435797
327001465798
332006495799
132001451800
372006454801
323001457802
932006450803
352001453804
321006456805
732001459806
332006452807
329001455808
532006458809
532800459810
312300452811
327800455812
332300458813
392800451814
325300454815
132800457816
372300450817
323800453818
932300456819
932050457820
352000450821
321050453822
732000456823
332050459824
329000452825
532050455826
312000458827
327050451828
332000454829
332002455830
392007458831
325002451832
132007454833
372002457834
323007450835
932002453836
352007456837
321002459838
732007452839
732900453840
332400456841
329900459842
532400452843
312900455844
327400458845
332900451846
392400454847
325900457848
132400450849
132060451850
372010454851
323060457852
932010450853
352060453854
321010456855
732060459856
332010452857
329060455858
532010458859
532003459860
312008452861
327003455862
332008458863
392003451864
325008454865
132003457866
372008450867
323003453868
932008456869
932000457870
352500450871
321000453872
732500456873
332000459874
329500452875
532000455876
312500458877
327000451878
332500454879
332070455880
392020458881
325070451882
132020454883
372070457884
323020450885
932070453886
352020456887
321070459888
732020452889
732004453890
332009456891
329004459892
532009452893
312004455894
327009458895
332004451896
392009454897
325004457898
132009450899
932004245900
352009545901
321004845902
732009145903
332004445904
329009745905
532004045906
312009345907
327004645908
332009945909
332100045910
392600345911
325100645912
132600945913
372100245914
323600545915
932100845916
352600145917
321100445918
732600745919
732080845920
332030145921
329080445922
532030745923
312080045924
327030345925
332080645926
392030945927
325080245928
132030545929
132005645930
372000945931
323005245932
932000545933
352005845934
321000145935
732005445936
332000745937
329005045938
532000345939
532200445940
312700745941
327200045942
332700345943
392200645944
325700945945
132200245946
372700545947
323200845948
932700145949
932090245950
352040545951
321090845952
732040145953
332090445954
329040745955
532090045956
312040345957
327090645958
332040945959
332006045960
392001345961
325006645962
132001945963
372006245964
323001545965
932006845966
352001145967
321006445968
732001745969
732300845970
332800145971
329300445972
532800745973
312300045974
327800345975
332300645976
392800945977
325300245978
132800545979
132000645980
372050945981
323000245982
932050545983
352000845984
321050145985
732000445986
332050745987
329000045988
532050345989
532007445990
312002745991
327007045992
332002345993
392007645994
325002945995
132007245996
372002545997
323007845998
932002145999
932006946000
352001246001
321006546002
732001846003
332006146004
329001446005
532006746006
312001046007
327006346008
332001646009
332300746010
392800046011
325300346012
132800646013
372300946014
323800246015
932300546016
352800846017
321300146018
732800446019
732000546020
332050846021
329000146022
532050446023
312000746024
327050046025
332000346026
392050646027
325000946028
132050246029
132007346030
372002646031
323007946032
932002246033
352007546034
321002846035
732007146036
332002446037
329007746038
532002046039
532400146040
312900446041
327400746042
332900046043
392400346044
325900646045
132400946046
372900246047
323400546048
932900846049
932010946050
352060246051
321010546052
732060846053
332010146054
329060446055
532010746056
312060046057
327010346058
332060646059
332008746060
392003046061
325008346062
132003646063
372008946064
323003246065
932008546066
352003846067
321008146068
732003446069
732500546070
332000846071
329500146072
532000446073
312500746074
327000046075
332500346076
392000646077
325500946078
132000246079
132020346080
372070646081
323020946082
932070246083
352020546084
321070846085
732020146086
332070446087
329020746088
532070046089
532009146090
312004446091
327009746092
332004046093
392009346094
325004646095
132009946096
372004246097
323009546098
932004846099
732009406100
332004436101
329009466102
532004496103
312009426104
327004456105
332009486106
392004416107
325009446108
132004476109
132600486110
372100416111
323600446112
932100476113
352600406114
321100436115
732600466116
332100496117
329600426118
532100456119
532030466120
312080496121
327030426122
332080456123
392030486124
325080416125
132030446126
372080476127
323030406128
932080436129
932000446130
352005476131
321000406132
732005436133
332000466134
329005496135
532000426136
312005456137
327000486138
332005416139
332700426140
392200456141
325700486142
132200416143
372700446144
323200476145
932700406146
352200436147
321700466148
732200496149
732040406150
332090436151
329040466152
532090496153
312040426154
327090456155
332040486156
392090416157
325040446158
132090476159
132001486160
372006416161
323001446162
932006476163
352001406164
321006436165
732001466166
332006496167
329001426168
532006456169
532800466170
312300496171
327800426172
332300456173
392800486174
325300416175
132800446176
372300476177
323800406178
932300436179
932050446180
352000476181
321050406182
732000436183
332050466184
329000496185
532050426186
312000456187
327050486188
332000416189
332002426190
392007456191
325002486192
132007416193
372002446194
323007476195
932002406196
352007436197
321002466198
732007496199
532002461200
312007464201
327002467202
332007460203
392002463204
325007466205
132002469206
372007462207
323002465208
932007468209
932900469210
352400462211
321900465212
732400468213
332900461214
329400464215
532900467216
312400460217
327900463218
332400466219
332060467220
392010460221
325060463222
132010466223
372060469224
323010462225
932060465226
352010468227
321060461228
732010464229
732003465230
332008468231
329003461232
532008464233
312003467234
327008460235
332003463236
392008466237
325003469238
132008462239
132000463240
372500466241
323000469242
932500462243
352000465244
321500468245
732000461246
332500464247
329000467248
532500460249
532070461250
312020464251
327070467252
332020460253
392070463254
325020466255
132070469256
372020462257
323070465258
932020468259
932004469260
352009462261
321004465262
732009468263
332004461264
329009464265
532004467266
312009460267
327004463268
332009466269
332100467270
392600460271
325100463272
132600466273
372100469274
323600462275
932100465276
352600468277
321100461278
732600464279
732080465280
332030468281
329080461282
532030464283
312080467284
327030460285
332080463286
392030466287
325080469288
132030462289
132005463290
372000466291
323005469292
932000462293
352005465294
321000468295
732005461296
332000464297
329005467298
532000460299
332005246300
392000546301
325005846302
132000146303
372005446304
323000746305
932005046306
352000346307
321005646308
732000946309
732200046310
332700346311
329200646312
532700946313
312200246314
327700546315
332200846316
392700146317
325200446318
132700746319
132090846320
372040146321
323090446322
932040746323
352090046324
321040346325
732090646326
332040946327
329090246328
532040546329
532006646330
312001946331
327006246332
332001546333
392006846334
325001146335
132006446336
372001746337
323006046338
932001346339
932300446340
352800746341
321300046342
732800346343
332300646344
329800946345
532300246346
312800546347
327300846348
332800146349
332000246350
392050546351
325000846352
132050146353
372000446354
323050746355
932000046356
352050346357
321000646358
732050946359
732007046360
332002346361
329007646362
532002946363
312007246364
327002546365
332007846366
392002146367
325007446368
132002746369
132400846370
372900146371
323400446372
932900746373
352400046374
321900346375
732400646376
332900946377
329400246378
532900546379
532010646380
312060946381
327010246382
332060546383
392010846384
325060146385
132010446386
372060746387
323010046388
932060346389
932008446390
352003746391
321008046392
732003346393
332008646394
329003946395
532008246396
312003546397
327008846398
332003146399
132008436400
372003466401
323008496402
932003426403
352008456404
321003486405
732008416406
332003446407
329008476408
532003406409
532500416410
312000446411
327500476412
332000406413
392500436414
325000466415
132500496416
372000426417
323500456418
932000486419
932020496420
352070426421
321020456422
732070486423
332020416424
329070446425
532020476426
312070406427
327020436428
332070466429
332009476430
392004406431
325009436432
132004466433
372009496434
323004426435
932009456436
352004486437
321009416438
732004446439
732600456440
332100486441
329600416442
532100446443
312600476444
327100406445
332600436446
392100466447
325600496448
132100426449
132030436450
372080466451
323030496452
932080426453
352030456454
321080486455
732030416456
332080446457
329030476458
532080406459
532000416460
312005446461
327000476462
332005406463
392000436464
325005466465
132000496466
372005426467
323000456468
932005486469
932700496470
352200426471
321700456472
732200486473
332700416474
329200446475
532700476476
312200406477
327700436478
332200466479
332040476480
392090406481
325040436482
132090466483
372040496484
323090426485
932040456486
352090486487
321040416488
732090446489
732001456490
332006486491
329001416492
532006446493
312001476494
327006406495
332001436496
392006466497
325001496498
132006426499
932001464500
352006467501
321001460502
732006463503
332001466504
329006469505
532001462506
312006465507
327001468508
332006461509
332800462510
392300465511
325800468512
132300461513
372800464514
323300467515
932800460516
352300463517
321800466518
732300469519
732050460520
332000463521
329050466522
532000469523
312050462524
327000465525
332050468526
392000461527
325050464528
132000467529
132002468530
372007461531
323002464532
932007467533
352002460534
321007463535
732002466536
332007469537
329002462538
532007465539
532900466540
312400469541
327900462542
332400465543
392900468544
325400461545
132900464546
372400467547
323900460548
932400463549
932060464550
352010467551
321060460552
732010463553
332060466554
329010469555
532060462556
312010465557
327060468558
332010461559
332003462560
392008465561
325003468562
132008461563
372003464564
323008467565
932003460566
352008463567
321003466568
732008469569
732000460570
332500463571
329000466572
532500469573
312000462574
327500465575
332000468576
392500461577
325000464578
132500467579
132070468580
372020461581
323070464582
932020467583
352070460584
321020463585
732070466586
332020469587
329070462588
532020465589
532004466590
312009469591
327004462592
332009465593
392004468594
325009461595
132004464596
372009467597
323004460598
932009463599
732004546600
332009846601
329004146602
532009446603
312004746604
327009046605
332004346606
392009646607
325004946608
132009246609
132100346610
372600646611
323100946612
932600246613
352100546614
321600846615
732100146616
332600446617
329100746618
532600046619
532080146620
312030446621
327080746622
332030046623
392080346624
325030646625
132080946626
372030246627
323080546628
932030846629
932005946630
352000246631
321005546632
732000846633
332005146634
329000446635
532005746636
312000046637
327005346638
332000646639
332200746640
392700046641
325200346642
132700646643
372200946644
323700246645
932200546646
352700846647
321200146648
732700446649
732090546650
332040846651
329090146652
532040446653
312090746654
327040046655
332090346656
392040646657
325090946658
132040246659
132006346660
372001646661
323006946662
932001246663
352006546664
321001846665
732006146666
332001446667
329006746668
532001046669
532300146670
312800446671
327300746672
332800046673
392300346674
325800646675
132300946676
372800246677
323300546678
932800846679
932000946680
352050246681
321000546682
732050846683
332000146684
329050446685
532000746686
312050046687
327000346688
332050646689
332007746690
392002046691
325007346692
132002646693
372007946694
323002246695
932007546696
352002846697
321007146698
732002446699
532007466700
312002496701
327007426702
332002456703
392007486704
325002416705
132007446706
372002476707
323007406708
932002436709
932400446710
352900476711
321400406712
732900436713
332400466714
329900496715
532400426716
312900456717
327400486718
332900416719
332010426720
392060456721
325010486722
132060416723
372010446724
323060476725
932010406726
352060436727
321010466728
732060496729
732008406730
332003436731
329008466732
532003496733
312008426734
327003456735
332008486736
392003416737
325008446738
132003476739
132500486740
372000416741
323500446742
932000476743
352500406744
321000436745
732500466746
332000496747
329500426748
532000456749
532020466750
312070496751
327020426752
332070456753
392020486754
325070416755
132020446756
372070476757
323020406758
932070436759
932009446760
352004476761
321009406762
732004436763
332009466764
329004496765
532009426766
312004456767
327009486768
332004416769
332600426770
392100456771
325600486772
132100416773
372600446774
323100476775
932600406776
352100436777
321600466778
732100496779
732030406780
332080436781
329030466782
532080496783
312030426784
327080456785
332030486786
392080416787
325030446788
132080476789
132000486790
372005416791
323000446792
932005476793
352000406794
321005436795
732000466796
332005496797
329000426798
532005456799
332000467800
392005460801
325000463802
132005466803
372000469804
323005462805
932000465806
352005468807
321000461808
732005464809
732700465810
332200468811
329700461812
532200464813
312700467814
327200460815
332700463816
392200466817
325700469818
132200462819
132040463820
372090466821
323040469822
932090462823
352040465824
321090468825
732040461826
332090464827
329040467828
532090460829
532001461830
312006464831
327001467832
332006460833
392001463834
325006466835
132001469836
372006462837
323001465838
932006468839
932800469840
352300462841
321800465842
732300468843
332800461844
329300464845
532800467846
312300460847
327800463848
332300466849
332050467850
392000460851
325050463852
132000466853
372050469854
323000462855
932050465856
352000468857
321050461858
732000464859
732002465860
332007468861
329002461862
532007464863
312002467864
327007460865
332002463866
392007466867
325002469868
132007462869
132900463870
372400466871
323900469872
932400462873
352900465874
321400468875
732900461876
332400464877
329900467878
532400460879
532060461880
312010464881
327060467882
332010460883
392060463884
325010466885
132060469886
372010462887
323060465888
932010468889
932003469890
352008462891
321003465892
732008468893
332003461894
329008464895
532003467896
312008460897
327003463898
332008466899
132003846900
372008146901
323003446902
932008746903
352003046904
321008346905
732003646906
332008946907
329003246908
532008546909
532000646910
312500946911
327000246912
332500546913
392000846914
325500146915
132000446916
372500746917
323000046918
932500346919
932070446920
352020746921
321070046922
732020346923
332070646924
329020946925
532070246926
312020546927
327070846928
332020146929
332004246930
392009546931
325004846932
132009146933
372004446934
323009746935
932004046936
352009346937
321004646938
732009946939
732100046940
332600346941
329100646942
532600946943
312100246944
327600546945
332100846946
392600146947
325100446948
132600746949
132080846950
372030146951
323080446952
932030746953
352080046954
321030346955
732080646956
332030946957
329080246958
532030546959
532005646960
312000946961
327005246962
332000546963
392005846964
325000146965
132005446966
372000746967
323005046968
932000346969
932200446970
352700746971
321200046972
732700346973
332200646974
329700946975
532200246976
312700546977
327200846978
332700146979
332090246980
392040546981
325090846982
132040146983
372090446984
323040746985
932090046986
352040346987
321090646988
732040946989
732006046990
332001346991
329006646992
532001946993
312006246994
327001546995
332006846996
392001146997
325006446998
132001746999
132005547000
372000847001
323005147002
932000447003
352005747004
321000047005
732005347006
332000647007
329005947008
532000247009
532200347010
312700647011
327200947012
332700247013
392200547014
325700847015
132200147016
372700447017
323200747018
932700047019
932090147020
352040447021
321090747022
732040047023
332090347024
329040647025
532090947026
312040247027
327090547028
332040847029
332006947030
392001247031
325006547032
132001847033
372006147034
323001447035
932006747036
352001047037
321006347038
732001647039
732300747040
332800047041
329300347042
532800647043
312300947044
327800247045
332300547046
392800847047
325300147048
132800447049
132000547050
372050847051
323000147052
932050447053
352000747054
321050047055
732000347056
332050647057
329000947058
532050247059
532007347060
312002647061
327007947062
332002247063
392007547064
325002847065
132007147066
372002447067
323007747068
932002047069
932400147070
352900447071
321400747072
732900047073
332400347074
329900647075
532400947076
312900247077
327400547078
332900847079
332010947080
392060247081
325010547082
132060847083
372010147084
323060447085
932010747086
352060047087
321010347088
732060647089
732008747090
332003047091
329008347092
532003647093
312008947094
327003247095
332008547096
392003847097
325008147098
132003447099
932008467100
352003497101
321008427102
732003457103
332008487104
329003417105
532008447106
312003477107
327008407108
332003437109
332500447110
392000477111
325500407112
132000437113
372500467114
323000497115
932500427116
352000457117
321500487118
732000417119
732020427120
332070457121
329020487122
532070417123
312020447124
327070477125
332020407126
392070437127
325020467128
132070497129
132009407130
372004437131
323009467132
932004497133
352009427134
321004457135
732009487136
332004417137
329009447138
532004477139
532600487140
312100417141
327600447142
332100477143
392600407144
325100437145
132600467146
372100497147
323600427148
932100457149
932030467150
352080497151
321030427152
732080457153
332030487154
329080417155
532030447156
312080477157
327030407158
332080437159
332000447160
392005477161
325000407162
132005437163
372000467164
323005497165
932000427166
352005457167
321000487168
732005417169
732700427170
332200457171
329700487172
532200417173
312700447174
327200477175
332700407176
392200437177
325700467178
132200497179
132040407180
372090437181
323040467182
932090497183
352040427184
321090457185
732040487186
332090417187
329040447188
532090477189
532001487190
312006417191
327001447192
332006477193
392001407194
325006437195
132001467196
372006497197
323001427198
932006457199
732001477200
332006470201
329001473202
532006476203
312001479204
327006472205
332001475206
392006478207
325001471208
132006474209
132800475210
372300478211
323800471212
932300474213
352800477214
321300470215
732800473216
332300476217
329800479218
532300472219
532050473220
312000476221
327050479222
332000472223
392050475224
325000478225
132050471226
372000474227
323050477228
932000470229
932002471230
352007474231
321002477232
732007470233
332002473234
329007476235
532002479236
312007472237
327002475238
332007478239
332900479240
392400472241
325900475242
132400478243
372900471244
323400474245
932900477246
352400470247
321900473248
732400476249
732060477250
332010470251
329060473252
532010476253
312060479254
327010472255
332060475256
392010478257
325060471258
132010474259
132003475260
372008478261
323003471262
932008474263
352003477264
321008470265
732003473266
332008476267
329003479268
532008472269
532000473270
312500476271
327000479272
332500472273
392000475274
325500478275
132000471276
372500474277
323000477278
932500470279
932070471280
352020474281
321070477282
732020470283
332070473284
329020476285
532070479286
312020472287
327070475288
332020478289
332004479290
392009472291
325004475292
132009478293
372004471294
323009474295
932004477296
352009470297
321004473298
732009476299
532004847300
312009147301
327004447302
332009747303
392004047304
325009347305
132004647306
372009947307
323004247308
932009547309
932100647310
352600947311
321100247312
732600547313
332100847314
329600147315
532100447316
312600747317
327100047318
332600347319
332080447320
392030747321
325080047322
132030347323
372080647324
323030947325
932080247326
352030547327
321080847328
732030147329
732005247330
332000547331
329005847332
532000147333
312005447334
327000747335
332005047336
392000347337
325005647338
132000947339
132200047340
372700347341
323200647342
932700947343
352200247344
321700547345
732200847346
332700147347
329200447348
532700747349
532090847350
312040147351
327090447352
332040747353
392090047354
325040347355
132090647356
372040947357
323090247358
932040547359
932006647360
352001947361
321006247362
732001547363
332006847364
329001147365
532006447366
312001747367
327006047368
332001347369
332300447370
392800747371
325300047372
132800347373
372300647374
323800947375
932300247376
352800547377
321300847378
732800147379
732000247380
332050547381
329000847382
532050147383
312000447384
327050747385
332000047386
392050347387
325000647388
132050947389
132007047390
372002347391
323007647392
932002947393
352007247394
321002547395
732007847396
332002147397
329007447398
532002747399
332007497400
392002427401
325007457402
132002487403
372007417404
323002447405
932007477406
352002407407
321007437408
732002467409
732400477410
332900407411
329400437412
532900467413
312400497414
327900427415
332400457416
392900487417
325400417418
132900447419
132010457420
372060487421
323010417422
932060447423
352010477424
321060407425
732010437426
332060467427
329010497428
532060427429
532008437430
312003467431
327008497432
332003427433
392008457434
325003487435
132008417436
372003447437
323008477438
932003407439
932500417440
352000447441
321500477442
732000407443
332500437444
329000467445
532500497446
312000427447
327500457448
332000487449
332020497450
392070427451
325020457452
132070487453
372020417454
323070447455
932020477456
352070407457
321020437458
732070467459
732009477460
332004407461
329009437462
532004467463
312009497464
327004427465
332009457466
392004487467
325009417468
132004447469
132600457470
372100487471
323600417472
932100447473
352600477474
321100407475
732600437476
332100467477
329600497478
532100427479
532030437480
312080467481
327030497482
332080427483
392030457484
325080487485
132030417486
372080447487
323030477488
932080407489
932000417490
352005447491
321000477492
732005407493
332000437494
329005467495
532000497496
312005427497
327000457498
332005487499
132000470500
372005473501
323000476502
932005479503
352000472504
321005475505
732000478506
332005471507
329000474508
532005477509
532700478510
312200471511
327700474512
332200477513
392700470514
325200473515
132700476516
372200479517
323700472518
932200475519
932040476520
352090479521
321040472522
732090475523
332040478524
329090471525
532040474526
312090477527
327040470528
332090473529
332001474530
392006477531
325001470532
132006473533
372001476534
323006479535
932001472536
352006475537
321001478538
732006471539
732800472540
332300475541
329800478542
532300471543
312800474544
327300477545
332800470546
392300473547
325800476548
132300479549
132050470550
372000473551
323050476552
932000479553
352050472554
321000475555
732050478556
332000471557
329050474558
532000477559
532002478560
312007471561
327002474562
332007477563
392002470564
325007473565
132002476566
372007479567
323002472568
932007475569
932900476570
352400479571
321900472572
732400475573
332900478574
329400471575
532900474576
312400477577
327900470578
332400473579
332060474580
392010477581
325060470582
132010473583
372060476584
323010479585
932060472586
352010475587
321060478588
732010471589
732003472590
332008475591
329003478592
532008471593
312003474594
327008477595
332003470596
392008473597
325003476598
132008479599
932003147600
352008447601
321003747602
732008047603
332003347604
329008647605
532003947606
312008247607
327003547608
332008847609
332000947610
392500247611
325000547612
132500847613
372000147614
323500447615
932000747616
352500047617
321000347618
732500647619
732070747620
332020047621
329070347622
532020647623
312070947624
327020247625
332070547626
392020847627
325070147628
132020447629
132004547630
372009847631
323004147632
932009447633
352004747634
321009047635
732004347636
332009647637
329004947638
532009247639
532100347640
312600647641
327100947642
332600247643
392100547644
325600847645
132100147646
372600447647
323100747648
932600047649
932080147650
352030447651
321080747652
732030047653
332080347654
329030647655
532080947656
312030247657
327080547658
332030847659
332005947660
392000247661
325005547662
132000847663
372005147664
323000447665
932005747666
352000047667
321005347668
732000647669
732200747670
332700047671
329200347672
532700647673
312200947674
327700247675
332200547676
392700847677
325200147678
132700447679
132090547680
372040847681
323090147682
932040447683
352090747684
321040047685
732090347686
332040647687
329090947688
532040247689
532006347690
312001647691
327006947692
332001247693
392006547694
325001847695
132006147696
372001447697
323006747698
932001047699
732006427700
332001457701
329006487702
532001417703
312006447704
327001477705
332006407706
392001437707
325006467708
132001497709
132300407710
372800437711
323300467712
932800497713
352300427714
321800457715
732300487716
332800417717
329300447718
532800477719
532000487720
312050417721
327000447722
332050477723
392000407724
325050437725
132000467726
372050497727
323000427728
932050457729
932007467730
352002497731
321007427732
732002457733
332007487734
329002417735
532007447736
312002477737
327007407738
332002437739
332400447740
392900477741
325400407742
132900437743
372400467744
323900497745
932400427746
352900457747
321400487748
732900417749
732010427750
332060457751
329010487752
532060417753
312010447754
327060477755
332010407756
392060437757
325010467758
132060497759
132008407760
372003437761
323008467762
932003497763
352008427764
321003457765
732008487766
332003417767
329008447768
532003477769
532500487770
312000417771
327500447772
332000477773
392500407774
325000437775
132500467776
372000497777
323500427778
932000457779
932020467780
352070497781
321020427782
732070457783
332020487784
329070417785
532020447786
312070477787
327020407788
332070437789
332009447790
392004477791
325009407792
132004437793
372009467794
323004497795
932009427796
352004457797
321009487798
732004417799
532009473800
312004476801
327009479802
332004472803
392009475804
325004478805
132009471806
372004474807
323009477808
932004470809
932600471810
352100474811
321600477812
732100470813
332600473814
329100476815
532600479816
312100472817
327600475818
332100478819
332030479820
392080472821
325030475822
132080478823
372030471824
323080474825
932030477826
352080470827
321030473828
732080476829
732000477830
332005470831
329000473832
532005476833
312000479834
327005472835
332000475836
392005478837
325000471838
132005474839
132700475840
372200478841
323700471842
932200474843
352700477844
321200470845
732700473846
332200476847
329700479848
532200472849
532040473850
312090476851
327040479852
332090472853
392040475854
325090478855
132040471856
372090474857
323040477858
932090470859
932001471860
352006474861
321001477862
732006470863
332001473864
329006476865
532001479866
312006472867
327001475868
332006478869
332800479870
392300472871
325800475872
132300478873
372800471874
323300474875
932800477876
352300470877
321800473878
732300476879
732050477880
332000470881
329050473882
532000476883
312050479884
327000472885
332050475886
392000478887
325050471888
132000474889
132002475890
372007478891
323002471892
932007474893
352002477894
321007470895
732002473896
332007476897
329002479898
532007472899
332002447900
392007747901
325002047902
132007347903
372002647904
323007947905
932002247906
352007547907
321002847908
732007147909
732900247910
332400547911
329900847912
532400147913
312900447914
327400747915
332900047916
392400347917
325900647918
132400947919
132060047920
372010347921
323060647922
932010947923
352060247924
321010547925
732060847926
332010147927
329060447928
532010747929
532003847930
312008147931
327003447932
332008747933
392003047934
325008347935
132003647936
372008947937
323003247938
932008547939
932000647940
352500947941
321000247942
732500547943
332000847944
329500147945
532000447946
312500747947
327000047948
332500347949
332070447950
392020747951
325070047952
132020347953
372070647954
323020947955
932070247956
352020547957
321070847958
732020147959
732004247960
332009547961
329004847962
532009147963
312004447964
327009747965
332004047966
392009347967
325004647968
132009947969
132100047970
372600347971
323100647972
932600947973
352100247974
321600547975
732100847976
332600147977
329100447978
532600747979
532080847980
312030147981
327080447982
332030747983
392080047984
325030347985
132080647986
372030947987
323080247988
932030547989
932005647990
352000947991
321005247992
732000547993
332005847994
329000147995
532005447996
312000747997
327005047998
332000347999
332004148000
392009448001
325004748002
132009048003
372004348004
323009648005
932004948006
352009248007
321004548008
732009848009
732100948010
332600248011
329100548012
532600848013
312100148014
327600448015
332100748016
392600048017
325100348018
132600648019
132080748020
372030048021
323080348022
932030648023
352080948024
321030248025
732080548026
332030848027
329080148028
532030448029
532005548030
312000848031
327005148032
332000448033
392005748034
325000048035
132005348036
372000648037
323005948038
932000248039
932200348040
352700648041
321200948042
732700248043
332200548044
329700848045
532200148046
312700448047
327200748048
332700048049
332090148050
392040448051
325090748052
132040048053
372090348054
323040648055
932090948056
352040248057
321090548058
732040848059
732006948060
332001248061
329006548062
532001848063
312006148064
327001448065
332006748066
392001048067
325006348068
132001648069
132300748070
372800048071
323300348072
932800648073
352300948074
321800248075
732300548076
332800848077
329300148078
532800448079
532000548080
312050848081
327000148082
332050448083
392000748084
325050048085
132000348086
372050648087
323000948088
932050248089
932007348090
352002648091
321007948092
732002248093
332007548094
329002848095
532007148096
312002448097
327007748098
332002048099
132007428100
372002458101
323007488102
932002418103
352007448104
321002478105
732007408106
332002438107
329007468108
532002498109
532400408110
312900438111
327400468112
332900498113
392400428114
325900458115
132400488116
372900418117
323400448118
932900478119
932010488120
352060418121
321010448122
732060478123
332010408124
329060438125
532010468126
312060498127
327010428128
332060458129
332008468130
392003498131
325008428132
132003458133
372008488134
323003418135
932008448136
352003478137
321008408138
732003438139
732500448140
332000478141
329500408142
532000438143
312500468144
327000498145
332500428146
392000458147
325500488148
132000418149
132020428150
372070458151
323020488152
932070418153
352020448154
321070478155
732020408156
332070438157
329020468158
532070498159
532009408160
312004438161
327009468162
332004498163
392009428164
325004458165
132009488166
372004418167
323009448168
932004478169
932600488170
352100418171
321600448172
732100478173
332600408174
329100438175
532600468176
312100498177
327600428178
332100458179
332030468180
392080498181
325030428182
132080458183
372030488184
323080418185
932030448186
352080478187
321030408188
732080438189
732000448190
332005478191
329000408192
532005438193
312000468194
327005498195
332000428196
392005458197
325000488198
132005418199
932000483200
352005486201
321000489202
732005482203
332000485204
329005488205
532000481206
312005484207
327000487208
332005480209
332700481210
392200484211
325700487212
132200480213
372700483214
323200486215
932700489216
352200482217
321700485218
732200488219
732040489220
332090482221
329040485222
532090488223
312040481224
327090484225
332040487226
392090480227
325040483228
132090486229
132001487230
372006480231
323001483232
932006486233
352001489234
321006482235
732001485236
332006488237
329001481238
532006484239
532800485240
312300488241
327800481242
332300484243
392800487244
325300480245
132800483246
372300486247
323800489248
932300482249
932050483250
352000486251
321050489252
732000482253
332050485254
329000488255
532050481256
312000484257
327050487258
332000480259
332002481260
392007484261
325002487262
132007480263
372002483264
323007486265
932002489266
352007482267
321002485268
732007488269
732900489270
332400482271
329900485272
532400488273
312900481274
327400484275
332900487276
392400480277
325900483278
132400486279
132060487280
372010480281
323060483282
932010486283
352060489284
321010482285
732060485286
332010488287
329060481288
532010484289
532003485290
312008488291
327003481292
332008484293
392003487294
325008480295
132003483296
372008486297
323003489298
932008482299
732003448300
332008748301
329003048302
532008348303
312003648304
327008948305
332003248306
392008548307
325003848308
132008148309
132000248310
372500548311
323000848312
932500148313
352000448314
321500748315
732000048316
332500348317
329000648318
532500948319
532070048320
312020348321
327070648322
332020948323
392070248324
325020548325
132070848326
372020148327
323070448328
932020748329
932004848330
352009148331
321004448332
732009748333
332004048334
329009348335
532004648336
312009948337
327004248338
332009548339
332100648340
392600948341
325100248342
132600548343
372100848344
323600148345
932100448346
352600748347
321100048348
732600348349
732080448350
332030748351
329080048352
532030348353
312080648354
327030948355
332080248356
392030548357
325080848358
132030148359
132005248360
372000548361
323005848362
932000148363
352005448364
321000748365
732005048366
332000348367
329005648368
532000948369
532200048370
312700348371
327200648372
332700948373
392200248374
325700548375
132200848376
372700148377
323200448378
932700748379
932090848380
352040148381
321090448382
732040748383
332090048384
329040348385
532090648386
312040948387
327090248388
332040548389
332006648390
392001948391
325006248392
132001548393
372006848394
323001148395
932006448396
352001748397
321006048398
732001348399
532006458400
312001488401
327006418402
332001448403
392006478404
325001408405
132006438406
372001468407
323006498408
932001428409
932300438410
352800468411
321300498412
732800428413
332300458414
329800488415
532300418416
312800448417
327300478418
332800408419
332000418420
392050448421
325000478422
132050408423
372000438424
323050468425
932000498426
352050428427
321000458428
732050488429
732007498430
332002428431
329007458432
532002488433
312007418434
327002448435
332007478436
392002408437
325007438438
132002468439
132400478440
372900408441
323400438442
932900468443
352400498444
321900428445
732400458446
332900488447
329400418448
532900448449
532010458450
312060488451
327010418452
332060448453
392010478454
325060408455
132010438456
372060468457
323010498458
932060428459
932008438460
352003468461
321008498462
732003428463
332008458464
329003488465
532008418466
312003448467
327008478468
332003408469
332500418470
392000448471
325500478472
132000408473
372500438474
323000468475
932500498476
352000428477
321500458478
732000488479
732020498480
332070428481
329020458482
532070488483
312020418484
327070448485
332020478486
392070408487
325020438488
132070468489
132009478490
372004408491
323009438492
932004468493
352009498494
321004428495
732009458496
332004488497
329009418498
532004448499
332009486500
392004489501
325009482502
132004485503
372009488504
323004481505
932009484506
352004487507
321009480508
732004483509
732600484510
332100487511
329600480512
532100483513
312600486514
327100489515
332600482516
392100485517
325600488518
132100481519
132030482520
372080485521
323030488522
932080481523
352030484524
321080487525
732030480526
332080483527
329030486528
532080489529
532000480530
312005483531
327000486532
332005489533
392000482534
325005485535
132000488536
372005481537
323000484538
932005487539
932700488540
352200481541
321700484542
732200487543
332700480544
329200483545
532700486546
312200489547
327700482548
332200485549
332040486550
392090489551
325040482552
132090485553
372040488554
323090481555
932040484556
352090487557
321040480558
732090483559
732001484560
332006487561
329001480562
532006483563
312001486564
327006489565
332001482566
392006485567
325001488568
132006481569
132800482570
372300485571
323800488572
932300481573
352800484574
321300487575
732800480576
332300483577
329800486578
532300489579
532050480580
312000483581
327050486582
332000489583
392050482584
325000485585
132050488586
372000481587
323050484588
932000487589
932002488590
352007481591
321002484592
732007487593
332002480594
329007483595
532002486596
312007489597
327002482598
332007485599
132002748600
372007048601
323002348602
932007648603
352002948604
321007248605
732002548606
332007848607
329002148608
532007448609
532900548610
312400848611
327900148612
332400448613
392900748614
325400048615
132900348616
372400648617
323900948618
932400248619
932060348620
352010648621
321060948622
732010248623
332060548624
329010848625
532060148626
312010448627
327060748628
332010048629
332003148630
392008448631
325003748632
132008048633
372003348634
323008648635
932003948636
352008248637
321003548638
732008848639
732000948640
332500248641
329000548642
532500848643
312000148644
327500448645
332000748646
392500048647
325000348648
132500648649
132070748650
372020048651
323070348652
932020648653
352070948654
321020248655
732070548656
332020848657
329070148658
532020448659
532004548660
312009848661
327004148662
332009448663
392004748664
325009048665
132004348666
372009648667
323004948668
932009248669
932100348670
352600648671
321100948672
732600248673
332100548674
329600848675
532100148676
312600448677
327100748678
332600048679
332080148680
392030448681
325080748682
132030048683
372080348684
323030648685
932080948686
352030248687
321080548688
732030848689
732005948690
332000248691
329005548692
532000848693
312005148694
327000448695
332005748696
392000048697
325005348698
132000648699
932005488700
352000418701
321005448702
732000478703
332005408704
329000438705
532005468706
312000498707
327005428708
332000458709
332200468710
392700498711
325200428712
132700458713
372200488714
323700418715
932200448716
352700478717
321200408718
732700438719
732090448720
332040478721
329090408722
532040438723
312090468724
327040498725
332090428726
392040458727
325090488728
132040418729
132006428730
372001458731
323006488732
932001418733
352006448734
321001478735
732006408736
332001438737
329006468738
532001498739
532300408740
312800438741
327300468742
332800498743
392300428744
325800458745
132300488746
372800418747
323300448748
932800478749
932000488750
352050418751
321000448752
732050478753
332000408754
329050438755
532000468756
312050498757
327000428758
332050458759
332007468760
392002498761
325007428762
132002458763
372007488764
323002418765
932007448766
352002478767
321007408768
732002438769
732400448770
332900478771
329400408772
532900438773
312400468774
327900498775
332400428776
392900458777
325400488778
132900418779
132010428780
372060458781
323010488782
932060418783
352010448784
321060478785
732010408786
332060438787
329010468788
532060498789
532008408790
312003438791
327008468792
332003498793
392008428794
325003458795
132008488796
372003418797
323008448798
932003478799
732008489800
332003482801
329008485802
532003488803
312008481804
327003484805
332008487806
392003480807
325008483808
132003486809
132500487810
372000480811
323500483812
932000486813
352500489814
321000482815
732500485816
332000488817
329500481818
532000484819
532020485820
312070488821
327020481822
332070484823
392020487824
325070480825
132020483826
372070486827
323020489828
932070482829
932009483830
352004486831
321009489832
732004482833
332009485834
329004488835
532009481836
312004484837
327009487838
332004480839
332600481840
392100484841
325600487842
132100480843
372600483844
323100486845
932600489846
352100482847
321600485848
732100488849
732030489850
332080482851
329030485852
532080488853
312030481854
327080484855
332030487856
392080480857
325030483858
132080486859
132000487860
372005480861
323000483862
932005486863
352000489864
321005482865
732000485866
332005488867
329000481868
532005484869
532700485870
312200488871
327700481872
332200484873
392700487874
325200480875
132700483876
372200486877
323700489878
932200482879
932040483880
352090486881
321040489882
732090482883
332040485884
329090488885
532040481886
312090484887
327040487888
332090480889
332001481890
392006484891
325001487892
132006480893
372001483894
323006486895
932001489896
352006482897
321001485898
732006488899
532001048900
312006348901
327001648902
332006948903
392001248904
325006548905
132001848906
372006148907
323001448908
932006748909
932800848910
352300148911
321800448912
732300748913
332800048914
329300348915
532800648916
312300948917
327800248918
332300548919
332050648920
392000948921
325050248922
132000548923
372050848924
323000148925
932050448926
352000748927
321050048928
732000348929
732002448930
332007748931
329002048932
532007348933
312002648934
327007948935
332002248936
392007548937
325002848938
132007148939
132900248940
372400548941
323900848942
932400148943
352900448944
321400748945
732900048946
332400348947
329900648948
532400948949
532060048950
312010348951
327060648952
332010948953
392060248954
325010548955
132060848956
372010148957
323060448958
932010748959
932003848960
352008148961
321003448962
732008748963
332003048964
329008348965
532003648966
312008948967
327003248968
332008548969
332000648970
392500948971
325000248972
132500548973
372000848974
323500148975
932000448976
352500748977
321000048978
732500348979
732070448980
332020748981
329070048982
532020348983
312070648984
327020948985
332070248986
392020548987
325070848988
132020148989
132004248990
372009548991
323004848992
932009148993
352004448994
321009748995
732004048996
332009348997
329004648998
532009948999
532003749000
312008049001
327003349002
332008649003
392003949004
325008249005
132003549006
372008849007
323003149008
932008449009
932000549010
352500849011
321000149012
732500449013
332000749014
329500049015
532000349016
312500649017
327000949018
332500249019
332070349020
392020649021
325070949022
132020249023
372070549024
323020849025
932070149026
352020449027
321070749028
732020049029
732004149030
332009449031
329004749032
532009049033
312004349034
327009649035
332004949036
392009249037
325004549038
132009849039
132100949040
372600249041
323100549042
932600849043
352100149044
321600449045
732100749046
332600049047
329100349048
532600649049
532080749050
312030049051
327080349052
332030649053
392080949054
325030249055
132080549056
372030849057
323080149058
932030449059
932005549060
352000849061
321005149062
732000449063
332005749064
329000049065
532005349066
312000649067
327005949068
332000249069
332200349070
392700649071
325200949072
132700249073
372200549074
323700849075
932200149076
352700449077
321200749078
732700049079
732090149080
332040449081
329090749082
532040049083
312090349084
327040649085
332090949086
392040249087
325090549088
132040849089
132006949090
372001249091
323006549092
932001849093
352006149094
321001449095
732006749096
332001049097
329006349098
532001649099
332006489100
392001419101
325006449102
132001479103
372006409104
323001439105
932006469106
352001499107
321006429108
732001459109
732300469110
332800499111
329300429112
532800459113
312300489114
327800419115
332300449116
392800479117
325300409118
132800439119
132000449120
372050479121
323000409122
932050439123
352000469124
321050499125
732000429126
332050459127
329000489128
532050419129
532007429130
312002459131
327007489132
332002419133
392007449134
325002479135
132007409136
372002439137
323007469138
932002499139
932400409140
352900439141
321400469142
732900499143
332400429144
329900459145
532400489146
312900419147
327400449148
332900479149
332010489150
392060419151
325010449152
132060479153
372010409154
323060439155
932010469156
352060499157
321010429158
732060459159
732008469160
332003499161
329008429162
532003459163
312008489164
327003419165
332008449166
392003479167
325008409168
132003439169
132500449170
372000479171
323500409172
932000439173
352500469174
321000499175
732500429176
332000459177
329500489178
532000419179
532020429180
312070459181
327020489182
332070419183
392020449184
325070479185
132020409186
372070439187
323020469188
932070499189
932009409190
352004439191
321009469192
732004499193
332009429194
329004459195
532009489196
312004419197
327009449198
332004479199
132009499200
372004492201
323009495202
932004498203
352009491204
321004494205
732009497206
332004490207
329009493208
532004496209
532600497210
312100490211
327600493212
332100496213
392600499214
325100492215
132600495216
372100498217
323600491218
932100494219
932030495220
352080498221
321030491222
732080494223
332030497224
329080490225
532030493226
312080496227
327030499228
332080492229
332000493230
392005496231
325000499232
132005492233
372000495234
323005498235
932000491236
352005494237
321000497238
732005490239
732700491240
332200494241
329700497242
532200490243
312700493244
327200496245
332700499246
392200492247
325700495248
132200498249
132040499250
372090492251
323040495252
932090498253
352040491254
321090494255
732040497256
332090490257
329040493258
532090496259
532001497260
312006490261
327001493262
332006496263
392001499264
325006492265
132001495266
372006498267
323001491268
932006494269
932800495270
352300498271
321800491272
732300494273
332800497274
329300490275
532800493276
312300496277
327800499278
332300492279
332050493280
392000496281
325050499282
132000492283
372050495284
323000498285
932050491286
352000494287
321050497288
732000490289
732002491290
332007494291
329002497292
532007490293
312002493294
327007496295
332002499296
392007492297
325002495298
132007498299
932002049300
352007349301
321002649302
732007949303
332002249304
329007549305
532002849306
312007149307
327002449308
332007749309
332900849310
392400149311
325900449312
132400749313
372900049314
323400349315
932900649316
352400949317
321900249318
732400549319
732060649320
332010949321
329060249322
532010549323
312060849324
327010149325
332060449326
392010749327
325060049328
132010349329
132003449330
372008749331
323003049332
932008349333
352003649334
321008949335
732003249336
332008549337
329003849338
532008149339
532000249340
312500549341
327000849342
332500149343
392000449344
325500749345
132000049346
372500349347
323000649348
932500949349
932070049350
352020349351
321070649352
732020949353
332070249354
329020549355
532070849356
312020149357
327070449358
332020749359
332004849360
392009149361
325004449362
132009749363
372004049364
323009349365
932004649366
352009949367
321004249368
732009549369
732100649370
332600949371
329100249372
532600549373
312100849374
327600149375
332100449376
392600749377
325100049378
132600349379
132080449380
372030749381
323080049382
932030349383
352080649384
321030949385
732080249386
332030549387
329080849388
532030149389
532005249390
312000549391
327005849392
332000149393
392005449394
325000749395
132005049396
372000349397
323005649398
932000949399
732005419400
332000449401
329005479402
532000409403
312005439404
327000469405
332005499406
392000429407
325005459408
132000489409
132200499410
372700429411
323200459412
932700489413
352200419414
321700449415
732200479416
332700409417
329200439418
532700469419
532090479420
312040409421
327090439422
332040469423
392090499424
325040429425
132090459426
372040489427
323090419428
932040449429
932006459430
352001489431
321006419432
732001449433
332006479434
329001409435
532006439436
312001469437
327006499438
332001429439
332300439440
392800469441
325300499442
132800429443
372300459444
323800489445
932300419446
352800449447
321300479448
732800409449
732000419450
332050449451
329000479452
532050409453
312000439454
327050469455
332000499456
392050429457
325000459458
132050489459
132007499460
372002429461
323007459462
932002489463
352007419464
321002449465
732007479466
332002409467
329007439468
532002469469
532400479470
312900409471
327400439472
332900469473
392400499474
325900429475
132400459476
372900489477
323400419478
932900449479
932010459480
352060489481
321010419482
732060449483
332010479484
329060409485
532010439486
312060469487
327010499488
332060429489
332008439490
392003469491
325008499492
132003429493
372008459494
323003489495
932008419496
352003449497
321008479498
732003409499
532008492500
312003495501
327008498502
332003491503
392008494504
325003497505
132008490506
372003493507
323008496508
932003499509
932500490510
352000493511
321500496512
732000499513
332500492514
329000495515
532500498516
312000491517
327500494518
332000497519
332020498520
392070491521
325020494522
132070497523
372020490524
323070493525
932020496526
352070499527
321020492528
732070495529
732009496530
332004499531
329009492532
532004495533
312009498534
327004491535
332009494536
392004497537
325009490538
132004493539
132600494540
372100497541
323600490542
932100493543
352600496544
321100499545
732600492546
332100495547
329600498548
532100491549
532030492550
312080495551
327030498552
332080491553
392030494554
325080497555
132030490556
372080493557
323030496558
932080499559
932000490560
352005493561
321000496562
732005499563
332000492564
329005495565
532000498566
312005491567
327000494568
332005497569
332700498570
392200491571
325700494572
132200497573
372700490574
323200493575
932700496576
352200499577
321700492578
732200495579
732040496580
332090499581
329040492582
532090495583
312040498584
327090491585
332040494586
392090497587
325040490588
132090493589
132001494590
372006497591
323001490592
932006493593
352001496594
321006499595
732001492596
332006495597
329001498598
532006491599
332001349600
392006649601
325001949602
132006249603
372001549604
323006849605
932001149606
352006449607
321001749608
732006049609
732800149610
332300449611
329800749612
532300049613
312800349614
327300649615
332800949616
392300249617
325800549618
132300849619
132050949620
372000249621
323050549622
932000849623
352050149624
321000449625
732050749626
332000049627
329050349628
532000649629
532002749630
312007049631
327002349632
332007649633
392002949634
325007249635
132002549636
372007849637
323002149638
932007449639
932900549640
352400849641
321900149642
732400449643
332900749644
329400049645
532900349646
312400649647
327900949648
332400249649
332060349650
392010649651
325060949652
132010249653
372060549654
323010849655
932060149656
352010449657
321060749658
732010049659
732003149660
332008449661
329003749662
532008049663
312003349664
327008649665
332003949666
392008249667
325003549668
132008849669
132000949670
372500249671
323000549672
932500849673
352000149674
321500449675
732000749676
332500049677
329000349678
532500649679
532070749680
312020049681
327070349682
332020649683
392070949684
325020249685
132070549686
372020849687
323070149688
932020449689
932004549690
352009849691
321004149692
732009449693
332004749694
329009049695
532004349696
312009649697
327004949698
332009249699
132004449700
372009479701
323004409702
932009439703
352004469704
321009499705
732004429706
332009459707
329004489708
532009419709
532100429710
312600459711
327100489712
332600419713
392100449714
325600479715
132100409716
372600439717
323100469718
932600499719
932080409720
352030439721
321080469722
732030499723
332080429724
329030459725
532080489726
312030419727
327080449728
332030479729
332005489730
392000419731
325005449732
132000479733
372005409734
323000439735
932005469736
352000499737
321005429738
732000459739
732200469740
332700499741
329200429742
532700459743
312200489744
327700419745
332200449746
392700479747
325200409748
132700439749
132090449750
372040479751
323090409752
932040439753
352090469754
321040499755
732090429756
332040459757
329090489758
532040419759
532006429760
312001459761
327006489762
332001419763
392006449764
325001479765
132006409766
372001439767
323006469768
932001499769
932300409770
352800439771
321300469772
732800499773
332300429774
329800459775
532300489776
312800419777
327300449778
332800479779
332000489780
392050419781
325000449782
132050479783
372000409784
323050439785
932000469786
352050499787
321000429788
732050459789
732007469790
332002499791
329007429792
532002459793
312007489794
327002419795
332007449796
392002479797
325007409798
132002439799
932007495800
352002498801
321007491802
732002494803
332007497804
329002490805
532007493806
312002496807
327007499808
332002492809
332400493810
392900496811
325400499812
132900492813
372400495814
323900498815
932400491816
352900494817
321400497818
732900490819
732010491820
332060494821
329010497822
532060490823
312010493824
327060496825
332010499826
392060492827
325010495828
132060498829
132008499830
372003492831
323008495832
932003498833
352008491834
321003494835
732008497836
332003490837
329008493838
532003496839
532500497840
312000490841
327500493842
332000496843
392500499844
325000492845
132500495846
372000498847
323500491848
932000494849
932020495850
352070498851
321020491852
732070494853
332020497854
329070490855
532020493856
312070496857
327020499858
332070492859
332009493860
392004496861
325009499862
132004492863
372009495864
323004498865
932009491866
352004494867
321009497868
732004490869
732600491870
332100494871
329600497872
532100490873
312600493874
327100496875
332600499876
392100492877
325600495878
132100498879
132030499880
372080492881
323030495882
932080498883
352030491884
321080494885
732030497886
332080490887
329030493888
532080496889
532000497890
312005490891
327000493892
332005496893
392000499894
325005492895
132000495896
372005498897
323000491898
932005494899
732000649900
332005949901
329000249902
532005549903
312000849904
327005149905
332000449906
392005749907
325000049908
132005349909
132700449910
372200749911
323700049912
932200349913
352700649914
321200949915
732700249916
332200549917
329700849918
532200149919
532040249920
312090549921
327040849922
332090149923
392040449924
325090749925
132040049926
372090349927
323040649928
932090949929
932001049930
352006349931
321001649932
732006949933
332001249934
329006549935
532001849936
312006149937
327001449938
332006749939
332800849940
392300149941
325800449942
132300749943
372800049944
323300349945
932800649946
352300949947
321800249948
732300549949
732050649950
332000949951
329050249952
532000549953
312050849954
327000149955
332050449956
392000749957
325050049958
132000349959
132002449960
372007749961
323002049962
932007349963
352002649964
321007949965
732002249966
332007549967
329002849968
532007149969
532900249970
312400549971
327900849972
332400149973
392900449974
325400749975
132900049976
372400349977
323900649978
932400949979
932060049980
352010349981
321060649982
732010949983
332060249984
329010549985
532060849986
312010149987
327060449988
332010749989
332003849990
392008149991
325003449992
132008749993
372003049994
323008349995
932003649996
352008949997
321003249998
732008549999
232003750000