382008050001
324003350002
032008650003
362003950004
322008250005
832003550006
342008850007
320003150008
632008450009
632000550010
322500850011
328000150012
432500450013
302000750014
326500050015
232000350016
382500650017
324000950018
032500250019
032070350020
362020650021
322070950022
832020250023
342070550024
320020850025
632070150026
322020450027
328070750028
432020050029
432004150030
302009450031
326004750032
232009050033
382004350034
324009650035
032004950036
362009250037
322004550038
832009850039
832100950040
342600250041
320100550042
632600850043
322100150044
328600450045
432100750046
302600050047
326100350048
232600650049
232080750050
382030050051
324080350052
032030650053
362080950054
322030250055
832080550056
342030850057
320080150058
632030450059
632005550060
322000850061
328005150062
432000450063
302005750064
326000050065
232005350066
382000650067
324005950068
032000250069
032200350070
362700650071
322200950072
832700250073
342200550074
320700850075
632200150076
322700450077
328200750078
432700050079
432090150080
302040450081
326090750082
232040050083
382090350084
324040650085
032090950086
362040250087
322090550088
832040850089
832006950090
342001250091
320006550092
632001850093
322006150094
328001450095
432006750096
302001050097
326006350098
232001650099
032006580100
362001510101
322006540102
832001570103
342006500104
320001530105
632006560106
322001590107
328006520108
432001550109
432300560110
302800590111
326300520112
232800550113
382300580114
324800510115
032300540116
362800570117
322300500118
832800530119
832000540120
342050570121
320000500122
632050530123
322000560124
328050590125
432000520126
302050550127
326000580128
232050510129
232007520130
382002550131
324007580132
032002510133
362007540134
322002570135
832007500136
342002530137
320007560138
632002590139
632400500140
322900530141
328400560142
432900590143
302400520144
326900550145
232400580146
382900510147
324400540148
032900570149
032010580150
362060510151
322010540152
832060570153
342010500154
320060530155
632010560156
322060590157
328010520158
432060550159
432008560160
302003590161
326008520162
232003550163
382008580164
324003510165
032008540166
362003570167
322008500168
832003530169
832500540170
342000570171
320500500172
632000530173
322500560174
328000590175
432500520176
302000550177
326500580178
232000510179
232020520180
382070550181
324020580182
032070510183
362020540184
322070570185
832020500186
342070530187
320020560188
632070590189
632009500190
322004530191
328009560192
432004590193
302009520194
326004550195
232009580196
382004510197
324009540198
032004570199
832009509200
342004502201
320009505202
632004508203
322009501204
328004504205
432009507206
302004500207
326009503208
232004506209
232600507210
382100500211
324600503212
032100506213
362600509214
322100502215
832600505216
342100508217
320600501218
632100504219
632030505220
322080508221
328030501222
432080504223
302030507224
326080500225
232030503226
382080506227
324030509228
032080502229
032000503230
362005506231
322000509232
832005502233
342000505234
320005508235
632000501236
322005504237
328000507238
432005500239
432700501240
302200504241
326700507242
232200500243
382700503244
324200506245
032700509246
362200502247
322700505248
832200508249
832040509250
342090502251
320040505252
632090508253
322040501254
328090504255
432040507256
302090500257
326040503258
232090506259
232001507260
382006500261
324001503262
032006506263
362001509264
322006502265
832001505266
342006508267
320001501268
632006504269
632800505270
322300508271
328800501272
432300504273
302800507274
326300500275
232800503276
382300506277
324800509278
032300502279
032050503280
362000506281
322050509282
832000502283
342050505284
320000508285
632050501286
322000504287
328050507288
432000500289
432002501290
302007504291
326002507292
232007500293
382002503294
324007506295
032002509296
362007502297
322002505298
832007508299
632002050300
322007350301
328002650302
432007950303
302002250304
326007550305
232002850306
382007150307
324002450308
032007750309
032900850310
362400150311
322900450312
832400750313
342900050314
320400350315
632900650316
322400950317
328900250318
432400550319
432060650320
302010950321
326060250322
232010550323
382060850324
324010150325
032060450326
362010750327
322060050328
832010350329
832003450330
342008750331
320003050332
632008350333
322003650334
328008950335
432003250336
302008550337
326003850338
232008150339
232000250340
382500550341
324000850342
032500150343
362000450344
322500750345
832000050346
342500350347
320000650348
632500950349
632070050350
322020350351
328070650352
432020950353
302070250354
326020550355
232070850356
382020150357
324070450358
032020750359
032004850360
362009150361
322004450362
832009750363
342004050364
320009350365
632004650366
322009950367
328004250368
432009550369
432100650370
302600950371
326100250372
232600550373
382100850374
324600150375
032100450376
362600750377
322100050378
832600350379
832080450380
342030750381
320080050382
632030350383
322080650384
328030950385
432080250386
302030550387
326080850388
232030150389
232005250390
382000550391
324005850392
032000150393
362005450394
322000750395
832005050396
342000350397
320005650398
632000950399
432005510400
302000540401
326005570402
232000500403
382005530404
324000560405
032005590406
362000520407
322005550408
832000580409
832200590410
342700520411
320200550412
632700580413
322200510414
328700540415
432200570416
302700500417
326200530418
232700560419
232090570420
382040500421
324090530422
032040560423
362090590424
322040520425
832090550426
342040580427
320090510428
632040540429
632006550430
322001580431
328006510432
432001540433
302006570434
326001500435
232006530436
382001560437
324006590438
032001520439
032300530440
362800560441
322300590442
832800520443
342300550444
320800580445
632300510446
322800540447
328300570448
432800500449
432000510450
302050540451
326000570452
232050500453
382000530454
324050560455
032000590456
362050520457
322000550458
832050580459
832007590460
342002520461
320007550462
632002580463
322007510464
328002540465
432007570466
302002500467
326007530468
232002560469
232400570470
382900500471
324400530472
032900560473
362400590474
322900520475
832400550476
342900580477
320400510478
632900540479
632010550480
322060580481
328010510482
432060540483
302010570484
326060500485
232010530486
382060560487
324010590488
032060520489
032008530490
362003560491
322008590492
832003520493
342008550494
320003580495
632008510496
322003540497
328008570498
432003500499
232008502500
382003505501
324008508502
032003501503
362008504504
322003507505
832008500506
342003503507
320008506508
632003509509
632500500510
322000503511
328500506512
432000509513
302500502514
326000505515
232500508516
382000501517
324500504518
032000507519
032020508520
362070501521
322020504522
832070507523
342020500524
320070503525
632020506526
322070509527
328020502528
432070505529
432009506530
302004509531
326009502532
232004505533
382009508534
324004501535
032009504536
362004507537
322009500538
832004503539
832600504540
342100507541
320600500542
632100503543
322600506544
328100509545
432600502546
302100505547
326600508548
232100501549
232030502550
382080505551
324030508552
032080501553
362030504554
322080507555
832030500556
342080503557
320030506558
632080509559
632000500560
322005503561
328000506562
432005509563
302000502564
326005505565
232000508566
382005501567
324000504568
032005507569
032700508570
362200501571
322700504572
832200507573
342700500574
320200503575
632700506576
322200509577
328700502578
432200505579
432040506580
302090509581
326040502582
232090505583
382040508584
324090501585
032040504586
362090507587
322040500588
832090503589
832001504590
342006507591
320001500592
632006503593
322001506594
328006509595
432001502596
302006505597
326001508598
232006501599
032001350600
362006650601
322001950602
832006250603
342001550604
320006850605
632001150606
322006450607
328001750608
432006050609
432800150610
302300450611
326800750612
232300050613
382800350614
324300650615
032800950616
362300250617
322800550618
832300850619
832050950620
342000250621
320050550622
632000850623
322050150624
328000450625
432050750626
302000050627
326050350628
232000650629
232002750630
382007050631
324002350632
032007650633
362002950634
322007250635
832002550636
342007850637
320002150638
632007450639
632900550640
322400850641
328900150642
432400450643
302900750644
326400050645
232900350646
382400650647
324900950648
032400250649
032060350650
362010650651
322060950652
832010250653
342060550654
320010850655
632060150656
322010450657
328060750658
432010050659
432003150660
302008450661
326003750662
232008050663
382003350664
324008650665
032003950666
362008250667
322003550668
832008850669
832000950670
342500250671
320000550672
632500850673
322000150674
328500450675
432000750676
302500050677
326000350678
232500650679
232070750680
382020050681
324070350682
032020650683
362070950684
322020250685
832070550686
342020850687
320070150688
632020450689
632004550690
322009850691
328004150692
432009450693
302004750694
326009050695
232004350696
382009650697
324004950698
032009250699
832004540700
342009570701
320004500702
632009530703
322004560704
328009590705
432004520706
302009550707
326004580708
232009510709
232100520710
382600550711
324100580712
032600510713
362100540714
322600570715
832100500716
342600530717
320100560718
632600590719
632080500720
322030530721
328080560722
432030590723
302080520724
326030550725
232080580726
382030510727
324080540728
032030570729
032005580730
362000510731
322005540732
832000570733
342005500734
320000530735
632005560736
322000590737
328005520738
432000550739
432200560740
302700590741
326200520742
232700550743
382200580744
324700510745
032200540746
362700570747
322200500748
832700530749
832090540750
342040570751
320090500752
632040530753
322090560754
328040590755
432090520756
302040550757
326090580758
232040510759
232006520760
382001550761
324006580762
032001510763
362006540764
322001570765
832006500766
342001530767
320006560768
632001590769
632300500770
322800530771
328300560772
432800590773
302300520774
326800550775
232300580776
382800510777
324300540778
032800570779
032000580780
362050510781
322000540782
832050570783
342000500784
320050530785
632000560786
322050590787
328000520788
432050550789
432007560790
302002590791
326007520792
232002550793
382007580794
324002510795
032007540796
362002570797
322007500798
832002530799
632007505800
322002508801
328007501802
432002504803
302007507804
326002500805
232007503806
382002506807
324007509808
032002502809
032400503810
362900506811
322400509812
832900502813
342400505814
320900508815
632400501816
322900504817
328400507818
432900500819
432010501820
302060504821
326010507822
232060500823
382010503824
324060506825
032010509826
362060502827
322010505828
832060508829
832008509830
342003502831
320008505832
632003508833
322008501834
328003504835
432008507836
302003500837
326008503838
232003506839
232500507840
382000500841
324500503842
032000506843
362500509844
322000502845
832500505846
342000508847
320500501848
632000504849
632020505850
322070508851
328020501852
432070504853
302020507854
326070500855
232020503856
382070506857
324020509858
032070502859
032009503860
362004506861
322009509862
832004502863
342009505864
320004508865
632009501866
322004504867
328009507868
432004500869
432600501870
302100504871
326600507872
232100500873
382600503874
324100506875
032600509876
362100502877
322600505878
832100508879
832030509880
342080502881
320030505882
632080508883
322030501884
328080504885
432030507886
302080500887
326030503888
232080506889
232000507890
382005500891
324000503892
032005506893
362000509894
322005502895
832000505896
342005508897
320000501898
632005504899
432000650900
302005950901
326000250902
232005550903
382000850904
324005150905
032000450906
362005750907
322000050908
832005350909
832700450910
342200750911
320700050912
632200350913
322700650914
328200950915
432700250916
302200550917
326700850918
232200150919
232040250920
382090550921
324040850922
032090150923
362040450924
322090750925
832040050926
342090350927
320040650928
632090950929
632001050930
322006350931
328001650932
432006950933
302001250934
326006550935
232001850936
382006150937
324001450938
032006750939
032800850940
362300150941
322800450942
832300750943
342800050944
320300350945
632800650946
322300950947
328800250948
432300550949
432050650950
302000950951
326050250952
232000550953
382050850954
324000150955
032050450956
362000750957
322050050958
832000350959
832002450960
342007750961
320002050962
632007350963
322002650964
328007950965
432002250966
302007550967
326002850968
232007150969
232900250970
382400550971
324900850972
032400150973
362900450974
322400750975
832900050976
342400350977
320900650978
632400950979
632060050980
322010350981
328060650982
432010950983
302060250984
326010550985
232060850986
382010150987
324060450988
032010750989
032003850990
362008150991
322003450992
832008750993
342003050994
320008350995
632003650996
322008950997
328003250998
432008550999
432002351000
302007651001
326002951002
232007251003
382002551004
324007851005
032002151006
362007451007
322002751008
832007051009
832900151010
342400451011
320900751012
632400051013
322900351014
328400651015
432900951016
302400251017
326900551018
232400851019
232060951020
382010251021
324060551022
032010851023
362060151024
322010451025
832060751026
342010051027
320060351028
632010651029
632003751030
322008051031
328003351032
432008651033
302003951034
326008251035
232003551036
382008851037
324003151038
032008451039
032000551040
362500851041
322000151042
832500451043
342000751044
320500051045
632000351046
322500651047
328000951048
432500251049
432070351050
302020651051
326070951052
232020251053
382070551054
324020851055
032070151056
362020451057
322070751058
832020051059
832004151060
342009451061
320004751062
632009051063
322004351064
328009651065
432004951066
302009251067
326004551068
232009851069
232100951070
382600251071
324100551072
032600851073
362100151074
322600451075
832100751076
342600051077
320100351078
632600651079
632080751080
322030051081
328080351082
432030651083
302080951084
326030251085
232080551086
382030851087
324080151088
032030451089
032005551090
362000851091
322005151092
832000451093
342005751094
320000051095
632005351096
322000651097
328005951098
432000251099
232005541100
382000571101
324005501102
032000531103
362005561104
322000591105
832005521106
342000551107
320005581108
632000511109
632200521110
322700551111
328200581112
432700511113
302200541114
326700571115
232200501116
382700531117
324200561118
032700591119
032090501120
362040531121
322090561122
832040591123
342090521124
320040551125
632090581126
322040511127
328090541128
432040571129
432006581130
302001511131
326006541132
232001571133
382006501134
324001531135
032006561136
362001591137
322006521138
832001551139
832300561140
342800591141
320300521142
632800551143
322300581144
328800511145
432300541146
302800571147
326300501148
232800531149
232000541150
382050571151
324000501152
032050531153
362000561154
322050591155
832000521156
342050551157
320000581158
632050511159
632007521160
322002551161
328007581162
432002511163
302007541164
326002571165
232007501166
382002531167
324007561168
032002591169
032400501170
362900531171
322400561172
832900591173
342400521174
320900551175
632400581176
322900511177
328400541178
432900571179
432010581180
302060511181
326010541182
232060571183
382010501184
324060531185
032010561186
362060591187
322010521188
832060551189
832008561190
342003591191
320008521192
632003551193
322008581194
328003511195
432008541196
302003571197
326008501198
232003531199
032008515200
362003518201
322008511202
832003514203
342008517204
320003510205
632008513206
322003516207
328008519208
432003512209
432500513210
302000516211
326500519212
232000512213
382500515214
324000518215
032500511216
362000514217
322500517218
832000510219
832020511220
342070514221
320020517222
632070510223
322020513224
328070516225
432020519226
302070512227
326020515228
232070518229
232009519230
382004512231
324009515232
032004518233
362009511234
322004514235
832009517236
342004510237
320009513238
632004516239
632600517240
322100510241
328600513242
432100516243
302600519244
326100512245
232600515246
382100518247
324600511248
032100514249
032030515250
362080518251
322030511252
832080514253
342030517254
320080510255
632030513256
322080516257
328030519258
432080512259
432000513260
302005516261
326000519262
232005512263
382000515264
324005518265
032000511266
362005514267
322000517268
832005510269
832700511270
342200514271
320700517272
632200510273
322700513274
328200516275
432700519276
302200512277
326700515278
232200518279
232040519280
382090512281
324040515282
032090518283
362040511284
322090514285
832040517286
342090510287
320040513288
632090516289
632001517290
322006510291
328001513292
432006516293
302001519294
326006512295
232001515296
382006518297
324001511298
032006514299
832001651300
342006951301
320001251302
632006551303
322001851304
328006151305
432001451306
302006751307
326001051308
232006351309
232800451310
382300751311
324800051312
032300351313
362800651314
322300951315
832800251316
342300551317
320800851318
632300151319
632050251320
322000551321
328050851322
432000151323
302050451324
326000751325
232050051326
382000351327
324050651328
032000951329
032002051330
362007351331
322002651332
832007951333
342002251334
320007551335
632002851336
322007151337
328002451338
432007751339
432900851340
302400151341
326900451342
232400751343
382900051344
324400351345
032900651346
362400951347
322900251348
832400551349
832060651350
342010951351
320060251352
632010551353
322060851354
328010151355
432060451356
302010751357
326060051358
232010351359
232003451360
382008751361
324003051362
032008351363
362003651364
322008951365
832003251366
342008551367
320003851368
632008151369
632000251370
322500551371
328000851372
432500151373
302000451374
326500751375
232000051376
382500351377
324000651378
032500951379
032070051380
362020351381
322070651382
832020951383
342070251384
320020551385
632070851386
322020151387
328070451388
432020751389
432004851390
302009151391
326004451392
232009751393
382004051394
324009351395
032004651396
362009951397
322004251398
832009551399
632004571400
322009501401
328004531402
432009561403
302004591404
326009521405
232004551406
382009581407
324004511408
032009541409
032100551410
362600581411
322100511412
832600541413
342100571414
320600501415
632100531416
322600561417
328100591418
432600521419
432080531420
302030561421
326080591422
232030521423
382080551424
324030581425
032080511426
362030541427
322080571428
832030501429
832005511430
342000541431
320005571432
632000501433
322005531434
328000561435
432005591436
302000521437
326005551438
232000581439
232200591440
382700521441
324200551442
032700581443
362200511444
322700541445
832200571446
342700501447
320200531448
632700561449
632090571450
322040501451
328090531452
432040561453
302090591454
326040521455
232090551456
382040581457
324090511458
032040541459
032006551460
362001581461
322006511462
832001541463
342006571464
320001501465
632006531466
322001561467
328006591468
432001521469
432300531470
302800561471
326300591472
232800521473
382300551474
324800581475
032300511476
362800541477
322300571478
832800501479
832000511480
342050541481
320000571482
632050501483
322000531484
328050561485
432000591486
302050521487
326000551488
232050581489
232007591490
382002521491
324007551492
032002581493
362007511494
322002541495
832007571496
342002501497
320007531498
632002561499
432007518500
302002511501
326007514502
232002517503
382007510504
324002513505
032007516506
362002519507
322007512508
832002515509
832400516510
342900519511
320400512512
632900515513
322400518514
328900511515
432400514516
302900517517
326400510518
232900513519
232010514520
382060517521
324010510522
032060513523
362010516524
322060519525
832010512526
342060515527
320010518528
632060511529
632008512530
322003515531
328008518532
432003511533
302008514534
326003517535
232008510536
382003513537
324008516538
032003519539
032500510540
362000513541
322500516542
832000519543
342500512544
320000515545
632500518546
322000511547
328500514548
432000517549
432020518550
302070511551
326020514552
232070517553
382020510554
324070513555
032020516556
362070519557
322020512558
832070515559
832009516560
342004519561
320009512562
632004515563
322009518564
328004511565
432009514566
302004517567
326009510568
232004513569
232600514570
382100517571
324600510572
032100513573
362600516574
322100519575
832600512576
342100515577
320600518578
632100511579
632030512580
322080515581
328030518582
432080511583
302030514584
326080517585
232030510586
382080513587
324030516588
032080519589
032000510590
362005513591
322000516592
832005519593
342000512594
320005515595
632000518596
322005511597
328000514598
432005517599
232000951600
382005251601
324000551602
032005851603
362000151604
322005451605
832000751606
342005051607
320000351608
632005651609
632700751610
322200051611
328700351612
432200651613
302700951614
326200251615
232700551616
382200851617
324700151618
032200451619
032040551620
362090851621
322040151622
832090451623
342040751624
320090051625
632040351626
322090651627
328040951628
432090251629
432001351630
302006651631
326001951632
232006251633
382001551634
324006851635
032001151636
362006451637
322001751638
832006051639
832800151640
342300451641
320800751642
632300051643
322800351644
328300651645
432800951646
302300251647
326800551648
232300851649
232050951650
382000251651
324050551652
032000851653
362050151654
322000451655
832050751656
342000051657
320050351658
632000651659
632002751660
322007051661
328002351662
432007651663
302002951664
326007251665
232002551666
382007851667
324002151668
032007451669
032900551670
362400851671
322900151672
832400451673
342900751674
320400051675
632900351676
322400651677
328900951678
432400251679
432060351680
302010651681
326060951682
232010251683
382060551684
324010851685
032060151686
362010451687
322060751688
832010051689
832003151690
342008451691
320003751692
632008051693
322003351694
328008651695
432003951696
302008251697
326003551698
232008851699
032003501700
362008531701
322003561702
832008591703
342003521704
320008551705
632003581706
322008511707
328003541708
432008571709
432000581710
302500511711
326000541712
232500571713
382000501714
324500531715
032000561716
362500591717
322000521718
832500551719
832070561720
342020591721
320070521722
632020551723
322070581724
328020511725
432070541726
302020571727
326070501728
232020531729
232004541730
382009571731
324004501732
032009531733
362004561734
322009591735
832004521736
342009551737
320004581738
632009511739
632100521740
322600551741
328100581742
432600511743
302100541744
326600571745
232100501746
382600531747
324100561748
032600591749
032080501750
362030531751
322080561752
832030591753
342080521754
320030551755
632080581756
322030511757
328080541758
432030571759
432005581760
302000511761
326005541762
232000571763
382005501764
324000531765
032005561766
362000591767
322005521768
832000551769
832200561770
342700591771
320200521772
632700551773
322200581774
328700511775
432200541776
302700571777
326200501778
232700531779
232090541780
382040571781
324090501782
032040531783
362090561784
322040591785
832090521786
342040551787
320090581788
632040511789
632006521790
322001551791
328006581792
432001511793
302006541794
326001571795
232006501796
382001531797
324006561798
032001591799
832006511800
342001514801
320006517802
632001510803
322006513804
328001516805
432006519806
302001512807
326006515808
232001518809
232300519810
382800512811
324300515812
032800518813
362300511814
322800514815
832300517816
342800510817
320300513818
632800516819
632000517820
322050510821
328000513822
432050516823
302000519824
326050512825
232000515826
382050518827
324000511828
032050514829
032007515830
362002518831
322007511832
832002514833
342007517834
320002510835
632007513836
322002516837
328007519838
432002512839
432400513840
302900516841
326400519842
232900512843
382400515844
324900518845
032400511846
362900514847
322400517848
832900510849
832010511850
342060514851
320010517852
632060510853
322010513854
328060516855
432010519856
302060512857
326010515858
232060518859
232008519860
382003512861
324008515862
032003518863
362008511864
322003514865
832008517866
342003510867
320008513868
632003516869
632500517870
322000510871
328500513872
432000516873
302500519874
326000512875
232500515876
382000518877
324500511878
032000514879
032020515880
362070518881
322020511882
832070514883
342020517884
320070510885
632020513886
322070516887
328020519888
432070512889
432009513890
302004516891
326009519892
232004512893
382009515894
324004518895
032009511896
362004514897
322009517898
832004510899
632009251900
322004551901
328009851902
432004151903
302009451904
326004751905
232009051906
382004351907
324009651908
032004951909
032600051910
362100351911
322600651912
832100951913
342600251914
320100551915
632600851916
322100151917
328600451918
432100751919
432030851920
302080151921
326030451922
232080751923
382030051924
324080351925
032030651926
362080951927
322030251928
832080551929
832000651930
342005951931
320000251932
632005551933
322000851934
328005151935
432000451936
302005751937
326000051938
232005351939
232700451940
382200751941
324700051942
032200351943
362700651944
322200951945
832700251946
342200551947
320700851948
632200151949
632040251950
322090551951
328040851952
432090151953
302040451954
326090751955
232040051956
382090351957
324040651958
032090951959
032001051960
362006351961
322001651962
832006951963
342001251964
320006551965
632001851966
322006151967
328001451968
432006751969
432800851970
302300151971
326800451972
232300751973
382800051974
324300351975
032800651976
362300951977
322800251978
832300551979
832050651980
342000951981
320050251982
632000551983
322050851984
328000151985
432050451986
302000751987
326050051988
232000351989
232002451990
382007751991
324002051992
032007351993
362002651994
322007951995
832002251996
342007551997
320002851998
632007151999
632001952000
322006252001
328001552002
432006852003
302001152004
326006452005
232001752006
382006052007
324001352008
032006652009
032800752010
362300052011
322800352012
832300652013
342800952014
320300252015
632800552016
322300852017
328800152018
432300452019
432050552020
302000852021
326050152022
232000452023
382050752024
324000052025
032050352026
362000652027
322050952028
832000252029
832002352030
342007652031
320002952032
632007252033
322002552034
328007852035
432002152036
302007452037
326002752038
232007052039
232900152040
382400452041
324900752042
032400052043
362900352044
322400652045
832900952046
342400252047
320900552048
632400852049
632060952050
322010252051
328060552052
432010852053
302060152054
326010452055
232060752056
382010052057
324060352058
032010652059
032003752060
362008052061
322003352062
832008652063
342003952064
320008252065
632003552066
322008852067
328003152068
432008452069
432000552070
302500852071
326000152072
232500452073
382000752074
324500052075
032000352076
362500652077
322000952078
832500252079
832070352080
342020652081
320070952082
632020252083
322070552084
328020852085
432070152086
302020452087
326070752088
232020052089
232004152090
382009452091
324004752092
032009052093
362004352094
322009652095
832004952096
342009252097
320004552098
632009852099
432004502100
302009532101
326004562102
232009592103
382004522104
324009552105
032004582106
362009512107
322004542108
832009572109
832100582110
342600512111
320100542112
632600572113
322100502114
328600532115
432100562116
302600592117
326100522118
232600552119
232080562120
382030592121
324080522122
032030552123
362080582124
322030512125
832080542126
342030572127
320080502128
632030532129
632005542130
322000572131
328005502132
432000532133
302005562134
326000592135
232005522136
382000552137
324005582138
032000512139
032200522140
362700552141
322200582142
832700512143
342200542144
320700572145
632200502146
322700532147
328200562148
432700592149
432090502150
302040532151
326090562152
232040592153
382090522154
324040552155
032090582156
362040512157
322090542158
832040572159
832006582160
342001512161
320006542162
632001572163
322006502164
328001532165
432006562166
302001592167
326006522168
232001552169
232300562170
382800592171
324300522172
032800552173
362300582174
322800512175
832300542176
342800572177
320300502178
632800532179
632000542180
322050572181
328000502182
432050532183
302000562184
326050592185
232000522186
382050552187
324000582188
032050512189
032007522190
362002552191
322007582192
832002512193
342007542194
320002572195
632007502196
322002532197
328007562198
432002592199
232007521200
382002524201
324007527202
032002520203
362007523204
322002526205
832007529206
342002522207
320007525208
632002528209
632400529210
322900522211
328400525212
432900528213
302400521214
326900524215
232400527216
382900520217
324400523218
032900526219
032010527220
362060520221
322010523222
832060526223
342010529224
320060522225
632010525226
322060528227
328010521228
432060524229
432008525230
302003528231
326008521232
232003524233
382008527234
324003520235
032008523236
362003526237
322008529238
832003522239
832500523240
342000526241
320500529242
632000522243
322500525244
328000528245
432500521246
302000524247
326500527248
232000520249
232020521250
382070524251
324020527252
032070520253
362020523254
322070526255
832020529256
342070522257
320020525258
632070528259
632009529260
322004522261
328009525262
432004528263
302009521264
326004524265
232009527266
382004520267
324009523268
032004526269
032600527270
362100520271
322600523272
832100526273
342600529274
320100522275
632600525276
322100528277
328600521278
432100524279
432030525280
302080528281
326030521282
232080524283
382030527284
324080520285
032030523286
362080526287
322030529288
832080522289
832000523290
342005526291
320000529292
632005522293
322000525294
328005528295
432000521296
302005524297
326000527298
232005520299
032000252300
362005552301
322000852302
832005152303
342000452304
320005752305
632000052306
322005352307
328000652308
432005952309
432700052310
302200352311
326700652312
232200952313
382700252314
324200552315
032700852316
362200152317
322700452318
832200752319
832040852320
342090152321
320040452322
632090752323
322040052324
328090352325
432040652326
302090952327
326040252328
232090552329
232001652330
382006952331
324001252332
032006552333
362001852334
322006152335
832001452336
342006752337
320001052338
632006352339
632800452340
322300752341
328800052342
432300352343
302800652344
326300952345
232800252346
382300552347
324800852348
032300152349
032050252350
362000552351
322050852352
832000152353
342050452354
320000752355
632050052356
322000352357
328050652358
432000952359
432002052360
302007352361
326002652362
232007952363
382002252364
324007552365
032002852366
362007152367
322002452368
832007752369
832900852370
342400152371
320900452372
632400752373
322900052374
328400352375
432900652376
302400952377
326900252378
232400552379
232060652380
382010952381
324060252382
032010552383
362060852384
322010152385
832060452386
342010752387
320060052388
632010352389
632003452390
322008752391
328003052392
432008352393
302003652394
326008952395
232003252396
382008552397
324003852398
032008152399
832003532400
342008562401
320003592402
632008522403
322003552404
328008582405
432003512406
302008542407
326003572408
232008502409
232000512410
382500542411
324000572412
032500502413
362000532414
322500562415
832000592416
342500522417
320000552418
632500582419
632070592420
322020522421
328070552422
432020582423
302070512424
326020542425
232070572426
382020502427
324070532428
032020562429
032004572430
362009502431
322004532432
832009562433
342004592434
320009522435
632004552436
322009582437
328004512438
432009542439
432100552440
302600582441
326100512442
232600542443
382100572444
324600502445
032100532446
362600562447
322100592448
832600522449
832080532450
342030562451
320080592452
632030522453
322080552454
328030582455
432080512456
302030542457
326080572458
232030502459
232005512460
382000542461
324005572462
032000502463
362005532464
322000562465
832005592466
342000522467
320005552468
632000582469
632200592470
322700522471
328200552472
432700582473
302200512474
326700542475
232200572476
382700502477
324200532478
032700562479
032090572480
362040502481
322090532482
832040562483
342090592484
320040522485
632090552486
322040582487
328090512488
432040542489
432006552490
302001582491
326006512492
232001542493
382006572494
324001502495
032006532496
362001562497
322006592498
832001522499
632006524500
322001527501
328006520502
432001523503
302006526504
326001529505
232006522506
382001525507
324006528508
032001521509
032300522510
362800525511
322300528512
832800521513
342300524514
320800527515
632300520516
322800523517
328300526518
432800529519
432000520520
302050523521
326000526522
232050529523
382000522524
324050525525
032000528526
362050521527
322000524528
832050527529
832007528530
342002521531
320007524532
632002527533
322007520534
328002523535
432007526536
302002529537
326007522538
232002525539
232400526540
382900529541
324400522542
032900525543
362400528544
322900521545
832400524546
342900527547
320400520548
632900523549
632010524550
322060527551
328010520552
432060523553
302010526554
326060529555
232010522556
382060525557
324010528558
032060521559
032008522560
362003525561
322008528562
832003521563
342008524564
320003527565
632008520566
322003523567
328008526568
432003529569
432500520570
302000523571
326500526572
232000529573
382500522574
324000525575
032500528576
362000521577
322500524578
832000527579
832020528580
342070521581
320020524582
632070527583
322020520584
328070523585
432020526586
302070529587
326020522588
232070525589
232009526590
382004529591
324009522592
032004525593
362009528594
322004521595
832009524596
342004527597
320009520598
632004523599
432009552600
302004852601
326009152602
232004452603
382009752604
324004052605
032009352606
362004652607
322009952608
832004252609
832600352610
342100652611
320600952612
632100252613
322600552614
328100852615
432600152616
302100452617
326600752618
232100052619
232030152620
382080452621
324030752622
032080052623
362030352624
322080652625
832030952626
342080252627
320030552628
632080852629
632000952630
322005252631
328000552632
432005852633
302000152634
326005452635
232000752636
382005052637
324000352638
032005652639
032700752640
362200052641
322700352642
832200652643
342700952644
320200252645
632700552646
322200852647
328700152648
432200452649
432040552650
302090852651
326040152652
232090452653
382040752654
324090052655
032040352656
362090652657
322040952658
832090252659
832001352660
342006652661
320001952662
632006252663
322001552664
328006852665
432001152666
302006452667
326001752668
232006052669
232800152670
382300452671
324800752672
032300052673
362800352674
322300652675
832800952676
342300252677
320800552678
632300852679
632050952680
322000252681
328050552682
432000852683
302050152684
326000452685
232050752686
382000052687
324050352688
032000652689
032002752690
362007052691
322002352692
832007652693
342002952694
320007252695
632002552696
322007852697
328002152698
432007452699
232002562700
382007592701
324002522702
032007552703
362002582704
322007512705
832002542706
342007572707
320002502708
632007532709
632900542710
322400572711
328900502712
432400532713
302900562714
326400592715
232900522716
382400552717
324900582718
032400512719
032060522720
362010552721
322060582722
832010512723
342060542724
320010572725
632060502726
322010532727
328060562728
432010592729
432003502730
302008532731
326003562732
232008592733
382003522734
324008552735
032003582736
362008512737
322003542738
832008572739
832000582740
342500512741
320000542742
632500572743
322000502744
328500532745
432000562746
302500592747
326000522748
232500552749
232070562750
382020592751
324070522752
032020552753
362070582754
322020512755
832070542756
342020572757
320070502758
632020532759
632004542760
322009572761
328004502762
432009532763
302004562764
326009592765
232004522766
382009552767
324004582768
032009512769
032100522770
362600552771
322100582772
832600512773
342100542774
320600572775
632100502776
322600532777
328100562778
432600592779
432080502780
302030532781
326080562782
232030592783
382080522784
324030552785
032080582786
362030512787
322080542788
832030572789
832005582790
342000512791
320005542792
632000572793
322005502794
328000532795
432005562796
302000592797
326005522798
232000552799
032005527800
362000520801
322005523802
832000526803
342005529804
320000522805
632005525806
322000528807
328005521808
432000524809
432200525810
302700528811
326200521812
232700524813
382200527814
324700520815
032200523816
362700526817
322200529818
832700522819
832090523820
342040526821
320090529822
632040522823
322090525824
328040528825
432090521826
302040524827
326090527828
232040520829
232006521830
382001524831
324006527832
032001520833
362006523834
322001526835
832006529836
342001522837
320006525838
632001528839
632300529840
322800522841
328300525842
432800528843
302300521844
326800524845
232300527846
382800520847
324300523848
032800526849
032000527850
362050520851
322000523852
832050526853
342000529854
320050522855
632000525856
322050528857
328000521858
432050524859
432007525860
302002528861
326007521862
232002524863
382007527864
324002520865
032007523866
362002526867
322007529868
832002522869
832400523870
342900526871
320400529872
632900522873
322400525874
328900528875
432400521876
302900524877
326400527878
232900520879
232010521880
382060524881
324010527882
032060520883
362010523884
322060526885
832010529886
342060522887
320010525888
632060528889
632008529890
322003522891
328008525892
432003528893
302008521894
326003524895
232008527896
382003520897
324008523898
032003526899
832008852900
342003152901
320008452902
632003752903
322008052904
328003352905
432008652906
302003952907
326008252908
232003552909
232500652910
382000952911
324500252912
032000552913
362500852914
322000152915
832500452916
342000752917
320500052918
632000352919
632020452920
322070752921
328020052922
432070352923
302020652924
326070952925
232020252926
382070552927
324020852928
032070152929
032009252930
362004552931
322009852932
832004152933
342009452934
320004752935
632009052936
322004352937
328009652938
432004952939
432600052940
302100352941
326600652942
232100952943
382600252944
324100552945
032600852946
362100152947
322600452948
832100752949
832030852950
342080152951
320030452952
632080752953
322030052954
328080352955
432030652956
302080952957
326030252958
232080552959
232000652960
382005952961
324000252962
032005552963
362000852964
322005152965
832000452966
342005752967
320000052968
632005352969
632700452970
322200752971
328700052972
432200352973
302700652974
326200952975
232700252976
382200552977
324700852978
032200152979
032040252980
362090552981
322040852982
832090152983
342040452984
320090752985
632040052986
322090352987
328040652988
432090952989
432001052990
302006352991
326001652992
232006952993
382001252994
324006552995
032001852996
362006152997
322001452998
832006752999
832000553000
342005853001
320000153002
632005453003
322000753004
328005053005
432000353006
302005653007
326000953008
232005253009
232700353010
382200653011
324700953012
032200253013
362700553014
322200853015
832700153016
342200453017
320700753018
632200053019
632040153020
322090453021
328040753022
432090053023
302040353024
326090653025
232040953026
382090253027
324040553028
032090853029
032001953030
362006253031
322001553032
832006853033
342001153034
320006453035
632001753036
322006053037
328001353038
432006653039
432800753040
302300053041
326800353042
232300653043
382800953044
324300253045
032800553046
362300853047
322800153048
832300453049
832050553050
342000853051
320050153052
632000453053
322050753054
328000053055
432050353056
302000653057
326050953058
232000253059
232002353060
382007653061
324002953062
032007253063
362002553064
322007853065
832002153066
342007453067
320002753068
632007053069
632900153070
322400453071
328900753072
432400053073
302900353074
326400653075
232900953076
382400253077
324900553078
032400853079
032060953080
362010253081
322060553082
832010853083
342060153084
320010453085
632060753086
322010053087
328060353088
432010653089
432003753090
302008053091
326003353092
232008653093
382003953094
324008253095
032003553096
362008853097
322003153098
832008453099
632003563100
322008593101
328003523102
432008553103
302003583104
326008513105
232003543106
382008573107
324003503108
032008533109
032000543110
362500573111
322000503112
832500533113
342000563114
320500593115
632000523116
322500553117
328000583118
432500513119
432070523120
302020553121
326070583122
232020513123
382070543124
324020573125
032070503126
362020533127
322070563128
832020593129
832004503130
342009533131
320004563132
632009593133
322004523134
328009553135
432004583136
302009513137
326004543138
232009573139
232100583140
382600513141
324100543142
032600573143
362100503144
322600533145
832100563146
342600593147
320100523148
632600553149
632080563150
322030593151
328080523152
432030553153
302080583154
326030513155
232080543156
382030573157
324080503158
032030533159
032005543160
362000573161
322005503162
832000533163
342005563164
320000593165
632005523166
322000553167
328005583168
432000513169
432200523170
302700553171
326200583172
232700513173
382200543174
324700573175
032200503176
362700533177
322200563178
832700593179
832090503180
342040533181
320090563182
632040593183
322090523184
328040553185
432090583186
302040513187
326090543188
232040573189
232006583190
382001513191
324006543192
032001573193
362006503194
322001533195
832006563196
342001593197
320006523198
632001553199
432006537200
302001530201
326006533202
232001536203
382006539204
324001532205
032006535206
362001538207
322006531208
832001534209
832300535210
342800538211
320300531212
632800534213
322300537214
328800530215
432300533216
302800536217
326300539218
232800532219
232000533220
382050536221
324000539222
032050532223
362000535224
322050538225
832000531226
342050534227
320000537228
632050530229
632007531230
322002534231
328007537232
432002530233
302007533234
326002536235
232007539236
382002532237
324007535238
032002538239
032400539240
362900532241
322400535242
832900538243
342400531244
320900534245
632400537246
322900530247
328400533248
432900536249
432010537250
302060530251
326010533252
232060536253
382010539254
324060532255
032010535256
362060538257
322010531258
832060534259
832008535260
342003538261
320008531262
632003534263
322008537264
328003530265
432008533266
302003536267
326008539268
232003532269
232500533270
382000536271
324500539272
032000532273
362500535274
322000538275
832500531276
342000534277
320500537278
632000530279
632020531280
322070534281
328020537282
432070530283
302020533284
326070536285
232020539286
382070532287
324020535288
032070538289
032009539290
362004532291
322009535292
832004538293
342009531294
320004534295
632009537296
322004530297
328009533298
432004536299
232009853300
382004153301
324009453302
032004753303
362009053304
322004353305
832009653306
342004953307
320009253308
632004553309
632600653310
322100953311
328600253312
432100553313
302600853314
326100153315
232600453316
382100753317
324600053318
032100353319
032030453320
362080753321
322030053322
832080353323
342030653324
320080953325
632030253326
322080553327
328030853328
432080153329
432000253330
302005553331
326000853332
232005153333
382000453334
324005753335
032000053336
362005353337
322000653338
832005953339
832700053340
342200353341
320700653342
632200953343
322700253344
328200553345
432700853346
302200153347
326700453348
232200753349
232040853350
382090153351
324040453352
032090753353
362040053354
322090353355
832040653356
342090953357
320040253358
632090553359
632001653360
322006953361
328001253362
432006553363
302001853364
326006153365
232001453366
382006753367
324001053368
032006353369
032800453370
362300753371
322800053372
832300353373
342800653374
320300953375
632800253376
322300553377
328800853378
432300153379
432050253380
302000553381
326050853382
232000153383
382050453384
324000753385
032050053386
362000353387
322050653388
832000953389
832002053390
342007353391
320002653392
632007953393
322002253394
328007553395
432002853396
302007153397
326002453398
232007753399
032002593400
362007523401
322002553402
832007583403
342002513404
320007543405
632002573406
322007503407
328002533408
432007563409
432900573410
302400503411
326900533412
232400563413
382900593414
324400523415
032900553416
362400583417
322900513418
832400543419
832060553420
342010583421
320060513422
632010543423
322060573424
328010503425
432060533426
302010563427
326060593428
232010523429
232003533430
382008563431
324003593432
032008523433
362003553434
322008583435
832003513436
342008543437
320003573438
632008503439
632000513440
322500543441
328000573442
432500503443
302000533444
326500563445
232000593446
382500523447
324000553448
032500583449
032070593450
362020523451
322070553452
832020583453
342070513454
320020543455
632070573456
322020503457
328070533458
432020563459
432004573460
302009503461
326004533462
232009563463
382004593464
324009523465
032004553466
362009583467
322004513468
832009543469
832100553470
342600583471
320100513472
632600543473
322100573474
328600503475
432100533476
302600563477
326100593478
232600523479
232080533480
382030563481
324080593482
032030523483
362080553484
322030583485
832080513486
342030543487
320080573488
632030503489
632005513490
322000543491
328005573492
432000503493
302005533494
326000563495
232005593496
382000523497
324005553498
032000583499
832005530500
342000533501
320005536502
632000539503
322005532504
328000535505
432005538506
302000531507
326005534508
232000537509
232200538510
382700531511
324200534512
032700537513
362200530514
322700533515
832200536516
342700539517
320200532518
632700535519
632090536520
322040539521
328090532522
432040535523
302090538524
326040531525
232090534526
382040537527
324090530528
032040533529
032006534530
362001537531
322006530532
832001533533
342006536534
320001539535
632006532536
322001535537
328006538538
432001531539
432300532540
302800535541
326300538542
232800531543
382300534544
324800537545
032300530546
362800533547
322300536548
832800539549
832000530550
342050533551
320000536552
632050539553
322000532554
328050535555
432000538556
302050531557
326000534558
232050537559
232007538560
382002531561
324007534562
032002537563
362007530564
322002533565
832007536566
342002539567
320007532568
632002535569
632400536570
322900539571
328400532572
432900535573
302400538574
326900531575
232400534576
382900537577
324400530578
032900533579
032010534580
362060537581
322010530582
832060533583
342010536584
320060539585
632010532586
322060535587
328010538588
432060531589
432008532590
302003535591
326008538592
232003531593
382008534594
324003537595
032008530596
362003533597
322008536598
832003539599
632008153600
322003453601
328008753602
432003053603
302008353604
326003653605
232008953606
382003253607
324008553608
032003853609
032500953610
362000253611
322500553612
832000853613
342500153614
320000453615
632500753616
322000053617
328500353618
432000653619
432020753620
302070053621
326020353622
232070653623
382020953624
324070253625
032020553626
362070853627
322020153628
832070453629
832009553630
342004853631
320009153632
632004453633
322009753634
328004053635
432009353636
302004653637
326009953638
232004253639
232600353640
382100653641
324600953642
032100253643
362600553644
322100853645
832600153646
342100453647
320600753648
632100053649
632030153650
322080453651
328030753652
432080053653
302030353654
326080653655
232030953656
382080253657
324030553658
032080853659
032000953660
362005253661
322000553662
832005853663
342000153664
320005453665
632000753666
322005053667
328000353668
432005653669
432700753670
302200053671
326700353672
232200653673
382700953674
324200253675
032700553676
362200853677
322700153678
832200453679
832040553680
342090853681
320040153682
632090453683
322040753684
328090053685
432040353686
302090653687
326040953688
232090253689
232001353690
382006653691
324001953692
032006253693
362001553694
322006853695
832001153696
342006453697
320001753698
632006053699
432001523700
302006553701
326001583702
232006513703
382001543704
324006573705
032001503706
362006533707
322001563708
832006593709
832800503710
342300533711
320800563712
632300593713
322800523714
328300553715
432800583716
302300513717
326800543718
232300573719
232050583720
382000513721
324050543722
032000573723
362050503724
322000533725
832050563726
342000593727
320050523728
632000553729
632002563730
322007593731
328002523732
432007553733
302002583734
326007513735
232002543736
382007573737
324002503738
032007533739
032900543740
362400573741
322900503742
832400533743
342900563744
320400593745
632900523746
322400553747
328900583748
432400513749
432060523750
302010553751
326060583752
232010513753
382060543754
324010573755
032060503756
362010533757
322060563758
832010593759
832003503760
342008533761
320003563762
632008593763
322003523764
328008553765
432003583766
302008513767
326003543768
232008573769
232000583770
382500513771
324000543772
032500573773
362000503774
322500533775
832000563776
342500593777
320000523778
632500553779
632070563780
322020593781
328070523782
432020553783
302070583784
326020513785
232070543786
382020573787
324070503788
032020533789
032004543790
362009573791
322004503792
832009533793
342004563794
320009593795
632004523796
322009553797
328004583798
432009513799
232004533800
382009536801
324004539802
032009532803
362004535804
322009538805
832004531806
342009534807
320004537808
632009530809
632100531810
322600534811
328100537812
432600530813
302100533814
326600536815
232100539816
382600532817
324100535818
032600538819
032080539820
362030532821
322080535822
832030538823
342080531824
320030534825
632080537826
322030530827
328080533828
432030536829
432005537830
302000530831
326005533832
232000536833
382005539834
324000532835
032005535836
362000538837
322005531838
832000534839
832200535840
342700538841
320200531842
632700534843
322200537844
328700530845
432200533846
302700536847
326200539848
232700532849
232090533850
382040536851
324090539852
032040532853
362090535854
322040538855
832090531856
342040534857
320090537858
632040530859
632006531860
322001534861
328006537862
432001530863
302006533864
326001536865
232006539866
382001532867
324006535868
032001538869
032300539870
362800532871
322300535872
832800538873
342300531874
320800534875
632300537876
322800530877
328300533878
432800536879
432000537880
302050530881
326000533882
232050536883
382000539884
324050532885
032000535886
362050538887
322000531888
832050534889
832007535890
342002538891
320007531892
632002534893
322007537894
328002530895
432007533896
302002536897
326007539898
232002532899
032007453900
362002753901
322007053902
832002353903
342007653904
320002953905
632007253906
322002553907
328007853908
432002153909
432400253910
302900553911
326400853912
232900153913
382400453914
324900753915
032400053916
362900353917
322400653918
832900953919
832010053920
342060353921
320010653922
632060953923
322010253924
328060553925
432010853926
302060153927
326010453928
232060753929
232008853930
382003153931
324008453932
032003753933
362008053934
322003353935
832008653936
342003953937
320008253938
632003553939
632500653940
322000953941
328500253942
432000553943
302500853944
326000153945
232500453946
382000753947
324500053948
032000353949
032020453950
362070753951
322020053952
832070353953
342020653954
320070953955
632020253956
322070553957
328020853958
432070153959
432009253960
302004553961
326009853962
232004153963
382009453964
324004753965
032009053966
362004353967
322009653968
832004953969
832600053970
342100353971
320600653972
632100953973
322600253974
328100553975
432600853976
302100153977
326600453978
232100753979
232030853980
382080153981
324030453982
032080753983
362030053984
322080353985
832030653986
342080953987
320030253988
632080553989
632000653990
322005953991
328000253992
432005553993
302000853994
326005153995
232000453996
382005753997
324000053998
032005353999
032009154000
362004454001
322009754002
832004054003
342009354004
320004654005
632009954006
322004254007
328009554008
432004854009
432600954010
302100254011
326600554012
232100854013
382600154014
324100454015
032600754016
362100054017
322600354018
832100654019
832030754020
342080054021
320030354022
632080654023
322030954024
328080254025
432030554026
302080854027
326030154028
232080454029
232000554030
382005854031
324000154032
032005454033
362000754034
322005054035
832000354036
342005654037
320000954038
632005254039
632700354040
322200654041
328700954042
432200254043
302700554044
326200854045
232700154046
382200454047
324700754048
032200054049
032040154050
362090454051
322040754052
832090054053
342040354054
320090654055
632040954056
322090254057
328040554058
432090854059
432001954060
302006254061
326001554062
232006854063
382001154064
324006454065
032001754066
362006054067
322001354068
832006654069
832800754070
342300054071
320800354072
632300654073
322800954074
328300254075
432800554076
302300854077
326800154078
232300454079
232050554080
382000854081
324050154082
032000454083
362050754084
322000054085
832050354086
342000654087
320050954088
632000254089
632002354090
322007654091
328002954092
432007254093
302002554094
326007854095
232002154096
382007454097
324002754098
032007054099
832002524100
342007554101
320002584102
632007514103
322002544104
328007574105
432002504106
302007534107
326002564108
232007594109
232900504110
382400534111
324900564112
032400594113
362900524114
322400554115
832900584116
342400514117
320900544118
632400574119
632060584120
322010514121
328060544122
432010574123
302060504124
326010534125
232060564126
382010594127
324060524128
032010554129
032003564130
362008594131
322003524132
832008554133
342003584134
320008514135
632003544136
322008574137
328003504138
432008534139
432000544140
302500574141
326000504142
232500534143
382000564144
324500594145
032000524146
362500554147
322000584148
832500514149
832070524150
342020554151
320070584152
632020514153
322070544154
328020574155
432070504156
302020534157
326070564158
232020594159
232004504160
382009534161
324004564162
032009594163
362004524164
322009554165
832004584166
342009514167
320004544168
632009574169
632100584170
322600514171
328100544172
432600574173
302100504174
326600534175
232100564176
382600594177
324100524178
032600554179
032080564180
362030594181
322080524182
832030554183
342080584184
320030514185
632080544186
322030574187
328080504188
432030534189
432005544190
302000574191
326005504192
232000534193
382005564194
324000594195
032005524196
362000554197
322005584198
832000514199
632005543200
322000546201
328005549202
432000542203
302005545204
326000548205
232005541206
382000544207
324005547208
032000540209
032200541210
362700544211
322200547212
832700540213
342200543214
320700546215
632200549216
322700542217
328200545218
432700548219
432090549220
302040542221
326090545222
232040548223
382090541224
324040544225
032090547226
362040540227
322090543228
832040546229
832006547230
342001540231
320006543232
632001546233
322006549234
328001542235
432006545236
302001548237
326006541238
232001544239
232300545240
382800548241
324300541242
032800544243
362300547244
322800540245
832300543246
342800546247
320300549248
632800542249
632000543250
322050546251
328000549252
432050542253
302000545254
326050548255
232000541256
382050544257
324000547258
032050540259
032007541260
362002544261
322007547262
832002540263
342007543264
320002546265
632007549266
322002542267
328007545268
432002548269
432400549270
302900542271
326400545272
232900548273
382400541274
324900544275
032400547276
362900540277
322400543278
832900546279
832010547280
342060540281
320010543282
632060546283
322010549284
328060542285
432010545286
302060548287
326010541288
232060544289
232008545290
382003548291
324008541292
032003544293
362008547294
322003540295
832008543296
342003546297
320008549298
632003542299
432008454300
302003754301
326008054302
232003354303
382008654304
324003954305
032008254306
362003554307
322008854308
832003154309
832500254310
342000554311
320500854312
632000154313
322500454314
328000754315
432500054316
302000354317
326500654318
232000954319
232020054320
382070354321
324020654322
032070954323
362020254324
322070554325
832020854326
342070154327
320020454328
632070754329
632009854330
322004154331
328009454332
432004754333
302009054334
326004354335
232009654336
382004954337
324009254338
032004554339
032600654340
362100954341
322600254342
832100554343
342600854344
320100154345
632600454346
322100754347
328600054348
432100354349
432030454350
302080754351
326030054352
232080354353
382030654354
324080954355
032030254356
362080554357
322030854358
832080154359
832000254360
342005554361
320000854362
632005154363
322000454364
328005754365
432000054366
302005354367
326000654368
232005954369
232700054370
382200354371
324700654372
032200954373
362700254374
322200554375
832700854376
342200154377
320700454378
632200754379
632040854380
322090154381
328040454382
432090754383
302040054384
326090354385
232040654386
382090954387
324040254388
032090554389
032001654390
362006954391
322001254392
832006554393
342001854394
320006154395
632001454396
322006754397
328001054398
432006354399
232001554400
382006584401
324001514402
032006544403
362001574404
322006504405
832001534406
342006564407
320001594408
632006524409
632800534410
322300564411
328800594412
432300524413
302800554414
326300584415
232800514416
382300544417
324800574418
032300504419
032050514420
362000544421
322050574422
832000504423
342050534424
320000564425
632050594426
322000524427
328050554428
432000584429
432002594430
302007524431
326002554432
232007584433
382002514434
324007544435
032002574436
362007504437
322002534438
832007564439
832900574440
342400504441
320900534442
632400564443
322900594444
328400524445
432900554446
302400584447
326900514448
232400544449
232060554450
382010584451
324060514452
032010544453
362060574454
322010504455
832060534456
342010564457
320060594458
632010524459
632003534460
322008564461
328003594462
432008524463
302003554464
326008584465
232003514466
382008544467
324003574468
032008504469
032000514470
362500544471
322000574472
832500504473
342000534474
320500564475
632000594476
322500524477
328000554478
432500584479
432070594480
302020524481
326070554482
232020584483
382070514484
324020544485
032070574486
362020504487
322070534488
832020564489
832004574490
342009504491
320004534492
632009564493
322004594494
328009524495
432004554496
302009584497
326004514498
232009544499
032004546500
362009549501
322004542502
832009545503
342004548504
320009541505
632004544506
322009547507
328004540508
432009543509
432100544510
302600547511
326100540512
232600543513
382100546514
324600549515
032100542516
362600545517
322100548518
832600541519
832080542520
342030545521
320080548522
632030541523
322080544524
328030547525
432080540526
302030543527
326080546528
232030549529
232005540530
382000543531
324005546532
032000549533
362005542534
322000545535
832005548536
342000541537
320005544538
632000547539
632200548540
322700541541
328200544542
432700547543
302200540544
326700543545
232200546546
382700549547
324200542548
032700545549
032090546550
362040549551
322090542552
832040545553
342090548554
320040541555
632090544556
322040547557
328090540558
432040543559
432006544560
302001547561
326006540562
232001543563
382006546564
324001549565
032006542566
362001545567
322006548568
832001541569
832300542570
342800545571
320300548572
632800541573
322300544574
328800547575
432300540576
302800543577
326300546578
232800549579
232000540580
382050543581
324000546582
032050549583
362000542584
322050545585
832000548586
342050541587
320000544588
632050547589
632007548590
322002541591
328007544592
432002547593
302007540594
326002543595
232007546596
382002549597
324007542598
032002545599
832007754600
342002054601
320007354602
632002654603
322007954604
328002254605
432007554606
302002854607
326007154608
232002454609
232400554610
382900854611
324400154612
032900454613
362400754614
322900054615
832400354616
342900654617
320400954618
632900254619
632010354620
322060654621
328010954622
432060254623
302010554624
326060854625
232010154626
382060454627
324010754628
032060054629
032008154630
362003454631
322008754632
832003054633
342008354634
320003654635
632008954636
322003254637
328008554638
432003854639
432500954640
302000254641
326500554642
232000854643
382500154644
324000454645
032500754646
362000054647
322500354648
832000654649
832020754650
342070054651
320020354652
632070654653
322020954654
328070254655
432020554656
302070854657
326020154658
232070454659
232009554660
382004854661
324009154662
032004454663
362009754664
322004054665
832009354666
342004654667
320009954668
632004254669
632600354670
322100654671
328600954672
432100254673
302600554674
326100854675
232600154676
382100454677
324600754678
032100054679
032030154680
362080454681
322030754682
832080054683
342030354684
320080654685
632030954686
322080254687
328030554688
432080854689
432000954690
302005254691
326000554692
232005854693
382000154694
324005454695
032000754696
362005054697
322000354698
832005654699
632000584700
322005514701
328000544702
432005574703
302000504704
326005534705
232000564706
382005594707
324000524708
032005554709
032700564710
362200594711
322700524712
832200554713
342700584714
320200514715
632700544716
322200574717
328700504718
432200534719
432040544720
302090574721
326040504722
232090534723
382040564724
324090594725
032040524726
362090554727
322040584728
832090514729
832001524730
342006554731
320001584732
632006514733
322001544734
328006574735
432001504736
302006534737
326001564738
232006594739
232800504740
382300534741
324800564742
032300594743
362800524744
322300554745
832800584746
342300514747
320800544748
632300574749
632050584750
322000514751
328050544752
432000574753
302050504754
326000534755
232050564756
382000594757
324050524758
032000554759
032002564760
362007594761
322002524762
832007554763
342002584764
320007514765
632002544766
322007574767
328002504768
432007534769
432900544770
302400574771
326900504772
232400534773
382900564774
324400594775
032900524776
362400554777
322900584778
832400514779
832060524780
342010554781
320060584782
632010514783
322060544784
328010574785
432060504786
302010534787
326060564788
232010594789
232003504790
382008534791
324003564792
032008594793
362003524794
322008554795
832003584796
342008514797
320003544798
632008574799
432003549800
302008542801
326003545802
232008548803
382003541804
324008544805
032003547806
362008540807
322003543808
832008546809
832000547810
342500540811
320000543812
632500546813
322000549814
328500542815
432000545816
302500548817
326000541818
232500544819
232070545820
382020548821
324070541822
032020544823
362070547824
322020540825
832070543826
342020546827
320070549828
632020542829
632004543830
322009546831
328004549832
432009542833
302004545834
326009548835
232004541836
382009544837
324004547838
032009540839
032100541840
362600544841
322100547842
832600540843
342100543844
320600546845
632100549846
322600542847
328100545848
432600548849
432080549850
302030542851
326080545852
232030548853
382080541854
324030544855
032080547856
362030540857
322080543858
832030546859
832005547860
342000540861
320005543862
632000546863
322005549864
328000542865
432005545866
302000548867
326005541868
232000544869
232200545870
382700548871
324200541872
032700544873
362200547874
322700540875
832200543876
342700546877
320200549878
632700542879
632090543880
322040546881
328090549882
432040542883
302090545884
326040548885
232090541886
382040544887
324090547888
032040540889
032006541890
362001544891
322006547892
832001540893
342006543894
320001546895
632006549896
322001542897
328006545898
432001548899
232006054900
382001354901
324006654902
032001954903
362006254904
322001554905
832006854906
342001154907
320006454908
632001754909
632300854910
322800154911
328300454912
432800754913
302300054914
326800354915
232300654916
382800954917
324300254918
032800554919
032000654920
362050954921
322000254922
832050554923
342000854924
320050154925
632000454926
322050754927
328000054928
432050354929
432007454930
302002754931
326007054932
232002354933
382007654934
324002954935
032007254936
362002554937
322007854938
832002154939
832400254940
342900554941
320400854942
632900154943
322400454944
328900754945
432400054946
302900354947
326400654948
232900954949
232010054950
382060354951
324010654952
032060954953
362010254954
322060554955
832010854956
342060154957
320010454958
632060754959
632008854960
322003154961
328008454962
432003754963
302008054964
326003354965
232008654966
382003954967
324008254968
032003554969
032500654970
362000954971
322500254972
832000554973
342500854974
320000154975
632500454976
322000754977
328500054978
432000354979
432020454980
302070754981
326020054982
232070354983
382020654984
324070954985
032020254986
362070554987
322020854988
832070154989
832009254990
342004554991
320009854992
632004154993
322009454994
328004754995
432009054996
302004354997
326009654998
232004954999
232008755000
382003055001
324008355002
032003655003
362008955004
322003255005
832008555006
342003855007
320008155008
632003455009
632500555010
322000855011
328500155012
432000455013
302500755014
326000055015
232500355016
382000655017
324500955018
032000255019
032020355020
362070655021
322020955022
832070255023
342020555024
320070855025
632020155026
322070455027
328020755028
432070055029
432009155030
302004455031
326009755032
232004055033
382009355034
324004655035
032009955036
362004255037
322009555038
832004855039
832600955040
342100255041
320600555042
632100855043
322600155044
328100455045
432600755046
302100055047
326600355048
232100655049
232030755050
382080055051
324030355052
032080655053
362030955054
322080255055
832030555056
342080855057
320030155058
632080455059
632000555060
322005855061
328000155062
432005455063
302000755064
326005055065
232000355066
382005655067
324000955068
032005255069
032700355070
362200655071
322700955072
832200255073
342700555074
320200855075
632700155076
322200455077
328700755078
432200055079
432040155080
302090455081
326040755082
232090055083
382040355084
324090655085
032040955086
362090255087
322040555088
832090855089
832001955090
342006255091
320001555092
632006855093
322001155094
328006455095
432001755096
302006055097
326001355098
232006655099
032001585100
362006515101
322001545102
832006575103
342001505104
320006535105
632001565106
322006595107
328001525108
432006555109
432800565110
302300595111
326800525112
232300555113
382800585114
324300515115
032800545116
362300575117
322800505118
832300535119
832050545120
342000575121
320050505122
632000535123
322050565124
328000595125
432050525126
302000555127
326050585128
232000515129
232002525130
382007555131
324002585132
032007515133
362002545134
322007575135
832002505136
342007535137
320002565138
632007595139
632900505140
322400535141
328900565142
432400595143
302900525144
326400555145
232900585146
382400515147
324900545148
032400575149
032060585150
362010515151
322060545152
832010575153
342060505154
320010535155
632060565156
322010595157
328060525158
432010555159
432003565160
302008595161
326003525162
232008555163
382003585164
324008515165
032003545166
362008575167
322003505168
832008535169
832000545170
342500575171
320000505172
632500535173
322000565174
328500595175
432000525176
302500555177
326000585178
232500515179
232070525180
382020555181
324070585182
032020515183
362070545184
322020575185
832070505186
342020535187
320070565188
632020595189
632004505190
322009535191
328004565192
432009595193
302004525194
326009555195
232004585196
382009515197
324004545198
032009575199
832004559200
342009552201
320004555202
632009558203
322004551204
328009554205
432004557206
302009550207
326004553208
232009556209
232100557210
382600550211
324100553212
032600556213
362100559214
322600552215
832100555216
342600558217
320100551218
632600554219
632080555220
322030558221
328080551222
432030554223
302080557224
326030550225
232080553226
382030556227
324080559228
032030552229
032005553230
362000556231
322005559232
832000552233
342005555234
320000558235
632005551236
322000554237
328005557238
432000550239
432200551240
302700554241
326200557242
232700550243
382200553244
324700556245
032200559246
362700552247
322200555248
832700558249
832090559250
342040552251
320090555252
632040558253
322090551254
328040554255
432090557256
302040550257
326090553258
232040556259
232006557260
382001550261
324006553262
032001556263
362006559264
322001552265
832006555266
342001558267
320006551268
632001554269
632300555270
322800558271
328300551272
432800554273
302300557274
326800550275
232300553276
382800556277
324300559278
032800552279
032000553280
362050556281
322000559282
832050552283
342000555284
320050558285
632000551286
322050554287
328000557288
432050550289
432007551290
302002554291
326007557292
232002550293
382007553294
324002556295
032007559296
362002552297
322007555298
832002558299
632007055300
322002355301
328007655302
432002955303
302007255304
326002555305
232007855306
382002155307
324007455308
032002755309
032400855310
362900155311
322400455312
832900755313
342400055314
320900355315
632400655316
322900955317
328400255318
432900555319
432010655320
302060955321
326010255322
232060555323
382010855324
324060155325
032010455326
362060755327
322010055328
832060355329
832008455330
342003755331
320008055332
632003355333
322008655334
328003955335
432008255336
302003555337
326008855338
232003155339
232500255340
382000555341
324500855342
032000155343
362500455344
322000755345
832500055346
342000355347
320500655348
632000955349
632020055350
322070355351
328020655352
432070955353
302020255354
326070555355
232020855356
382070155357
324020455358
032070755359
032009855360
362004155361
322009455362
832004755363
342009055364
320004355365
632009655366
322004955367
328009255368
432004555369
432600655370
302100955371
326600255372
232100555373
382600855374
324100155375
032600455376
362100755377
322600055378
832100355379
832030455380
342080755381
320030055382
632080355383
322030655384
328080955385
432030255386
302080555387
326030855388
232080155389
232000255390
382005555391
324000855392
032005155393
362000455394
322005755395
832000055396
342005355397
320000655398
632005955399
432000515400
302005545401
326000575402
232005505403
382000535404
324005565405
032000595406
362005525407
322000555408
832005585409
832700595410
342200525411
320700555412
632200585413
322700515414
328200545415
432700575416
302200505417
326700535418
232200565419
232040575420
382090505421
324040535422
032090565423
362040595424
322090525425
832040555426
342090585427
320040515428
632090545429
632001555430
322006585431
328001515432
432006545433
302001575434
326006505435
232001535436
382006565437
324001595438
032006525439
032800535440
362300565441
322800595442
832300525443
342800555444
320300585445
632800515446
322300545447
328800575448
432300505449
432050515450
302000545451
326050575452
232000505453
382050535454
324000565455
032050595456
362000525457
322050555458
832000585459
832002595460
342007525461
320002555462
632007585463
322002515464
328007545465
432002575466
302007505467
326002535468
232007565469
232900575470
382400505471
324900535472
032400565473
362900595474
322400525475
832900555476
342400585477
320900515478
632400545479
632060555480
322010585481
328060515482
432010545483
302060575484
326010505485
232060535486
382010565487
324060595488
032010525489
032003535490
362008565491
322003595492
832008525493
342003555494
320008585495
632003515496
322008545497
328003575498
432008505499
232003552500
382008555501
324003558502
032008551503
362003554504
322008557505
832003550506
342008553507
320003556508
632008559509
632000550510
322500553511
328000556512
432500559513
302000552514
326500555515
232000558516
382500551517
324000554518
032500557519
032070558520
362020551521
322070554522
832020557523
342070550524
320020553525
632070556526
322020559527
328070552528
432020555529
432004556530
302009559531
326004552532
232009555533
382004558534
324009551535
032004554536
362009557537
322004550538
832009553539
832100554540
342600557541
320100550542
632600553543
322100556544
328600559545
432100552546
302600555547
326100558548
232600551549
232080552550
382030555551
324080558552
032030551553
362080554554
322030557555
832080550556
342030553557
320080556558
632030559559
632005550560
322000553561
328005556562
432000559563
302005552564
326000555565
232005558566
382000551567
324005554568
032000557569
032200558570
362700551571
322200554572
832700557573
342200550574
320700553575
632200556576
322700559577
328200552578
432700555579
432090556580
302040559581
326090552582
232040555583
382090558584
324040551585
032090554586
362040557587
322090550588
832040553589
832006554590
342001557591
320006550592
632001553593
322006556594
328001559595
432006552596
302001555597
326006558598
232001551599
032006355600
362001655601
322006955602
832001255603
342006555604
320001855605
632006155606
322001455607
328006755608
432001055609
432300155610
302800455611
326300755612
232800055613
382300355614
324800655615
032300955616
362800255617
322300555618
832800855619
832000955620
342050255621
320000555622
632050855623
322000155624
328050455625
432000755626
302050055627
326000355628
232050655629
232007755630
382002055631
324007355632
032002655633
362007955634
322002255635
832007555636
342002855637
320007155638
632002455639
632400555640
322900855641
328400155642
432900455643
302400755644
326900055645
232400355646
382900655647
324400955648
032900255649
032010355650
362060655651
322010955652
832060255653
342010555654
320060855655
632010155656
322060455657
328010755658
432060055659
432008155660
302003455661
326008755662
232003055663
382008355664
324003655665
032008955666
362003255667
322008555668
832003855669
832500955670
342000255671
320500555672
632000855673
322500155674
328000455675
432500755676
302000055677
326500355678
232000655679
232020755680
382070055681
324020355682
032070655683
362020955684
322070255685
832020555686
342070855687
320020155688
632070455689
632009555690
322004855691
328009155692
432004455693
302009755694
326004055695
232009355696
382004655697
324009955698
032004255699
832009545700
342004575701
320009505702
632004535703
322009565704
328004595705
432009525706
302004555707
326009585708
232004515709
232600525710
382100555711
324600585712
032100515713
362600545714
322100575715
832600505716
342100535717
320600565718
632100595719
632030505720
322080535721
328030565722
432080595723
302030525724
326080555725
232030585726
382080515727
324030545728
032080575729
032000585730
362005515731
322000545732
832005575733
342000505734
320005535735
632000565736
322005595737
328000525738
432005555739
432700565740
302200595741
326700525742
232200555743
382700585744
324200515745
032700545746
362200575747
322700505748
832200535749
832040545750
342090575751
320040505752
632090535753
322040565754
328090595755
432040525756
302090555757
326040585758
232090515759
232001525760
382006555761
324001585762
032006515763
362001545764
322006575765
832001505766
342006535767
320001565768
632006595769
632800505770
322300535771
328800565772
432300595773
302800525774
326300555775
232800585776
382300515777
324800545778
032300575779
032050585780
362000515781
322050545782
832000575783
342050505784
320000535785
632050565786
322000595787
328050525788
432000555789
432002565790
302007595791
326002525792
232007555793
382002585794
324007515795
032002545796
362007575797
322002505798
832007535799
632002555800
322007558801
328002551802
432007554803
302002557804
326007550805
232002553806
382007556807
324002559808
032007552809
032900553810
362400556811
322900559812
832400552813
342900555814
320400558815
632900551816
322400554817
328900557818
432400550819
432060551820
302010554821
326060557822
232010550823
382060553824
324010556825
032060559826
362010552827
322060555828
832010558829
832003559830
342008552831
320003555832
632008558833
322003551834
328008554835
432003557836
302008550837
326003553838
232008556839
232000557840
382500550841
324000553842
032500556843
362000559844
322500552845
832000555846
342500558847
320000551848
632500554849
632070555850
322020558851
328070551852
432020554853
302070557854
326020550855
232070553856
382020556857
324070559858
032020552859
032004553860
362009556861
322004559862
832009552863
342004555864
320009558865
632004551866
322009554867
328004557868
432009550869
432100551870
302600554871
326100557872
232600550873
382100553874
324600556875
032100559876
362600552877
322100555878
832600558879
832080559880
342030552881
320080555882
632030558883
322080551884
328030554885
432080557886
302030550887
326080553888
232030556889
232005557890
382000550891
324005553892
032000556893
362005559894
322000552895
832005555896
342000558897
320005551898
632000554899
432005655900
302000955901
326005255902
232000555903
382005855904
324000155905
032005455906
362000755907
322005055908
832000355909
832200455910
342700755911
320200055912
632700355913
322200655914
328700955915
432200255916
302700555917
326200855918
232700155919
232090255920
382040555921
324090855922
032040155923
362090455924
322040755925
832090055926
342040355927
320090655928
632040955929
632006055930
322001355931
328006655932
432001955933
302006255934
326001555935
232006855936
382001155937
324006455938
032001755939
032300855940
362800155941
322300455942
832800755943
342300055944
320800355945
632300655946
322800955947
328300255948
432800555949
432000655950
302050955951
326000255952
232050555953
382000855954
324050155955
032000455956
362050755957
322000055958
832050355959
832007455960
342002755961
320007055962
632002355963
322007655964
328002955965
432007255966
302002555967
326007855968
232002155969
232400255970
382900555971
324400855972
032900155973
362400455974
322900755975
832400055976
342900355977
320400655978
632900955979
632010055980
322060355981
328010655982
432060955983
302010255984
326060555985
232010855986
382060155987
324010455988
032060755989
032008855990
362003155991
322008455992
832003755993
342008055994
320003355995
632008655996
322003955997
328008255998
432003555999
432007356000
302002656001
326007956002
232002256003
382007556004
324002856005
032007156006
362002456007
322007756008
832002056009
832400156010
342900456011
320400756012
632900056013
322400356014
328900656015
432400956016
302900256017
326400556018
232900856019
232010956020
382060256021
324010556022
032060856023
362010156024
322060456025
832010756026
342060056027
320010356028
632060656029
632008756030
322003056031
328008356032
432003656033
302008956034
326003256035
232008556036
382003856037
324008156038
032003456039
032500556040
362000856041
322500156042
832000456043
342500756044
320000056045
632500356046
322000656047
328500956048
432000256049
432020356050
302070656051
326020956052
232070256053
382020556054
324070856055
032020156056
362070456057
322020756058
832070056059
832009156060
342004456061
320009756062
632004056063
322009356064
328004656065
432009956066
302004256067
326009556068
232004856069
232600956070
382100256071
324600556072
032100856073
362600156074
322100456075
832600756076
342100056077
320600356078
632100656079
632030756080
322080056081
328030356082
432080656083
302030956084
326080256085
232030556086
382080856087
324030156088
032080456089
032000556090
362005856091
322000156092
832005456093
342000756094
320005056095
632000356096
322005656097
328000956098
432005256099
232000546100
382005576101
324000506102
032005536103
362000566104
322005596105
832000526106
342005556107
320000586108
632005516109
632700526110
322200556111
328700586112
432200516113
302700546114
326200576115
232700506116
382200536117
324700566118
032200596119
032040506120
362090536121
322040566122
832090596123
342040526124
320090556125
632040586126
322090516127
328040546128
432090576129
432001586130
302006516131
326001546132
232006576133
382001506134
324006536135
032001566136
362006596137
322001526138
832006556139
832800566140
342300596141
320800526142
632300556143
322800586144
328300516145
432800546146
302300576147
326800506148
232300536149
232050546150
382000576151
324050506152
032000536153
362050566154
322000596155
832050526156
342000556157
320050586158
632000516159
632002526160
322007556161
328002586162
432007516163
302002546164
326007576165
232002506166
382007536167
324002566168
032007596169
032900506170
362400536171
322900566172
832400596173
342900526174
320400556175
632900586176
322400516177
328900546178
432400576179
432060586180
302010516181
326060546182
232010576183
382060506184
324010536185
032060566186
362010596187
322060526188
832010556189
832003566190
342008596191
320003526192
632008556193
322003586194
328008516195
432003546196
302008576197
326003506198
232008536199
032003565200
362008568201
322003561202
832008564203
342003567204
320008560205
632003563206
322008566207
328003569208
432008562209
432000563210
302500566211
326000569212
232500562213
382000565214
324500568215
032000561216
362500564217
322000567218
832500560219
832070561220
342020564221
320070567222
632020560223
322070563224
328020566225
432070569226
302020562227
326070565228
232020568229
232004569230
382009562231
324004565232
032009568233
362004561234
322009564235
832004567236
342009560237
320004563238
632009566239
632100567240
322600560241
328100563242
432600566243
302100569244
326600562245
232100565246
382600568247
324100561248
032600564249
032080565250
362030568251
322080561252
832030564253
342080567254
320030560255
632080563256
322030566257
328080569258
432030562259
432005563260
302000566261
326005569262
232000562263
382005565264
324000568265
032005561266
362000564267
322005567268
832000560269
832200561270
342700564271
320200567272
632700560273
322200563274
328700566275
432200569276
302700562277
326200565278
232700568279
232090569280
382040562281
324090565282
032040568283
362090561284
322040564285
832090567286
342040560287
320090563288
632040566289
632006567290
322001560291
328006563292
432001566293
302006569294
326001562295
232006565296
382001568297
324006561298
032001564299
832006656300
342001956301
320006256302
632001556303
322006856304
328001156305
432006456306
302001756307
326006056308
232001356309
232300456310
382800756311
324300056312
032800356313
362300656314
322800956315
832300256316
342800556317
320300856318
632800156319
632000256320
322050556321
328000856322
432050156323
302000456324
326050756325
232000056326
382050356327
324000656328
032050956329
032007056330
362002356331
322007656332
832002956333
342007256334
320002556335
632007856336
322002156337
328007456338
432002756339
432400856340
302900156341
326400456342
232900756343
382400056344
324900356345
032400656346
362900956347
322400256348
832900556349
832010656350
342060956351
320010256352
632060556353
322010856354
328060156355
432010456356
302060756357
326010056358
232060356359
232008456360
382003756361
324008056362
032003356363
362008656364
322003956365
832008256366
342003556367
320008856368
632003156369
632500256370
322000556371
328500856372
432000156373
302500456374
326000756375
232500056376
382000356377
324500656378
032000956379
032020056380
362070356381
322020656382
832070956383
342020256384
320070556385
632020856386
322070156387
328020456388
432070756389
432009856390
302004156391
326009456392
232004756393
382009056394
324004356395
032009656396
362004956397
322009256398
832004556399
632009576400
322004506401
328009536402
432004566403
302009596404
326004526405
232009556406
382004586407
324009516408
032004546409
032600556410
362100586411
322600516412
832100546413
342600576414
320100506415
632600536416
322100566417
328600596418
432100526419
432030536420
302080566421
326030596422
232080526423
382030556424
324080586425
032030516426
362080546427
322030576428
832080506429
832000516430
342005546431
320000576432
632005506433
322000536434
328005566435
432000596436
302005526437
326000556438
232005586439
232700596440
382200526441
324700556442
032200586443
362700516444
322200546445
832700576446
342200506447
320700536448
632200566449
632040576450
322090506451
328040536452
432090566453
302040596454
326090526455
232040556456
382090586457
324040516458
032090546459
032001556460
362006586461
322001516462
832006546463
342001576464
320006506465
632001536466
322006566467
328001596468
432006526469
432800536470
302300566471
326800596472
232300526473
382800556474
324300586475
032800516476
362300546477
322800576478
832300506479
832050516480
342000546481
320050576482
632000506483
322050536484
328000566485
432050596486
302000526487
326050556488
232000586489
232002596490
382007526491
324002556492
032007586493
362002516494
322007546495
832002576496
342007506497
320002536498
632007566499
432002568500
302007561501
326002564502
232007567503
382002560504
324007563505
032002566506
362007569507
322002562508
832007565509
832900566510
342400569511
320900562512
632400565513
322900568514
328400561515
432900564516
302400567517
326900560518
232400563519
232060564520
382010567521
324060560522
032010563523
362060566524
322010569525
832060562526
342010565527
320060568528
632010561529
632003562530
322008565531
328003568532
432008561533
302003564534
326008567535
232003560536
382008563537
324003566538
032008569539
032000560540
362500563541
322000566542
832500569543
342000562544
320500565545
632000568546
322500561547
328000564548
432500567549
432070568550
302020561551
326070564552
232020567553
382070560554
324020563555
032070566556
362020569557
322070562558
832020565559
832004566560
342009569561
320004562562
632009565563
322004568564
328009561565
432004564566
302009567567
326004560568
232009563569
232100564570
382600567571
324100560572
032600563573
362100566574
322600569575
832100562576
342600565577
320100568578
632600561579
632080562580
322030565581
328080568582
432030561583
302080564584
326030567585
232080560586
382030563587
324080566588
032030569589
032005560590
362000563591
322005566592
832000569593
342005562594
320000565595
632005568596
322000561597
328005564598
432000567599
232005956600
382000256601
324005556602
032000856603
362005156604
322000456605
832005756606
342000056607
320005356608
632000656609
632200756610
322700056611
328200356612
432700656613
302200956614
326700256615
232200556616
382700856617
324200156618
032700456619
032090556620
362040856621
322090156622
832040456623
342090756624
320040056625
632090356626
322040656627
328090956628
432040256629
432006356630
302001656631
326006956632
232001256633
382006556634
324001856635
032006156636
362001456637
322006756638
832001056639
832300156640
342800456641
320300756642
632800056643
322300356644
328800656645
432300956646
302800256647
326300556648
232800856649
232000956650
382050256651
324000556652
032050856653
362000156654
322050456655
832000756656
342050056657
320000356658
632050656659
632007756660
322002056661
328007356662
432002656663
302007956664
326002256665
232007556666
382002856667
324007156668
032002456669
032400556670
362900856671
322400156672
832900456673
342400756674
320900056675
632400356676
322900656677
328400956678
432900256679
432010356680
302060656681
326010956682
232060256683
382010556684
324060856685
032010156686
362060456687
322010756688
832060056689
832008156690
342003456691
320008756692
632003056693
322008356694
328003656695
432008956696
302003256697
326008556698
232003856699
032008506700
362003536701
322008566702
832003596703
342008526704
320003556705
632008586706
322003516707
328008546708
432003576709
432500586710
302000516711
326500546712
232000576713
382500506714
324000536715
032500566716
362000596717
322500526718
832000556719
832020566720
342070596721
320020526722
632070556723
322020586724
328070516725
432020546726
302070576727
326020506728
232070536729
232009546730
382004576731
324009506732
032004536733
362009566734
322004596735
832009526736
342004556737
320009586738
632004516739
632600526740
322100556741
328600586742
432100516743
302600546744
326100576745
232600506746
382100536747
324600566748
032100596749
032030506750
362080536751
322030566752
832080596753
342030526754
320080556755
632030586756
322080516757
328030546758
432080576759
432000586760
302005516761
326000546762
232005576763
382000506764
324005536765
032000566766
362005596767
322000526768
832005556769
832700566770
342200596771
320700526772
632200556773
322700586774
328200516775
432700546776
302200576777
326700506778
232200536779
232040546780
382090576781
324040506782
032090536783
362040566784
322090596785
832040526786
342090556787
320040586788
632090516789
632001526790
322006556791
328001586792
432006516793
302001546794
326006576795
232001506796
382006536797
324001566798
032006596799
832001561800
342006564801
320001567802
632006560803
322001563804
328006566805
432001569806
302006562807
326001565808
232006568809
232800569810
382300562811
324800565812
032300568813
362800561814
322300564815
832800567816
342300560817
320800563818
632300566819
632050567820
322000560821
328050563822
432000566823
302050569824
326000562825
232050565826
382000568827
324050561828
032000564829
032002565830
362007568831
322002561832
832007564833
342002567834
320007560835
632002563836
322007566837
328002569838
432007562839
432900563840
302400566841
326900569842
232400562843
382900565844
324400568845
032900561846
362400564847
322900567848
832400560849
832060561850
342010564851
320060567852
632010560853
322060563854
328010566855
432060569856
302010562857
326060565858
232010568859
232003569860
382008562861
324003565862
032008568863
362003561864
322008564865
832003567866
342008560867
320003563868
632008566869
632000567870
322500560871
328000563872
432500566873
302000569874
326500562875
232000565876
382500568877
324000561878
032500564879
032070565880
362020568881
322070561882
832020564883
342070567884
320020560885
632070563886
322020566887
328070569888
432020562889
432004563890
302009566891
326004569892
232009562893
382004565894
324009568895
032004561896
362009564897
322004567898
832009560899
632004256900
322009556901
328004856902
432009156903
302004456904
326009756905
232004056906
382009356907
324004656908
032009956909
032100056910
362600356911
322100656912
832600956913
342100256914
320600556915
632100856916
322600156917
328100456918
432600756919
432080856920
302030156921
326080456922
232030756923
382080056924
324030356925
032080656926
362030956927
322080256928
832030556929
832005656930
342000956931
320005256932
632000556933
322005856934
328000156935
432005456936
302000756937
326005056938
232000356939
232200456940
382700756941
324200056942
032700356943
362200656944
322700956945
832200256946
342700556947
320200856948
632700156949
632090256950
322040556951
328090856952
432040156953
302090456954
326040756955
232090056956
382040356957
324090656958
032040956959
032006056960
362001356961
322006656962
832001956963
342006256964
320001556965
632006856966
322001156967
328006456968
432001756969
432300856970
302800156971
326300456972
232800756973
382300056974
324800356975
032300656976
362800956977
322300256978
832800556979
832000656980
342050956981
320000256982
632050556983
322000856984
328050156985
432000456986
302050756987
326000056988
232050356989
232007456990
382002756991
324007056992
032002356993
362007656994
322002956995
832007256996
342002556997
320007856998
632002156999
632006957000
322001257001
328006557002
432001857003
302006157004
326001457005
232006757006
382001057007
324006357008
032001657009
032300757010
362800057011
322300357012
832800657013
342300957014
320800257015
632300557016
322800857017
328300157018
432800457019
432000557020
302050857021
326000157022
232050457023
382000757024
324050057025
032000357026
362050657027
322000957028
832050257029
832007357030
342002657031
320007957032
632002257033
322007557034
328002857035
432007157036
302002457037
326007757038
232002057039
232400157040
382900457041
324400757042
032900057043
362400357044
322900657045
832400957046
342900257047
320400557048
632900857049
632010957050
322060257051
328010557052
432060857053
302010157054
326060457055
232010757056
382060057057
324010357058
032060657059
032008757060
362003057061
322008357062
832003657063
342008957064
320003257065
632008557066
322003857067
328008157068
432003457069
432500557070
302000857071
326500157072
232000457073
382500757074
324000057075
032500357076
362000657077
322500957078
832000257079
832020357080
342070657081
320020957082
632070257083
322020557084
328070857085
432020157086
302070457087
326020757088
232070057089
232009157090
382004457091
324009757092
032004057093
362009357094
322004657095
832009957096
342004257097
320009557098
632004857099
432009507100
302004537101
326009567102
232004597103
382009527104
324004557105
032009587106
362004517107
322009547108
832004577109
832600587110
342100517111
320600547112
632100577113
322600507114
328100537115
432600567116
302100597117
326600527118
232100557119
232030567120
382080597121
324030527122
032080557123
362030587124
322080517125
832030547126
342080577127
320030507128
632080537129
632000547130
322005577131
328000507132
432005537133
302000567134
326005597135
232000527136
382005557137
324000587138
032005517139
032700527140
362200557141
322700587142
832200517143
342700547144
320200577145
632700507146
322200537147
328700567148
432200597149
432040507150
302090537151
326040567152
232090597153
382040527154
324090557155
032040587156
362090517157
322040547158
832090577159
832001587160
342006517161
320001547162
632006577163
322001507164
328006537165
432001567166
302006597167
326001527168
232006557169
232800567170
382300597171
324800527172
032300557173
362800587174
322300517175
832800547176
342300577177
320800507178
632300537179
632050547180
322000577181
328050507182
432000537183
302050567184
326000597185
232050527186
382000557187
324050587188
032000517189
032002527190
362007557191
322002587192
832007517193
342002547194
320007577195
632002507196
322007537197
328002567198
432007597199
232002571200
382007574201
324002577202
032007570203
362002573204
322007576205
832002579206
342007572207
320002575208
632007578209
632900579210
322400572211
328900575212
432400578213
302900571214
326400574215
232900577216
382400570217
324900573218
032400576219
032060577220
362010570221
322060573222
832010576223
342060579224
320010572225
632060575226
322010578227
328060571228
432010574229
432003575230
302008578231
326003571232
232008574233
382003577234
324008570235
032003573236
362008576237
322003579238
832008572239
832000573240
342500576241
320000579242
632500572243
322000575244
328500578245
432000571246
302500574247
326000577248
232500570249
232070571250
382020574251
324070577252
032020570253
362070573254
322020576255
832070579256
342020572257
320070575258
632020578259
632004579260
322009572261
328004575262
432009578263
302004571264
326009574265
232004577266
382009570267
324004573268
032009576269
032100577270
362600570271
322100573272
832600576273
342100579274
320600572275
632100575276
322600578277
328100571278
432600574279
432080575280
302030578281
326080571282
232030574283
382080577284
324030570285
032080573286
362030576287
322080579288
832030572289
832005573290
342000576291
320005579292
632000572293
322005575294
328000578295
432005571296
302000574297
326005577298
232000570299
032005257300
362000557301
322005857302
832000157303
342005457304
320000757305
632005057306
322000357307
328005657308
432000957309
432200057310
302700357311
326200657312
232700957313
382200257314
324700557315
032200857316
362700157317
322200457318
832700757319
832090857320
342040157321
320090457322
632040757323
322090057324
328040357325
432090657326
302040957327
326090257328
232040557329
232006657330
382001957331
324006257332
032001557333
362006857334
322001157335
832006457336
342001757337
320006057338
632001357339
632300457340
322800757341
328300057342
432800357343
302300657344
326800957345
232300257346
382800557347
324300857348
032800157349
032000257350
362050557351
322000857352
832050157353
342000457354
320050757355
632000057356
322050357357
328000657358
432050957359
432007057360
302002357361
326007657362
232002957363
382007257364
324002557365
032007857366
362002157367
322007457368
832002757369
832400857370
342900157371
320400457372
632900757373
322400057374
328900357375
432400657376
302900957377
326400257378
232900557379
232010657380
382060957381
324010257382
032060557383
362010857384
322060157385
832010457386
342060757387
320010057388
632060357389
632008457390
322003757391
328008057392
432003357393
302008657394
326003957395
232008257396
382003557397
324008857398
032003157399
832008537400
342003567401
320008597402
632003527403
322008557404
328003587405
432008517406
302003547407
326008577408
232003507409
232500517410
382000547411
324500577412
032000507413
362500537414
322000567415
832500597416
342000527417
320500557418
632000587419
632020597420
322070527421
328020557422
432070587423
302020517424
326070547425
232020577426
382070507427
324020537428
032070567429
032009577430
362004507431
322009537432
832004567433
342009597434
320004527435
632009557436
322004587437
328009517438
432004547439
432600557440
302100587441
326600517442
232100547443
382600577444
324100507445
032600537446
362100567447
322600597448
832100527449
832030537450
342080567451
320030597452
632080527453
322030557454
328080587455
432030517456
302080547457
326030577458
232080507459
232000517460
382005547461
324000577462
032005507463
362000537464
322005567465
832000597466
342005527467
320000557468
632005587469
632700597470
322200527471
328700557472
432200587473
302700517474
326200547475
232700577476
382200507477
324700537478
032200567479
032040577480
362090507481
322040537482
832090567483
342040597484
320090527485
632040557486
322090587487
328040517488
432090547489
432001557490
302006587491
326001517492
232006547493
382001577494
324006507495
032001537496
362006567497
322001597498
832006527499
632001574500
322006577501
328001570502
432006573503
302001576504
326006579505
232001572506
382006575507
324001578508
032006571509
032800572510
362300575511
322800578512
832300571513
342800574514
320300577515
632800570516
322300573517
328800576518
432300579519
432050570520
302000573521
326050576522
232000579523
382050572524
324000575525
032050578526
362000571527
322050574528
832000577529
832002578530
342007571531
320002574532
632007577533
322002570534
328007573535
432002576536
302007579537
326002572538
232007575539
232900576540
382400579541
324900572542
032400575543
362900578544
322400571545
832900574546
342400577547
320900570548
632400573549
632060574550
322010577551
328060570552
432010573553
302060576554
326010579555
232060572556
382010575557
324060578558
032010571559
032003572560
362008575561
322003578562
832008571563
342003574564
320008577565
632003570566
322008573567
328003576568
432008579569
432000570570
302500573571
326000576572
232500579573
382000572574
324500575575
032000578576
362500571577
322000574578
832500577579
832070578580
342020571581
320070574582
632020577583
322070570584
328020573585
432070576586
302020579587
326070572588
232020575589
232004576590
382009579591
324004572592
032009575593
362004578594
322009571595
832004574596
342009577597
320004570598
632009573599
432004557600
302009857601
326004157602
232009457603
382004757604
324009057605
032004357606
362009657607
322004957608
832009257609
832100357610
342600657611
320100957612
632600257613
322100557614
328600857615
432100157616
302600457617
326100757618
232600057619
232080157620
382030457621
324080757622
032030057623
362080357624
322030657625
832080957626
342030257627
320080557628
632030857629
632005957630
322000257631
328005557632
432000857633
302005157634
326000457635
232005757636
382000057637
324005357638
032000657639
032200757640
362700057641
322200357642
832700657643
342200957644
320700257645
632200557646
322700857647
328200157648
432700457649
432090557650
302040857651
326090157652
232040457653
382090757654
324040057655
032090357656
362040657657
322090957658
832040257659
832006357660
342001657661
320006957662
632001257663
322006557664
328001857665
432006157666
302001457667
326006757668
232001057669
232300157670
382800457671
324300757672
032800057673
362300357674
322800657675
832300957676
342800257677
320300557678
632800857679
632000957680
322050257681
328000557682
432050857683
302000157684
326050457685
232000757686
382050057687
324000357688
032050657689
032007757690
362002057691
322007357692
832002657693
342007957694
320002257695
632007557696
322002857697
328007157698
432002457699
232007567700
382002597701
324007527702
032002557703
362007587704
322002517705
832007547706
342002577707
320007507708
632002537709
632400547710
322900577711
328400507712
432900537713
302400567714
326900597715
232400527716
382900557717
324400587718
032900517719
032010527720
362060557721
322010587722
832060517723
342010547724
320060577725
632010507726
322060537727
328010567728
432060597729
432008507730
302003537731
326008567732
232003597733
382008527734
324003557735
032008587736
362003517737
322008547738
832003577739
832500587740
342000517741
320500547742
632000577743
322500507744
328000537745
432500567746
302000597747
326500527748
232000557749
232020567750
382070597751
324020527752
032070557753
362020587754
322070517755
832020547756
342070577757
320020507758
632070537759
632009547760
322004577761
328009507762
432004537763
302009567764
326004597765
232009527766
382004557767
324009587768
032004517769
032600527770
362100557771
322600587772
832100517773
342600547774
320100577775
632600507776
322100537777
328600567778
432100597779
432030507780
302080537781
326030567782
232080597783
382030527784
324080557785
032030587786
362080517787
322030547788
832080577789
832000587790
342005517791
320000547792
632005577793
322000507794
328005537795
432000567796
302005597797
326000527798
232005557799
032000577800
362005570801
322000573802
832005576803
342000579804
320005572805
632000575806
322005578807
328000571808
432005574809
432700575810
302200578811
326700571812
232200574813
382700577814
324200570815
032700573816
362200576817
322700579818
832200572819
832040573820
342090576821
320040579822
632090572823
322040575824
328090578825
432040571826
302090574827
326040577828
232090570829
232001571830
382006574831
324001577832
032006570833
362001573834
322006576835
832001579836
342006572837
320001575838
632006578839
632800579840
322300572841
328800575842
432300578843
302800571844
326300574845
232800577846
382300570847
324800573848
032300576849
032050577850
362000570851
322050573852
832000576853
342050579854
320000572855
632050575856
322000578857
328050571858
432000574859
432002575860
302007578861
326002571862
232007574863
382002577864
324007570865
032002573866
362007576867
322002579868
832007572869
832900573870
342400576871
320900579872
632400572873
322900575874
328400578875
432900571876
302400574877
326900577878
232400570879
232060571880
382010574881
324060577882
032010570883
362060573884
322010576885
832060579886
342010572887
320060575888
632010578889
632003579890
322008572891
328003575892
432008578893
302003571894
326008574895
232003577896
382008570897
324003573898
032008576899
832003857900
342008157901
320003457902
632008757903
322003057904
328008357905
432003657906
302008957907
326003257908
232008557909
232000657910
382500957911
324000257912
032500557913
362000857914
322500157915
832000457916
342500757917
320000057918
632500357919
632070457920
322020757921
328070057922
432020357923
302070657924
326020957925
232070257926
382020557927
324070857928
032020157929
032004257930
362009557931
322004857932
832009157933
342004457934
320009757935
632004057936
322009357937
328004657938
432009957939
432100057940
302600357941
326100657942
232600957943
382100257944
324600557945
032100857946
362600157947
322100457948
832600757949
832080857950
342030157951
320080457952
632030757953
322080057954
328030357955
432080657956
302030957957
326080257958
232030557959
232005657960
382000957961
324005257962
032000557963
362005857964
322000157965
832005457966
342000757967
320005057968
632000357969
632200457970
322700757971
328200057972
432700357973
302200657974
326700957975
232200257976
382700557977
324200857978
032700157979
032090257980
362040557981
322090857982
832040157983
342090457984
320040757985
632090057986
322040357987
328090657988
432040957989
432006057990
302001357991
326006657992
232001957993
382006257994
324001557995
032006857996
362001157997
322006457998
832001757999
832005558000
342000858001
320005158002
632000458003
322005758004
328000058005
432005358006
302000658007
326005958008
232000258009
232200358010
382700658011
324200958012
032700258013
362200558014
322700858015
832200158016
342700458017
320200758018
632700058019
632090158020
322040458021
328090758022
432040058023
302090358024
326040658025
232090958026
382040258027
324090558028
032040858029
032006958030
362001258031
322006558032
832001858033
342006158034
320001458035
632006758036
322001058037
328006358038
432001658039
432300758040
302800058041
326300358042
232800658043
382300958044
324800258045
032300558046
362800858047
322300158048
832800458049
832000558050
342050858051
320000158052
632050458053
322000758054
328050058055
432000358056
302050658057
326000958058
232050258059
232007358060
382002658061
324007958062
032002258063
362007558064
322002858065
832007158066
342002458067
320007758068
632002058069
632400158070
322900458071
328400758072
432900058073
302400358074
326900658075
232400958076
382900258077
324400558078
032900858079
032010958080
362060258081
322010558082
832060858083
342010158084
320060458085
632010758086
322060058087
328010358088
432060658089
432008758090
302003058091
326008358092
232003658093
382008958094
324003258095
032008558096
362003858097
322008158098
832003458099
632008568100
322003598101
328008528102
432003558103
302008588104
326003518105
232008548106
382003578107
324008508108
032003538109
032500548110
362000578111
322500508112
832000538113
342500568114
320000598115
632500528116
322000558117
328500588118
432000518119
432020528120
302070558121
326020588122
232070518123
382020548124
324070578125
032020508126
362070538127
322020568128
832070598129
832009508130
342004538131
320009568132
632004598133
322009528134
328004558135
432009588136
302004518137
326009548138
232004578139
232600588140
382100518141
324600548142
032100578143
362600508144
322100538145
832600568146
342100598147
320600528148
632100558149
632030568150
322080598151
328030528152
432080558153
302030588154
326080518155
232030548156
382080578157
324030508158
032080538159
032000548160
362005578161
322000508162
832005538163
342000568164
320005598165
632000528166
322005558167
328000588168
432005518169
432700528170
302200558171
326700588172
232200518173
382700548174
324200578175
032700508176
362200538177
322700568178
832200598179
832040508180
342090538181
320040568182
632090598183
322040528184
328090558185
432040588186
302090518187
326040548188
232090578189
232001588190
382006518191
324001548192
032006578193
362001508194
322006538195
832001568196
342006598197
320001528198
632006558199
432001587200
302006580201
326001583202
232006586203
382001589204
324006582205
032001585206
362006588207
322001581208
832006584209
832800585210
342300588211
320800581212
632300584213
322800587214
328300580215
432800583216
302300586217
326800589218
232300582219
232050583220
382000586221
324050589222
032000582223
362050585224
322000588225
832050581226
342000584227
320050587228
632000580229
632002581230
322007584231
328002587232
432007580233
302002583234
326007586235
232002589236
382007582237
324002585238
032007588239
032900589240
362400582241
322900585242
832400588243
342900581244
320400584245
632900587246
322400580247
328900583248
432400586249
432060587250
302010580251
326060583252
232010586253
382060589254
324010582255
032060585256
362010588257
322060581258
832010584259
832003585260
342008588261
320003581262
632008584263
322003587264
328008580265
432003583266
302008586267
326003589268
232008582269
232000583270
382500586271
324000589272
032500582273
362000585274
322500588275
832000581276
342500584277
320000587278
632500580279
632070581280
322020584281
328070587282
432020580283
302070583284
326020586285
232070589286
382020582287
324070585288
032020588289
032004589290
362009582291
322004585292
832009588293
342004581294
320009584295
632004587296
322009580297
328004583298
432009586299
232004858300
382009158301
324004458302
032009758303
362004058304
322009358305
832004658306
342009958307
320004258308
632009558309
632100658310
322600958311
328100258312
432600558313
302100858314
326600158315
232100458316
382600758317
324100058318
032600358319
032080458320
362030758321
322080058322
832030358323
342080658324
320030958325
632080258326
322030558327
328080858328
432030158329
432005258330
302000558331
326005858332
232000158333
382005458334
324000758335
032005058336
362000358337
322005658338
832000958339
832200058340
342700358341
320200658342
632700958343
322200258344
328700558345
432200858346
302700158347
326200458348
232700758349
232090858350
382040158351
324090458352
032040758353
362090058354
322040358355
832090658356
342040958357
320090258358
632040558359
632006658360
322001958361
328006258362
432001558363
302006858364
326001158365
232006458366
382001758367
324006058368
032001358369
032300458370
362800758371
322300058372
832800358373
342300658374
320800958375
632300258376
322800558377
328300858378
432800158379
432000258380
302050558381
326000858382
232050158383
382000458384
324050758385
032000058386
362050358387
322000658388
832050958389
832007058390
342002358391
320007658392
632002958393
322007258394
328002558395
432007858396
302002158397
326007458398
232002758399
032007598400
362002528401
322007558402
832002588403
342007518404
320002548405
632007578406
322002508407
328007538408
432002568409
432400578410
302900508411
326400538412
232900568413
382400598414
324900528415
032400558416
362900588417
322400518418
832900548419
832010558420
342060588421
320010518422
632060548423
322010578424
328060508425
432010538426
302060568427
326010598428
232060528429
232008538430
382003568431
324008598432
032003528433
362008558434
322003588435
832008518436
342003548437
320008578438
632003508439
632500518440
322000548441
328500578442
432000508443
302500538444
326000568445
232500598446
382000528447
324500558448
032000588449
032020598450
362070528451
322020558452
832070588453
342020518454
320070548455
632020578456
322070508457
328020538458
432070568459
432009578460
302004508461
326009538462
232004568463
382009598464
324004528465
032009558466
362004588467
322009518468
832004548469
832600558470
342100588471
320600518472
632100548473
322600578474
328100508475
432600538476
302100568477
326600598478
232100528479
232030538480
382080568481
324030598482
032080528483
362030558484
322080588485
832030518486
342080548487
320030578488
632080508489
632000518490
322005548491
328000578492
432005508493
302000538494
326005568495
232000598496
382005528497
324000558498
032005588499
832000580500
342005583501
320000586502
632005589503
322000582504
328005585505
432000588506
302005581507
326000584508
232005587509
232700588510
382200581511
324700584512
032200587513
362700580514
322200583515
832700586516
342200589517
320700582518
632200585519
632040586520
322090589521
328040582522
432090585523
302040588524
326090581525
232040584526
382090587527
324040580528
032090583529
032001584530
362006587531
322001580532
832006583533
342001586534
320006589535
632001582536
322006585537
328001588538
432006581539
432800582540
302300585541
326800588542
232300581543
382800584544
324300587545
032800580546
362300583547
322800586548
832300589549
832050580550
342000583551
320050586552
632000589553
322050582554
328000585555
432050588556
302000581557
326050584558
232000587559
232002588560
382007581561
324002584562
032007587563
362002580564
322007583565
832002586566
342007589567
320002582568
632007585569
632900586570
322400589571
328900582572
432400585573
302900588574
326400581575
232900584576
382400587577
324900580578
032400583579
032060584580
362010587581
322060580582
832010583583
342060586584
320010589585
632060582586
322010585587
328060588588
432010581589
432003582590
302008585591
326003588592
232008581593
382003584594
324008587595
032003580596
362008583597
322003586598
832008589599
632003158600
322008458601
328003758602
432008058603
302003358604
326008658605
232003958606
382008258607
324003558608
032008858609
032000958610
362500258611
322000558612
832500858613
342000158614
320500458615
632000758616
322500058617
328000358618
432500658619
432070758620
302020058621
326070358622
232020658623
382070958624
324020258625
032070558626
362020858627
322070158628
832020458629
832004558630
342009858631
320004158632
632009458633
322004758634
328009058635
432004358636
302009658637
326004958638
232009258639
232100358640
382600658641
324100958642
032600258643
362100558644
322600858645
832100158646
342600458647
320100758648
632600058649
632080158650
322030458651
328080758652
432030058653
302080358654
326030658655
232080958656
382030258657
324080558658
032030858659
032005958660
362000258661
322005558662
832000858663
342005158664
320000458665
632005758666
322000058667
328005358668
432000658669
432200758670
302700058671
326200358672
232700658673
382200958674
324700258675
032200558676
362700858677
322200158678
832700458679
832090558680
342040858681
320090158682
632040458683
322090758684
328040058685
432090358686
302040658687
326090958688
232040258689
232006358690
382001658691
324006958692
032001258693
362006558694
322001858695
832006158696
342001458697
320006758698
632001058699
432006528700
302001558701
326006588702
232001518703
382006548704
324001578705
032006508706
362001538707
322006568708
832001598709
832300508710
342800538711
320300568712
632800598713
322300528714
328800558715
432300588716
302800518717
326300548718
232800578719
232000588720
382050518721
324000548722
032050578723
362000508724
322050538725
832000568726
342050598727
320000528728
632050558729
632007568730
322002598731
328007528732
432002558733
302007588734
326002518735
232007548736
382002578737
324007508738
032002538739
032400548740
362900578741
322400508742
832900538743
342400568744
320900598745
632400528746
322900558747
328400588748
432900518749
432010528750
302060558751
326010588752
232060518753
382010548754
324060578755
032010508756
362060538757
322010568758
832060598759
832008508760
342003538761
320008568762
632003598763
322008528764
328003558765
432008588766
302003518767
326008548768
232003578769
232500588770
382000518771
324500548772
032000578773
362500508774
322000538775
832500568776
342000598777
320500528778
632000558779
632020568780
322070598781
328020528782
432070558783
302020588784
326070518785
232020548786
382070578787
324020508788
032070538789
032009548790
362004578791
322009508792
832004538793
342009568794
320004598795
632009528796
322004558797
328009588798
432004518799
232009583800
382004586801
324009589802
032004582803
362009585804
322004588805
832009581806
342004584807
320009587808
632004580809
632600581810
322100584811
328600587812
432100580813
302600583814
326100586815
232600589816
382100582817
324600585818
032100588819
032030589820
362080582821
322030585822
832080588823
342030581824
320080584825
632030587826
322080580827
328030583828
432080586829
432000587830
302005580831
326000583832
232005586833
382000589834
324005582835
032000585836
362005588837
322000581838
832005584839
832700585840
342200588841
320700581842
632200584843
322700587844
328200580845
432700583846
302200586847
326700589848
232200582849
232040583850
382090586851
324040589852
032090582853
362040585854
322090588855
832040581856
342090584857
320040587858
632090580859
632001581860
322006584861
328001587862
432006580863
302001583864
326006586865
232001589866
382006582867
324001585868
032006588869
032800589870
362300582871
322800585872
832300588873
342800581874
320300584875
632800587876
322300580877
328800583878
432300586879
432050587880
302000580881
326050583882
232000586883
382050589884
324000582885
032050585886
362000588887
322050581888
832000584889
832002585890
342007588891
320002581892
632007584893
322002587894
328007580895
432002583896
302007586897
326002589898
232007582899
032002458900
362007758901
322002058902
832007358903
342002658904
320007958905
632002258906
322007558907
328002858908
432007158909
432900258910
302400558911
326900858912
232400158913
382900458914
324400758915
032900058916
362400358917
322900658918
832400958919
832060058920
342010358921
320060658922
632010958923
322060258924
328010558925
432060858926
302010158927
326060458928
232010758929
232003858930
382008158931
324003458932
032008758933
362003058934
322008358935
832003658936
342008958937
320003258938
632008558939
632000658940
322500958941
328000258942
432500558943
302000858944
326500158945
232000458946
382500758947
324000058948
032500358949
032070458950
362020758951
322070058952
832020358953
342070658954
320020958955
632070258956
322020558957
328070858958
432020158959
432004258960
302009558961
326004858962
232009158963
382004458964
324009758965
032004058966
362009358967
322004658968
832009958969
832100058970
342600358971
320100658972
632600958973
322100258974
328600558975
432100858976
302600158977
326100458978
232600758979
232080858980
382030158981
324080458982
032030758983
362080058984
322030358985
832080658986
342030958987
320080258988
632030558989
632005658990
322000958991
328005258992
432000558993
302005858994
326000158995
232005458996
382000758997
324005058998
032000358999
032004159000
362009459001
322004759002
832009059003
342004359004
320009659005
632004959006
322009259007
328004559008
432009859009
432100959010
302600259011
326100559012
232600859013
382100159014
324600459015
032100759016
362600059017
322100359018
832600659019
832080759020
342030059021
320080359022
632030659023
322080959024
328030259025
432080559026
302030859027
326080159028
232030459029
232005559030
382000859031
324005159032
032000459033
362005759034
322000059035
832005359036
342000659037
320005959038
632000259039
632200359040
322700659041
328200959042
432700259043
302200559044
326700859045
232200159046
382700459047
324200759048
032700059049
032090159050
362040459051
322090759052
832040059053
342090359054
320040659055
632090959056
322040259057
328090559058
432040859059
432006959060
302001259061
326006559062
232001859063
382006159064
324001459065
032006759066
362001059067
322006359068
832001659069
832300759070
342800059071
320300359072
632800659073
322300959074
328800259075
432300559076
302800859077
326300159078
232800459079
232000559080
382050859081
324000159082
032050459083
362000759084
322050059085
832000359086
342050659087
320000959088
632050259089
632007359090
322002659091
328007959092
432002259093
302007559094
326002859095
232007159096
382002459097
324007759098
032002059099
832007529100
342002559101
320007589102
632002519103
322007549104
328002579105
432007509106
302002539107
326007569108
232002599109
232400509110
382900539111
324400569112
032900599113
362400529114
322900559115
832400589116
342900519117
320400549118
632900579119
632010589120
322060519121
328010549122
432060579123
302010509124
326060539125
232010569126
382060599127
324010529128
032060559129
032008569130
362003599131
322008529132
832003559133
342008589134
320003519135
632008549136
322003579137
328008509138
432003539139
432500549140
302000579141
326500509142
232000539143
382500569144
324000599145
032500529146
362000559147
322500589148
832000519149
832020529150
342070559151
320020589152
632070519153
322020549154
328070579155
432020509156
302070539157
326020569158
232070599159
232009509160
382004539161
324009569162
032004599163
362009529164
322004559165
832009589166
342004519167
320009549168
632004579169
632600589170
322100519171
328600549172
432100579173
302600509174
326100539175
232600569176
382100599177
324600529178
032100559179
032030569180
362080599181
322030529182
832080559183
342030589184
320080519185
632030549186
322080579187
328030509188
432080539189
432000549190
302005579191
326000509192
232005539193
382000569194
324005599195
032000529196
362005559197
322000589198
832005519199
632000593200
322005596201
328000599202
432005592203
302000595204
326005598205
232000591206
382005594207
324000597208
032005590209
032700591210
362200594211
322700597212
832200590213
342700593214
320200596215
632700599216
322200592217
328700595218
432200598219
432040599220
302090592221
326040595222
232090598223
382040591224
324090594225
032040597226
362090590227
322040593228
832090596229
832001597230
342006590231
320001593232
632006596233
322001599234
328006592235
432001595236
302006598237
326001591238
232006594239
232800595240
382300598241
324800591242
032300594243
362800597244
322300590245
832800593246
342300596247
320800599248
632300592249
632050593250
322000596251
328050599252
432000592253
302050595254
326000598255
232050591256
382000594257
324050597258
032000590259
032002591260
362007594261
322002597262
832007590263
342002593264
320007596265
632002599266
322007592267
328002595268
432007598269
432900599270
302400592271
326900595272
232400598273
382900591274
324400594275
032900597276
362400590277
322900593278
832400596279
832060597280
342010590281
320060593282
632010596283
322060599284
328010592285
432060595286
302010598287
326060591288
232010594289
232003595290
382008598291
324003591292
032008594293
362003597294
322008590295
832003593296
342008596297
320003599298
632008592299
432003459300
302008759301
326003059302
232008359303
382003659304
324008959305
032003259306
362008559307
322003859308
832008159309
832000259310
342500559311
320000859312
632500159313
322000459314
328500759315
432000059316
302500359317
326000659318
232500959319
232070059320
382020359321
324070659322
032020959323
362070259324
322020559325
832070859326
342020159327
320070459328
632020759329
632004859330
322009159331
328004459332
432009759333
302004059334
326009359335
232004659336
382009959337
324004259338
032009559339
032100659340
362600959341
322100259342
832600559343
342100859344
320600159345
632100459346
322600759347
328100059348
432600359349
432080459350
302030759351
326080059352
232030359353
382080659354
324030959355
032080259356
362030559357
322080859358
832030159359
832005259360
342000559361
320005859362
632000159363
322005459364
328000759365
432005059366
302000359367
326005659368
232000959369
232200059370
382700359371
324200659372
032700959373
362200259374
322700559375
832200859376
342700159377
320200459378
632700759379
632090859380
322040159381
328090459382
432040759383
302090059384
326040359385
232090659386
382040959387
324090259388
032040559389
032006659390
362001959391
322006259392
832001559393
342006859394
320001159395
632006459396
322001759397
328006059398
432001359399
232006559400
382001589401
324006519402
032001549403
362006579404
322001509405
832006539406
342001569407
320006599408
632001529409
632300539410
322800569411
328300599412
432800529413
302300559414
326800589415
232300519416
382800549417
324300579418
032800509419
032000519420
362050549421
322000579422
832050509423
342000539424
320050569425
632000599426
322050529427
328000559428
432050589429
432007599430
302002529431
326007559432
232002589433
382007519434
324002549435
032007579436
362002509437
322007539438
832002569439
832400579440
342900509441
320400539442
632900569443
322400599444
328900529445
432400559446
302900589447
326400519448
232900549449
232010559450
382060589451
324010519452
032060549453
362010579454
322060509455
832010539456
342060569457
320010599458
632060529459
632008539460
322003569461
328008599462
432003529463
302008559464
326003589465
232008519466
382003549467
324008579468
032003509469
032500519470
362000549471
322500579472
832000509473
342500539474
320000569475
632500599476
322000529477
328500559478
432000589479
432020599480
302070529481
326020559482
232070589483
382020519484
324070549485
032020579486
362070509487
322020539488
832070569489
832009579490
342004509491
320009539492
632004569493
322009599494
328004529495
432009559496
302004589497
326009519498
232004549499
032009596500
362004599501
322009592502
832004595503
342009598504
320004591505
632009594506
322004597507
328009590508
432004593509
432600594510
302100597511
326600590512
232100593513
382600596514
324100599515
032600592516
362100595517
322600598518
832100591519
832030592520
342080595521
320030598522
632080591523
322030594524
328080597525
432030590526
302080593527
326030596528
232080599529
232000590530
382005593531
324000596532
032005599533
362000592534
322005595535
832000598536
342005591537
320000594538
632005597539
632700598540
322200591541
328700594542
432200597543
302700590544
326200593545
232700596546
382200599547
324700592548
032200595549
032040596550
362090599551
322040592552
832090595553
342040598554
320090591555
632040594556
322090597557
328040590558
432090593559
432001594560
302006597561
326001590562
232006593563
382001596564
324006599565
032001592566
362006595567
322001598568
832006591569
832800592570
342300595571
320800598572
632300591573
322800594574
328300597575
432800590576
302300593577
326800596578
232300599579
232050590580
382000593581
324050596582
032000599583
362050592584
322000595585
832050598586
342000591587
320050594588
632000597589
632002598590
322007591591
328002594592
432007597593
302002590594
326007593595
232002596596
382007599597
324002592598
032007595599
832002759600
342007059601
320002359602
632007659603
322002959604
328007259605
432002559606
302007859607
326002159608
232007459609
232900559610
382400859611
324900159612
032400459613
362900759614
322400059615
832900359616
342400659617
320900959618
632400259619
632060359620
322010659621
328060959622
432010259623
302060559624
326010859625
232060159626
382010459627
324060759628
032010059629
032003159630
362008459631
322003759632
832008059633
342003359634
320008659635
632003959636
322008259637
328003559638
432008859639
432000959640
302500259641
326000559642
232500859643
382000159644
324500459645
032000759646
362500059647
322000359648
832500659649
832070759650
342020059651
320070359652
632020659653
322070959654
328020259655
432070559656
302020859657
326070159658
232020459659
232004559660
382009859661
324004159662
032009459663
362004759664
322009059665
832004359666
342009659667
320004959668
632009259669
632100359670
322600659671
328100959672
432600259673
302100559674
326600859675
232100159676
382600459677
324100759678
032600059679
032080159680
362030459681
322080759682
832030059683
342080359684
320030659685
632080959686
322030259687
328080559688
432030859689
432005959690
302000259691
326005559692
232000859693
382005159694
324000459695
032005759696
362000059697
322005359698
832000659699
632005589700
322000519701
328005549702
432000579703
302005509704
326000539705
232005569706
382000599707
324005529708
032000559709
032200569710
362700599711
322200529712
832700559713
342200589714
320700519715
632200549716
322700579717
328200509718
432700539719
432090549720
302040579721
326090509722
232040539723
382090569724
324040599725
032090529726
362040559727
322090589728
832040519729
832006529730
342001559731
320006589732
632001519733
322006549734
328001579735
432006509736
302001539737
326006569738
232001599739
232300509740
382800539741
324300569742
032800599743
362300529744
322800559745
832300589746
342800519747
320300549748
632800579749
632000589750
322050519751
328000549752
432050579753
302000509754
326050539755
232000569756
382050599757
324000529758
032050559759
032007569760
362002599761
322007529762
832002559763
342007589764
320002519765
632007549766
322002579767
328007509768
432002539769
432400549770
302900579771
326400509772
232900539773
382400569774
324900599775
032400529776
362900559777
322400589778
832900519779
832010529780
342060559781
320010589782
632060519783
322010549784
328060579785
432010509786
302060539787
326010569788
232060599789
232008509790
382003539791
324008569792
032003599793
362008529794
322003559795
832008589796
342003519797
320008549798
632003579799
432008599800
302003592801
326008595802
232003598803
382008591804
324003594805
032008597806
362003590807
322008593808
832003596809
832500597810
342000590811
320500593812
632000596813
322500599814
328000592815
432500595816
302000598817
326500591818
232000594819
232020595820
382070598821
324020591822
032070594823
362020597824
322070590825
832020593826
342070596827
320020599828
632070592829
632009593830
322004596831
328009599832
432004592833
302009595834
326004598835
232009591836
382004594837
324009597838
032004590839
032600591840
362100594841
322600597842
832100590843
342600593844
320100596845
632600599846
322100592847
328600595848
432100598849
432030599850
302080592851
326030595852
232080598853
382030591854
324080594855
032030597856
362080590857
322030593858
832080596859
832000597860
342005590861
320000593862
632005596863
322000599864
328005592865
432000595866
302005598867
326000591868
232005594869
232700595870
382200598871
324700591872
032200594873
362700597874
322200590875
832700593876
342200596877
320700599878
632200592879
632040593880
322090596881
328040599882
432090592883
302040595884
326090598885
232040591886
382090594887
324040597888
032090590889
032001591890
362006594891
322001597892
832006590893
342001593894
320006596895
632001599896
322006592897
328001595898
432006598899
232001059900
382006359901
324001659902
032006959903
362001259904
322006559905
832001859906
342006159907
320001459908
632006759909
632800859910
322300159911
328800459912
432300759913
302800059914
326300359915
232800659916
382300959917
324800259918
032300559919
032050659920
362000959921
322050259922
832000559923
342050859924
320000159925
632050459926
322000759927
328050059928
432000359929
432002459930
302007759931
326002059932
232007359933
382002659934
324007959935
032002259936
362007559937
322002859938
832007159939
832900259940
342400559941
320900859942
632400159943
322900459944
328400759945
432900059946
302400359947
326900659948
232400959949
232060059950
382010359951
324060659952
032010959953
362060259954
322010559955
832060859956
342010159957
320060459958
632010759959
632003859960
322008159961
328003459962
432008759963
302003059964
326008359965
232003659966
382008959967
324003259968
032008559969
032000659970
362500959971
322000259972
832500559973
342000859974
320500159975
632000459976
322500759977
328000059978
432500359979
432070459980
302020759981
326070059982
232020359983
382070659984
324020959985
032070259986
362020559987
322070859988
832020159989
832004259990
342009559991
320004859992
632009159993
322004459994
328009759995
432004059996
302009359997
326004659998
232009959999