382006230001
324001530002
032006830003
362001130004
322006430005
832001730006
342006030007
320001330008
632006630009
632800730010
322300030011
328800330012
432300630013
302800930014
326300230015
232800530016
382300830017
324800130018
032300430019
032050530020
362000830021
322050130022
832000430023
342050730024
320000030025
632050330026
322000630027
328050930028
432000230029
432002330030
302007630031
326002930032
232007230033
382002530034
324007830035
032002130036
362007430037
322002730038
832007030039
832900130040
342400430041
320900730042
632400030043
322900330044
328400630045
432900930046
302400230047
326900530048
232400830049
232060930050
382010230051
324060530052
032010830053
362060130054
322010430055
832060730056
342010030057
320060330058
632010630059
632003730060
322008030061
328003330062
432008630063
302003930064
326008230065
232003530066
382008830067
324003130068
032008430069
032000530070
362500830071
322000130072
832500430073
342000730074
320500030075
632000330076
322500630077
328000930078
432500230079
432070330080
302020630081
326070930082
232020230083
382070530084
324020830085
032070130086
362020430087
322070730088
832020030089
832004130090
342009430091
320004730092
632009030093
322004330094
328009630095
432004930096
302009230097
326004530098
232009830099
032004300100
362009330101
322004360102
832009390103
342004320104
320009350105
632004380106
322009310107
328004340108
432009370109
432100380110
302600310111
326100340112
232600370113
382100300114
324600330115
032100360116
362600390117
322100320118
832600350119
832080360120
342030390121
320080320122
632030350123
322080380124
328030310125
432080340126
302030370127
326080300128
232030330129
232005340130
382000370131
324005300132
032000330133
362005360134
322000390135
832005320136
342000350137
320005380138
632000310139
632200320140
322700350141
328200380142
432700310143
302200340144
326700370145
232200300146
382700330147
324200360148
032700390149
032090300150
362040330151
322090360152
832040390153
342090320154
320040350155
632090380156
322040310157
328090340158
432040370159
432006380160
302001310161
326006340162
232001370163
382006300164
324001330165
032006360166
362001390167
322006320168
832001350169
832300360170
342800390171
320300320172
632800350173
322300380174
328800310175
432300340176
302800370177
326300300178
232800330179
232000340180
382050370181
324000300182
032050330183
362000360184
322050390185
832000320186
342050350187
320000380188
632050310189
632007320190
322002350191
328007380192
432002310193
302007340194
326002370195
232007300196
382002330197
324007360198
032002390199
832007301200
342002304201
320007307202
632002300203
322007303204
328002306205
432007309206
302002302207
326007305208
232002308209
232400309210
382900302211
324400305212
032900308213
362400301214
322900304215
832400307216
342900300217
320400303218
632900306219
632010307220
322060300221
328010303222
432060306223
302010309224
326060302225
232010305226
382060308227
324010301228
032060304229
032008305230
362003308231
322008301232
832003304233
342008307234
320003300235
632008303236
322003306237
328008309238
432003302239
432500303240
302000306241
326500309242
232000302243
382500305244
324000308245
032500301246
362000304247
322500307248
832000300249
832020301250
342070304251
320020307252
632070300253
322020303254
328070306255
432020309256
302070302257
326020305258
232070308259
232009309260
382004302261
324009305262
032004308263
362009301264
322004304265
832009307266
342004300267
320009303268
632004306269
632600307270
322100300271
328600303272
432100306273
302600309274
326100302275
232600305276
382100308277
324600301278
032100304279
032030305280
362080308281
322030301282
832080304283
342030307284
320080300285
632030303286
322080306287
328030309288
432080302289
432000303290
302005306291
326000309292
232005302293
382000305294
324005308295
032000301296
362005304297
322000307298
832005300299
632000230300
322005530301
328000830302
432005130303
302000430304
326005730305
232000030306
382005330307
324000630308
032005930309
032700030310
362200330311
322700630312
832200930313
342700230314
320200530315
632700830316
322200130317
328700430318
432200730319
432040830320
302090130321
326040430322
232090730323
382040030324
324090330325
032040630326
362090930327
322040230328
832090530329
832001630330
342006930331
320001230332
632006530333
322001830334
328006130335
432001430336
302006730337
326001030338
232006330339
232800430340
382300730341
324800030342
032300330343
362800630344
322300930345
832800230346
342300530347
320800830348
632300130349
632050230350
322000530351
328050830352
432000130353
302050430354
326000730355
232050030356
382000330357
324050630358
032000930359
032002030360
362007330361
322002630362
832007930363
342002230364
320007530365
632002830366
322007130367
328002430368
432007730369
432900830370
302400130371
326900430372
232400730373
382900030374
324400330375
032900630376
362400930377
322900230378
832400530379
832060630380
342010930381
320060230382
632010530383
322060830384
328010130385
432060430386
302010730387
326060030388
232010330389
232003430390
382008730391
324003030392
032008330393
362003630394
322008930395
832003230396
342008530397
320003830398
632008130399
432003330400
302008360401
326003390402
232008320403
382003350404
324008380405
032003310406
362008340407
322003370408
832008300409
832000310410
342500340411
320000370412
632500300413
322000330414
328500360415
432000390416
302500320417
326000350418
232500380419
232070390420
382020320421
324070350422
032020380423
362070310424
322020340425
832070370426
342020300427
320070330428
632020360429
632004370430
322009300431
328004330432
432009360433
302004390434
326009320435
232004350436
382009380437
324004310438
032009340439
032100350440
362600380441
322100310442
832600340443
342100370444
320600300445
632100330446
322600360447
328100390448
432600320449
432080330450
302030360451
326080390452
232030320453
382080350454
324030380455
032080310456
362030340457
322080370458
832030300459
832005310460
342000340461
320005370462
632000300463
322005330464
328000360465
432005390466
302000320467
326005350468
232000380469
232200390470
382700320471
324200350472
032700380473
362200310474
322700340475
832200370476
342700300477
320200330478
632700360479
632090370480
322040300481
328090330482
432040360483
302090390484
326040320485
232090350486
382040380487
324090310488
032040340489
032006350490
362001380491
322006310492
832001340493
342006370494
320001300495
632006330496
322001360497
328006390498
432001320499
232006304500
382001307501
324006300502
032001303503
362006306504
322001309505
832006302506
342001305507
320006308508
632001301509
632300302510
322800305511
328300308512
432800301513
302300304514
326800307515
232300300516
382800303517
324300306518
032800309519
032000300520
362050303521
322000306522
832050309523
342000302524
320050305525
632000308526
322050301527
328000304528
432050307529
432007308530
302002301531
326007304532
232002307533
382007300534
324002303535
032007306536
362002309537
322007302538
832002305539
832400306540
342900309541
320400302542
632900305543
322400308544
328900301545
432400304546
302900307547
326400300548
232900303549
232010304550
382060307551
324010300552
032060303553
362010306554
322060309555
832010302556
342060305557
320010308558
632060301559
632008302560
322003305561
328008308562
432003301563
302008304564
326003307565
232008300566
382003303567
324008306568
032003309569
032500300570
362000303571
322500306572
832000309573
342500302574
320000305575
632500308576
322000301577
328500304578
432000307579
432020308580
302070301581
326020304582
232070307583
382020300584
324070303585
032020306586
362070309587
322020302588
832070305589
832009306590
342004309591
320009302592
632004305593
322009308594
328004301595
432009304596
302004307597
326009300598
232004303599
032009530600
362004830601
322009130602
832004430603
342009730604
320004030605
632009330606
322004630607
328009930608
432004230609
432600330610
302100630611
326600930612
232100230613
382600530614
324100830615
032600130616
362100430617
322600730618
832100030619
832030130620
342080430621
320030730622
632080030623
322030330624
328080630625
432030930626
302080230627
326030530628
232080830629
232000930630
382005230631
324000530632
032005830633
362000130634
322005430635
832000730636
342005030637
320000330638
632005630639
632700730640
322200030641
328700330642
432200630643
302700930644
326200230645
232700530646
382200830647
324700130648
032200430649
032040530650
362090830651
322040130652
832090430653
342040730654
320090030655
632040330656
322090630657
328040930658
432090230659
432001330660
302006630661
326001930662
232006230663
382001530664
324006830665
032001130666
362006430667
322001730668
832006030669
832800130670
342300430671
320800730672
632300030673
322800330674
328300630675
432800930676
302300230677
326800530678
232300830679
232050930680
382000230681
324050530682
032000830683
362050130684
322000430685
832050730686
342000030687
320050330688
632000630689
632002730690
322007030691
328002330692
432007630693
302002930694
326007230695
232002530696
382007830697
324002130698
032007430699
832002360700
342007390701
320002320702
632007350703
322002380704
328007310705
432002340706
302007370707
326002300708
232007330709
232900340710
382400370711
324900300712
032400330713
362900360714
322400390715
832900320716
342400350717
320900380718
632400310719
632060320720
322010350721
328060380722
432010310723
302060340724
326010370725
232060300726
382010330727
324060360728
032010390729
032003300730
362008330731
322003360732
832008390733
342003320734
320008350735
632003380736
322008310737
328003340738
432008370739
432000380740
302500310741
326000340742
232500370743
382000300744
324500330745
032000360746
362500390747
322000320748
832500350749
832070360750
342020390751
320070320752
632020350753
322070380754
328020310755
432070340756
302020370757
326070300758
232020330759
232004340760
382009370761
324004300762
032009330763
362004360764
322009390765
832004320766
342009350767
320004380768
632009310769
632100320770
322600350771
328100380772
432600310773
302100340774
326600370775
232100300776
382600330777
324100360778
032600390779
032080300780
362030330781
322080360782
832030390783
342080320784
320030350785
632080380786
322030310787
328080340788
432030370789
432005380790
302000310791
326005340792
232000370793
382005300794
324000330795
032005360796
362000390797
322005320798
832000350799
632005307800
322000300801
328005303802
432000306803
302005309804
326000302805
232005305806
382000308807
324005301808
032000304809
032200305810
362700308811
322200301812
832700304813
342200307814
320700300815
632200303816
322700306817
328200309818
432700302819
432090303820
302040306821
326090309822
232040302823
382090305824
324040308825
032090301826
362040304827
322090307828
832040300829
832006301830
342001304831
320006307832
632001300833
322006303834
328001306835
432006309836
302001302837
326006305838
232001308839
232300309840
382800302841
324300305842
032800308843
362300301844
322800304845
832300307846
342800300847
320300303848
632800306849
632000307850
322050300851
328000303852
432050306853
302000309854
326050302855
232000305856
382050308857
324000301858
032050304859
032007305860
362002308861
322007301862
832002304863
342007307864
320002300865
632007303866
322002306867
328007309868
432002302869
432400303870
302900306871
326400309872
232900302873
382400305874
324900308875
032400301876
362900304877
322400307878
832900300879
832010301880
342060304881
320010307882
632060300883
322010303884
328060306885
432010309886
302060302887
326010305888
232060308889
232008309890
382003302891
324008305892
032003308893
362008301894
322003304895
832008307896
342003300897
320008303898
632003306899
432008830900
302003130901
326008430902
232003730903
382008030904
324003330905
032008630906
362003930907
322008230908
832003530909
832500630910
342000930911
320500230912
632000530913
322500830914
328000130915
432500430916
302000730917
326500030918
232000330919
232020430920
382070730921
324020030922
032070330923
362020630924
322070930925
832020230926
342070530927
320020830928
632070130929
632009230930
322004530931
328009830932
432004130933
302009430934
326004730935
232009030936
382004330937
324009630938
032004930939
032600030940
362100330941
322600630942
832100930943
342600230944
320100530945
632600830946
322100130947
328600430948
432100730949
432030830950
302080130951
326030430952
232080730953
382030030954
324080330955
032030630956
362080930957
322030230958
832080530959
832000630960
342005930961
320000230962
632005530963
322000830964
328005130965
432000430966
302005730967
326000030968
232005330969
232700430970
382200730971
324700030972
032200330973
362700630974
322200930975
832700230976
342200530977
320700830978
632200130979
632040230980
322090530981
328040830982
432090130983
302040430984
326090730985
232040030986
382090330987
324040630988
032090930989
032001030990
362006330991
322001630992
832006930993
342001230994
320006530995
632001830996
322006130997
328001430998
432006730999
432000531000
302005831001
326000131002
232005431003
382000731004
324005031005
032000331006
362005631007
322000931008
832005231009
832700331010
342200631011
320700931012
632200231013
322700531014
328200831015
432700131016
302200431017
326700731018
232200031019
232040131020
382090431021
324040731022
032090031023
362040331024
322090631025
832040931026
342090231027
320040531028
632090831029
632001931030
322006231031
328001531032
432006831033
302001131034
326006431035
232001731036
382006031037
324001331038
032006631039
032800731040
362300031041
322800331042
832300631043
342800931044
320300231045
632800531046
322300831047
328800131048
432300431049
432050531050
302000831051
326050131052
232000431053
382050731054
324000031055
032050331056
362000631057
322050931058
832000231059
832002331060
342007631061
320002931062
632007231063
322002531064
328007831065
432002131066
302007431067
326002731068
232007031069
232900131070
382400431071
324900731072
032400031073
362900331074
322400631075
832900931076
342400231077
320900531078
632400831079
632060931080
322010231081
328060531082
432010831083
302060131084
326010431085
232060731086
382010031087
324060331088
032010631089
032003731090
362008031091
322003331092
832008631093
342003931094
320008231095
632003531096
322008831097
328003131098
432008431099
232003361100
382008391101
324003321102
032008351103
362003381104
322008311105
832003341106
342008371107
320003301108
632008331109
632000341110
322500371111
328000301112
432500331113
302000361114
326500391115
232000321116
382500351117
324000381118
032500311119
032070321120
362020351121
322070381122
832020311123
342070341124
320020371125
632070301126
322020331127
328070361128
432020391129
432004301130
302009331131
326004361132
232009391133
382004321134
324009351135
032004381136
362009311137
322004341138
832009371139
832100381140
342600311141
320100341142
632600371143
322100301144
328600331145
432100361146
302600391147
326100321148
232600351149
232080361150
382030391151
324080321152
032030351153
362080381154
322030311155
832080341156
342030371157
320080301158
632030331159
632005341160
322000371161
328005301162
432000331163
302005361164
326000391165
232005321166
382000351167
324005381168
032000311169
032200321170
362700351171
322200381172
832700311173
342200341174
320700371175
632200301176
322700331177
328200361178
432700391179
432090301180
302040331181
326090361182
232040391183
382090321184
324040351185
032090381186
362040311187
322090341188
832040371189
832006381190
342001311191
320006341192
632001371193
322006301194
328001331195
432006361196
302001391197
326006321198
232001351199
032006317200
362001310201
322006313202
832001316203
342006319204
320001312205
632006315206
322001318207
328006311208
432001314209
432300315210
302800318211
326300311212
232800314213
382300317214
324800310215
032300313216
362800316217
322300319218
832800312219
832000313220
342050316221
320000319222
632050312223
322000315224
328050318225
432000311226
302050314227
326000317228
232050310229
232007311230
382002314231
324007317232
032002310233
362007313234
322002316235
832007319236
342002312237
320007315238
632002318239
632400319240
322900312241
328400315242
432900318243
302400311244
326900314245
232400317246
382900310247
324400313248
032900316249
032010317250
362060310251
322010313252
832060316253
342010319254
320060312255
632010315256
322060318257
328010311258
432060314259
432008315260
302003318261
326008311262
232003314263
382008317264
324003310265
032008313266
362003316267
322008319268
832003312269
832500313270
342000316271
320500319272
632000312273
322500315274
328000318275
432500311276
302000314277
326500317278
232000310279
232020311280
382070314281
324020317282
032070310283
362020313284
322070316285
832020319286
342070312287
320020315288
632070318289
632009319290
322004312291
328009315292
432004318293
302009311294
326004314295
232009317296
382004310297
324009313298
032004316299
832009831300
342004131301
320009431302
632004731303
322009031304
328004331305
432009631306
302004931307
326009231308
232004531309
232600631310
382100931311
324600231312
032100531313
362600831314
322100131315
832600431316
342100731317
320600031318
632100331319
632030431320
322080731321
328030031322
432080331323
302030631324
326080931325
232030231326
382080531327
324030831328
032080131329
032000231330
362005531331
322000831332
832005131333
342000431334
320005731335
632000031336
322005331337
328000631338
432005931339
432700031340
302200331341
326700631342
232200931343
382700231344
324200531345
032700831346
362200131347
322700431348
832200731349
832040831350
342090131351
320040431352
632090731353
322040031354
328090331355
432040631356
302090931357
326040231358
232090531359
232001631360
382006931361
324001231362
032006531363
362001831364
322006131365
832001431366
342006731367
320001031368
632006331369
632800431370
322300731371
328800031372
432300331373
302800631374
326300931375
232800231376
382300531377
324800831378
032300131379
032050231380
362000531381
322050831382
832000131383
342050431384
320000731385
632050031386
322000331387
328050631388
432000931389
432002031390
302007331391
326002631392
232007931393
382002231394
324007531395
032002831396
362007131397
322002431398
832007731399
632002391400
322007321401
328002351402
432007381403
302002311404
326007341405
232002371406
382007301407
324002331408
032007361409
032900371410
362400301411
322900331412
832400361413
342900391414
320400321415
632900351416
322400381417
328900311418
432400341419
432060351420
302010381421
326060311422
232010341423
382060371424
324010301425
032060331426
362010361427
322060391428
832010321429
832003331430
342008361431
320003391432
632008321433
322003351434
328008381435
432003311436
302008341437
326003371438
232008301439
232000311440
382500341441
324000371442
032500301443
362000331444
322500361445
832000391446
342500321447
320000351448
632500381449
632070391450
322020321451
328070351452
432020381453
302070311454
326020341455
232070371456
382020301457
324070331458
032020361459
032004371460
362009301461
322004331462
832009361463
342004391464
320009321465
632004351466
322009381467
328004311468
432009341469
432100351470
302600381471
326100311472
232600341473
382100371474
324600301475
032100331476
362600361477
322100391478
832600321479
832080331480
342030361481
320080391482
632030321483
322080351484
328030381485
432080311486
302030341487
326080371488
232030301489
232005311490
382000341491
324005371492
032000301493
362005331494
322000361495
832005391496
342000321497
320005351498
632000381499
432005310500
302000313501
326005316502
232000319503
382005312504
324000315505
032005318506
362000311507
322005314508
832000317509
832200318510
342700311511
320200314512
632700317513
322200310514
328700313515
432200316516
302700319517
326200312518
232700315519
232090316520
382040319521
324090312522
032040315523
362090318524
322040311525
832090314526
342040317527
320090310528
632040313529
632006314530
322001317531
328006310532
432001313533
302006316534
326001319535
232006312536
382001315537
324006318538
032001311539
032300312540
362800315541
322300318542
832800311543
342300314544
320800317545
632300310546
322800313547
328300316548
432800319549
432000310550
302050313551
326000316552
232050319553
382000312554
324050315555
032000318556
362050311557
322000314558
832050317559
832007318560
342002311561
320007314562
632002317563
322007310564
328002313565
432007316566
302002319567
326007312568
232002315569
232400316570
382900319571
324400312572
032900315573
362400318574
322900311575
832400314576
342900317577
320400310578
632900313579
632010314580
322060317581
328010310582
432060313583
302010316584
326060319585
232010312586
382060315587
324010318588
032060311589
032008312590
362003315591
322008318592
832003311593
342008314594
320003317595
632008310596
322003313597
328008316598
432003319599
232008131600
382003431601
324008731602
032003031603
362008331604
322003631605
832008931606
342003231607
320008531608
632003831609
632500931610
322000231611
328500531612
432000831613
302500131614
326000431615
232500731616
382000031617
324500331618
032000631619
032020731620
362070031621
322020331622
832070631623
342020931624
320070231625
632020531626
322070831627
328020131628
432070431629
432009531630
302004831631
326009131632
232004431633
382009731634
324004031635
032009331636
362004631637
322009931638
832004231639
832600331640
342100631641
320600931642
632100231643
322600531644
328100831645
432600131646
302100431647
326600731648
232100031649
232030131650
382080431651
324030731652
032080031653
362030331654
322080631655
832030931656
342080231657
320030531658
632080831659
632000931660
322005231661
328000531662
432005831663
302000131664
326005431665
232000731666
382005031667
324000331668
032005631669
032700731670
362200031671
322700331672
832200631673
342700931674
320200231675
632700531676
322200831677
328700131678
432200431679
432040531680
302090831681
326040131682
232090431683
382040731684
324090031685
032040331686
362090631687
322040931688
832090231689
832001331690
342006631691
320001931692
632006231693
322001531694
328006831695
432001131696
302006431697
326001731698
232006031699
032001321700
362006351701
322001381702
832006311703
342001341704
320006371705
632001301706
322006331707
328001361708
432006391709
432800301710
302300331711
326800361712
232300391713
382800321714
324300351715
032800381716
362300311717
322800341718
832300371719
832050381720
342000311721
320050341722
632000371723
322050301724
328000331725
432050361726
302000391727
326050321728
232000351729
232002361730
382007391731
324002321732
032007351733
362002381734
322007311735
832002341736
342007371737
320002301738
632007331739
632900341740
322400371741
328900301742
432400331743
302900361744
326400391745
232900321746
382400351747
324900381748
032400311749
032060321750
362010351751
322060381752
832010311753
342060341754
320010371755
632060301756
322010331757
328060361758
432010391759
432003301760
302008331761
326003361762
232008391763
382003321764
324008351765
032003381766
362008311767
322003341768
832008371769
832000381770
342500311771
320000341772
632500371773
322000301774
328500331775
432000361776
302500391777
326000321778
232500351779
232070361780
382020391781
324070321782
032020351783
362070381784
322020311785
832070341786
342020371787
320070301788
632020331789
632004341790
322009371791
328004301792
432009331793
302004361794
326009391795
232004321796
382009351797
324004381798
032009311799
832004313800
342009316801
320004319802
632009312803
322004315804
328009318805
432004311806
302009314807
326004317808
232009310809
232100311810
382600314811
324100317812
032600310813
362100313814
322600316815
832100319816
342600312817
320100315818
632600318819
632080319820
322030312821
328080315822
432030318823
302080311824
326030314825
232080317826
382030310827
324080313828
032030316829
032005317830
362000310831
322005313832
832000316833
342005319834
320000312835
632005315836
322000318837
328005311838
432000314839
432200315840
302700318841
326200311842
232700314843
382200317844
324700310845
032200313846
362700316847
322200319848
832700312849
832090313850
342040316851
320090319852
632040312853
322090315854
328040318855
432090311856
302040314857
326090317858
232040310859
232006311860
382001314861
324006317862
032001310863
362006313864
322001316865
832006319866
342001312867
320006315868
632001318869
632300319870
322800312871
328300315872
432800318873
302300311874
326800314875
232300317876
382800310877
324300313878
032800316879
032000317880
362050310881
322000313882
832050316883
342000319884
320050312885
632000315886
322050318887
328000311888
432050314889
432007315890
302002318891
326007311892
232002314893
382007317894
324002310895
032007313896
362002316897
322007319898
832002312899
632007431900
322002731901
328007031902
432002331903
302007631904
326002931905
232007231906
382002531907
324007831908
032002131909
032400231910
362900531911
322400831912
832900131913
342400431914
320900731915
632400031916
322900331917
328400631918
432900931919
432010031920
302060331921
326010631922
232060931923
382010231924
324060531925
032010831926
362060131927
322010431928
832060731929
832008831930
342003131931
320008431932
632003731933
322008031934
328003331935
432008631936
302003931937
326008231938
232003531939
232500631940
382000931941
324500231942
032000531943
362500831944
322000131945
832500431946
342000731947
320500031948
632000331949
632020431950
322070731951
328020031952
432070331953
302020631954
326070931955
232020231956
382070531957
324020831958
032070131959
032009231960
362004531961
322009831962
832004131963
342009431964
320004731965
632009031966
322004331967
328009631968
432004931969
432600031970
302100331971
326600631972
232100931973
382600231974
324100531975
032600831976
362100131977
322600431978
832100731979
832030831980
342080131981
320030431982
632080731983
322030031984
328080331985
432030631986
302080931987
326030231988
232080531989
232000631990
382005931991
324000231992
032005531993
362000831994
322005131995
832000431996
342005731997
320000031998
632005331999
632009132000
322004432001
328009732002
432004032003
302009332004
326004632005
232009932006
382004232007
324009532008
032004832009
032600932010
362100232011
322600532012
832100832013
342600132014
320100432015
632600732016
322100032017
328600332018
432100632019
432030732020
302080032021
326030332022
232080632023
382030932024
324080232025
032030532026
362080832027
322030132028
832080432029
832000532030
342005832031
320000132032
632005432033
322000732034
328005032035
432000332036
302005632037
326000932038
232005232039
232700332040
382200632041
324700932042
032200232043
362700532044
322200832045
832700132046
342200432047
320700732048
632200032049
632040132050
322090432051
328040732052
432090032053
302040332054
326090632055
232040932056
382090232057
324040532058
032090832059
032001932060
362006232061
322001532062
832006832063
342001132064
320006432065
632001732066
322006032067
328001332068
432006632069
432800732070
302300032071
326800332072
232300632073
382800932074
324300232075
032800532076
362300832077
322800132078
832300432079
832050532080
342000832081
320050132082
632000432083
322050732084
328000032085
432050332086
302000632087
326050932088
232000232089
232002332090
382007632091
324002932092
032007232093
362002532094
322007832095
832002132096
342007432097
320002732098
632007032099
432002322100
302007352101
326002382102
232007312103
382002342104
324007372105
032002302106
362007332107
322002362108
832007392109
832900302110
342400332111
320900362112
632400392113
322900322114
328400352115
432900382116
302400312117
326900342118
232400372119
232060382120
382010312121
324060342122
032010372123
362060302124
322010332125
832060362126
342010392127
320060322128
632010352129
632003362130
322008392131
328003322132
432008352133
302003382134
326008312135
232003342136
382008372137
324003302138
032008332139
032000342140
362500372141
322000302142
832500332143
342000362144
320500392145
632000322146
322500352147
328000382148
432500312149
432070322150
302020352151
326070382152
232020312153
382070342154
324020372155
032070302156
362020332157
322070362158
832020392159
832004302160
342009332161
320004362162
632009392163
322004322164
328009352165
432004382166
302009312167
326004342168
232009372169
232100382170
382600312171
324100342172
032600372173
362100302174
322600332175
832100362176
342600392177
320100322178
632600352179
632080362180
322030392181
328080322182
432030352183
302080382184
326030312185
232080342186
382030372187
324080302188
032030332189
032005342190
362000372191
322005302192
832000332193
342005362194
320000392195
632005322196
322000352197
328005382198
432000312199
232005323200
382000326201
324005329202
032000322203
362005325204
322000328205
832005321206
342000324207
320005327208
632000320209
632200321210
322700324211
328200327212
432700320213
302200323214
326700326215
232200329216
382700322217
324200325218
032700328219
032090329220
362040322221
322090325222
832040328223
342090321224
320040324225
632090327226
322040320227
328090323228
432040326229
432006327230
302001320231
326006323232
232001326233
382006329234
324001322235
032006325236
362001328237
322006321238
832001324239
832300325240
342800328241
320300321242
632800324243
322300327244
328800320245
432300323246
302800326247
326300329248
232800322249
232000323250
382050326251
324000329252
032050322253
362000325254
322050328255
832000321256
342050324257
320000327258
632050320259
632007321260
322002324261
328007327262
432002320263
302007323264
326002326265
232007329266
382002322267
324007325268
032002328269
032400329270
362900322271
322400325272
832900328273
342400321274
320900324275
632400327276
322900320277
328400323278
432900326279
432010327280
302060320281
326010323282
232060326283
382010329284
324060322285
032010325286
362060328287
322010321288
832060324289
832008325290
342003328291
320008321292
632003324293
322008327294
328003320295
432008323296
302003326297
326008329298
232003322299
032008432300
362003732301
322008032302
832003332303
342008632304
320003932305
632008232306
322003532307
328008832308
432003132309
432500232310
302000532311
326500832312
232000132313
382500432314
324000732315
032500032316
362000332317
322500632318
832000932319
832020032320
342070332321
320020632322
632070932323
322020232324
328070532325
432020832326
302070132327
326020432328
232070732329
232009832330
382004132331
324009432332
032004732333
362009032334
322004332335
832009632336
342004932337
320009232338
632004532339
632600632340
322100932341
328600232342
432100532343
302600832344
326100132345
232600432346
382100732347
324600032348
032100332349
032030432350
362080732351
322030032352
832080332353
342030632354
320080932355
632030232356
322080532357
328030832358
432080132359
432000232360
302005532361
326000832362
232005132363
382000432364
324005732365
032000032366
362005332367
322000632368
832005932369
832700032370
342200332371
320700632372
632200932373
322700232374
328200532375
432700832376
302200132377
326700432378
232200732379
232040832380
382090132381
324040432382
032090732383
362040032384
322090332385
832040632386
342090932387
320040232388
632090532389
632001632390
322006932391
328001232392
432006532393
302001832394
326006132395
232001432396
382006732397
324001032398
032006332399
832001352400
342006382401
320001312402
632006342403
322001372404
328006302405
432001332406
302006362407
326001392408
232006322409
232800332410
382300362411
324800392412
032300322413
362800352414
322300382415
832800312416
342300342417
320800372418
632300302419
632050312420
322000342421
328050372422
432000302423
302050332424
326000362425
232050392426
382000322427
324050352428
032000382429
032002392430
362007322431
322002352432
832007382433
342002312434
320007342435
632002372436
322007302437
328002332438
432007362439
432900372440
302400302441
326900332442
232400362443
382900392444
324400322445
032900352446
362400382447
322900312448
832400342449
832060352450
342010382451
320060312452
632010342453
322060372454
328010302455
432060332456
302010362457
326060392458
232010322459
232003332460
382008362461
324003392462
032008322463
362003352464
322008382465
832003312466
342008342467
320003372468
632008302469
632000312470
322500342471
328000372472
432500302473
302000332474
326500362475
232000392476
382500322477
324000352478
032500382479
032070392480
362020322481
322070352482
832020382483
342070312484
320020342485
632070372486
322020302487
328070332488
432020362489
432004372490
302009302491
326004332492
232009362493
382004392494
324009322495
032004352496
362009382497
322004312498
832009342499
632004326500
322009329501
328004322502
432009325503
302004328504
326009321505
232004324506
382009327507
324004320508
032009323509
032100324510
362600327511
322100320512
832600323513
342100326514
320600329515
632100322516
322600325517
328100328518
432600321519
432080322520
302030325521
326080328522
232030321523
382080324524
324030327525
032080320526
362030323527
322080326528
832030329529
832005320530
342000323531
320005326532
632000329533
322005322534
328000325535
432005328536
302000321537
326005324538
232000327539
232200328540
382700321541
324200324542
032700327543
362200320544
322700323545
832200326546
342700329547
320200322548
632700325549
632090326550
322040329551
328090322552
432040325553
302090328554
326040321555
232090324556
382040327557
324090320558
032040323559
032006324560
362001327561
322006320562
832001323563
342006326564
320001329565
632006322566
322001325567
328006328568
432001321569
432300322570
302800325571
326300328572
232800321573
382300324574
324800327575
032300320576
362800323577
322300326578
832800329579
832000320580
342050323581
320000326582
632050329583
322000322584
328050325585
432000328586
302050321587
326000324588
232050327589
232007328590
382002321591
324007324592
032002327593
362007320594
322002323595
832007326596
342002329597
320007322598
632002325599
432007732600
302002032601
326007332602
232002632603
382007932604
324002232605
032007532606
362002832607
322007132608
832002432609
832400532610
342900832611
320400132612
632900432613
322400732614
328900032615
432400332616
302900632617
326400932618
232900232619
232010332620
382060632621
324010932622
032060232623
362010532624
322060832625
832010132626
342060432627
320010732628
632060032629
632008132630
322003432631
328008732632
432003032633
302008332634
326003632635
232008932636
382003232637
324008532638
032003832639
032500932640
362000232641
322500532642
832000832643
342500132644
320000432645
632500732646
322000032647
328500332648
432000632649
432020732650
302070032651
326020332652
232070632653
382020932654
324070232655
032020532656
362070832657
322020132658
832070432659
832009532660
342004832661
320009132662
632004432663
322009732664
328004032665
432009332666
302004632667
326009932668
232004232669
232600332670
382100632671
324600932672
032100232673
362600532674
322100832675
832600132676
342100432677
320600732678
632100032679
632030132680
322080432681
328030732682
432080032683
302030332684
326080632685
232030932686
382080232687
324030532688
032080832689
032000932690
362005232691
322000532692
832005832693
342000132694
320005432695
632000732696
322005032697
328000332698
432005632699
232000382700
382005312701
324000342702
032005372703
362000302704
322005332705
832000362706
342005392707
320000322708
632005352709
632700362710
322200392711
328700322712
432200352713
302700382714
326200312715
232700342716
382200372717
324700302718
032200332719
032040342720
362090372721
322040302722
832090332723
342040362724
320090392725
632040322726
322090352727
328040382728
432090312729
432001322730
302006352731
326001382732
232006312733
382001342734
324006372735
032001302736
362006332737
322001362738
832006392739
832800302740
342300332741
320800362742
632300392743
322800322744
328300352745
432800382746
302300312747
326800342748
232300372749
232050382750
382000312751
324050342752
032000372753
362050302754
322000332755
832050362756
342000392757
320050322758
632000352759
632002362760
322007392761
328002322762
432007352763
302002382764
326007312765
232002342766
382007372767
324002302768
032007332769
032900342770
362400372771
322900302772
832400332773
342900362774
320400392775
632900322776
322400352777
328900382778
432400312779
432060322780
302010352781
326060382782
232010312783
382060342784
324010372785
032060302786
362010332787
322060362788
832010392789
832003302790
342008332791
320003362792
632008392793
322003322794
328008352795
432003382796
302008312797
326003342798
232008372799
032003329800
362008322801
322003325802
832008328803
342003321804
320008324805
632003327806
322008320807
328003323808
432008326809
432000327810
302500320811
326000323812
232500326813
382000329814
324500322815
032000325816
362500328817
322000321818
832500324819
832070325820
342020328821
320070321822
632020324823
322070327824
328020320825
432070323826
302020326827
326070329828
232020322829
232004323830
382009326831
324004329832
032009322833
362004325834
322009328835
832004321836
342009324837
320004327838
632009320839
632100321840
322600324841
328100327842
432600320843
302100323844
326600326845
232100329846
382600322847
324100325848
032600328849
032080329850
362030322851
322080325852
832030328853
342080321854
320030324855
632080327856
322030320857
328080323858
432030326859
432005327860
302000320861
326005323862
232000326863
382005329864
324000322865
032005325866
362000328867
322005321868
832000324869
832200325870
342700328871
320200321872
632700324873
322200327874
328700320875
432200323876
302700326877
326200329878
232700322879
232090323880
382040326881
324090329882
032040322883
362090325884
322040328885
832090321886
342040324887
320090327888
632040320889
632006321890
322001324891
328006327892
432001320893
302006323894
326001326895
232006329896
382001322897
324006325898
032001328899
832006032900
342001332901
320006632902
632001932903
322006232904
328001532905
432006832906
302001132907
326006432908
232001732909
232300832910
382800132911
324300432912
032800732913
362300032914
322800332915
832300632916
342800932917
320300232918
632800532919
632000632920
322050932921
328000232922
432050532923
302000832924
326050132925
232000432926
382050732927
324000032928
032050332929
032007432930
362002732931
322007032932
832002332933
342007632934
320002932935
632007232936
322002532937
328007832938
432002132939
432400232940
302900532941
326400832942
232900132943
382400432944
324900732945
032400032946
362900332947
322400632948
832900932949
832010032950
342060332951
320010632952
632060932953
322010232954
328060532955
432010832956
302060132957
326010432958
232060732959
232008832960
382003132961
324008432962
032003732963
362008032964
322003332965
832008632966
342003932967
320008232968
632003532969
632500632970
322000932971
328500232972
432000532973
302500832974
326000132975
232500432976
382000732977
324500032978
032000332979
032020432980
362070732981
322020032982
832070332983
342020632984
320070932985
632020232986
322070532987
328020832988
432070132989
432009232990
302004532991
326009832992
232004132993
382009432994
324004732995
032009032996
362004332997
322009632998
832004932999
832008733000
342003033001
320008333002
632003633003
322008933004
328003233005
432008533006
302003833007
326008133008
232003433009
232500533010
382000833011
324500133012
032000433013
362500733014
322000033015
832500333016
342000633017
320500933018
632000233019
632020333020
322070633021
328020933022
432070233023
302020533024
326070833025
232020133026
382070433027
324020733028
032070033029
032009133030
362004433031
322009733032
832004033033
342009333034
320004633035
632009933036
322004233037
328009533038
432004833039
432600933040
302100233041
326600533042
232100833043
382600133044
324100433045
032600733046
362100033047
322600333048
832100633049
832030733050
342080033051
320030333052
632080633053
322030933054
328080233055
432030533056
302080833057
326030133058
232080433059
232000533060
382005833061
324000133062
032005433063
362000733064
322005033065
832000333066
342005633067
320000933068
632005233069
632700333070
322200633071
328700933072
432200233073
302700533074
326200833075
232700133076
382200433077
324700733078
032200033079
032040133080
362090433081
322040733082
832090033083
342040333084
320090633085
632040933086
322090233087
328040533088
432090833089
432001933090
302006233091
326001533092
232006833093
382001133094
324006433095
032001733096
362006033097
322001333098
832006633099
632001383100
322006313101
328001343102
432006373103
302001303104
326006333105
232001363106
382006393107
324001323108
032006353109
032800363110
362300393111
322800323112
832300353113
342800383114
320300313115
632800343116
322300373117
328800303118
432300333119
432050343120
302000373121
326050303122
232000333123
382050363124
324000393125
032050323126
362000353127
322050383128
832000313129
832002323130
342007353131
320002383132
632007313133
322002343134
328007373135
432002303136
302007333137
326002363138
232007393139
232900303140
382400333141
324900363142
032400393143
362900323144
322400353145
832900383146
342400313147
320900343148
632400373149
632060383150
322010313151
328060343152
432010373153
302060303154
326010333155
232060363156
382010393157
324060323158
032010353159
032003363160
362008393161
322003323162
832008353163
342003383164
320008313165
632003343166
322008373167
328003303168
432008333169
432000343170
302500373171
326000303172
232500333173
382000363174
324500393175
032000323176
362500353177
322000383178
832500313179
832070323180
342020353181
320070383182
632020313183
322070343184
328020373185
432070303186
302020333187
326070363188
232020393189
232004303190
382009333191
324004363192
032009393193
362004323194
322009353195
832004383196
342009313197
320004343198
632009373199
432004339200
302009332201
326004335202
232009338203
382004331204
324009334205
032004337206
362009330207
322004333208
832009336209
832100337210
342600330211
320100333212
632600336213
322100339214
328600332215
432100335216
302600338217
326100331218
232600334219
232080335220
382030338221
324080331222
032030334223
362080337224
322030330225
832080333226
342030336227
320080339228
632030332229
632005333230
322000336231
328005339232
432000332233
302005335234
326000338235
232005331236
382000334237
324005337238
032000330239
032200331240
362700334241
322200337242
832700330243
342200333244
320700336245
632200339246
322700332247
328200335248
432700338249
432090339250
302040332251
326090335252
232040338253
382090331254
324040334255
032090337256
362040330257
322090333258
832040336259
832006337260
342001330261
320006333262
632001336263
322006339264
328001332265
432006335266
302001338267
326006331268
232001334269
232300335270
382800338271
324300331272
032800334273
362300337274
322800330275
832300333276
342800336277
320300339278
632800332279
632000333280
322050336281
328000339282
432050332283
302000335284
326050338285
232000331286
382050334287
324000337288
032050330289
032007331290
362002334291
322007337292
832002330293
342007333294
320002336295
632007339296
322002332297
328007335298
432002338299
232007033300
382002333301
324007633302
032002933303
362007233304
322002533305
832007833306
342002133307
320007433308
632002733309
632400833310
322900133311
328400433312
432900733313
302400033314
326900333315
232400633316
382900933317
324400233318
032900533319
032010633320
362060933321
322010233322
832060533323
342010833324
320060133325
632010433326
322060733327
328010033328
432060333329
432008433330
302003733331
326008033332
232003333333
382008633334
324003933335
032008233336
362003533337
322008833338
832003133339
832500233340
342000533341
320500833342
632000133343
322500433344
328000733345
432500033346
302000333347
326500633348
232000933349
232020033350
382070333351
324020633352
032070933353
362020233354
322070533355
832020833356
342070133357
320020433358
632070733359
632009833360
322004133361
328009433362
432004733363
302009033364
326004333365
232009633366
382004933367
324009233368
032004533369
032600633370
362100933371
322600233372
832100533373
342600833374
320100133375
632600433376
322100733377
328600033378
432100333379
432030433380
302080733381
326030033382
232080333383
382030633384
324080933385
032030233386
362080533387
322030833388
832080133389
832000233390
342005533391
320000833392
632005133393
322000433394
328005733395
432000033396
302005333397
326000633398
232005933399
032000313400
362005343401
322000373402
832005303403
342000333404
320005363405
632000393406
322005323407
328000353408
432005383409
432700393410
302200323411
326700353412
232200383413
382700313414
324200343415
032700373416
362200303417
322700333418
832200363419
832040373420
342090303421
320040333422
632090363423
322040393424
328090323425
432040353426
302090383427
326040313428
232090343429
232001353430
382006383431
324001313432
032006343433
362001373434
322006303435
832001333436
342006363437
320001393438
632006323439
632800333440
322300363441
328800393442
432300323443
302800353444
326300383445
232800313446
382300343447
324800373448
032300303449
032050313450
362000343451
322050373452
832000303453
342050333454
320000363455
632050393456
322000323457
328050353458
432000383459
432002393460
302007323461
326002353462
232007383463
382002313464
324007343465
032002373466
362007303467
322002333468
832007363469
832900373470
342400303471
320900333472
632400363473
322900393474
328400323475
432900353476
302400383477
326900313478
232400343479
232060353480
382010383481
324060313482
032010343483
362060373484
322010303485
832060333486
342010363487
320060393488
632010323489
632003333490
322008363491
328003393492
432008323493
302003353494
326008383495
232003313496
382008343497
324003373498
032008303499
832003332500
342008335501
320003338502
632008331503
322003334504
328008337505
432003330506
302008333507
326003336508
232008339509
232000330510
382500333511
324000336512
032500339513
362000332514
322500335515
832000338516
342500331517
320000334518
632500337519
632070338520
322020331521
328070334522
432020337523
302070330524
326020333525
232070336526
382020339527
324070332528
032020335529
032004336530
362009339531
322004332532
832009335533
342004338534
320009331535
632004334536
322009337537
328004330538
432009333539
432100334540
302600337541
326100330542
232600333543
382100336544
324600339545
032100332546
362600335547
322100338548
832600331549
832080332550
342030335551
320080338552
632030331553
322080334554
328030337555
432080330556
302030333557
326080336558
232030339559
232005330560
382000333561
324005336562
032000339563
362005332564
322000335565
832005338566
342000331567
320005334568
632000337569
632200338570
322700331571
328200334572
432700337573
302200330574
326700333575
232200336576
382700339577
324200332578
032700335579
032090336580
362040339581
322090332582
832040335583
342090338584
320040331585
632090334586
322040337587
328090330588
432040333589
432006334590
302001337591
326006330592
232001333593
382006336594
324001339595
032006332596
362001335597
322006338598
832001331599
632006333600
322001633601
328006933602
432001233603
302006533604
326001833605
232006133606
382001433607
324006733608
032001033609
032300133610
362800433611
322300733612
832800033613
342300333614
320800633615
632300933616
322800233617
328300533618
432800833619
432000933620
302050233621
326000533622
232050833623
382000133624
324050433625
032000733626
362050033627
322000333628
832050633629
832007733630
342002033631
320007333632
632002633633
322007933634
328002233635
432007533636
302002833637
326007133638
232002433639
232400533640
382900833641
324400133642
032900433643
362400733644
322900033645
832400333646
342900633647
320400933648
632900233649
632010333650
322060633651
328010933652
432060233653
302010533654
326060833655
232010133656
382060433657
324010733658
032060033659
032008133660
362003433661
322008733662
832003033663
342008333664
320003633665
632008933666
322003233667
328008533668
432003833669
432500933670
302000233671
326500533672
232000833673
382500133674
324000433675
032500733676
362000033677
322500333678
832000633679
832020733680
342070033681
320020333682
632070633683
322020933684
328070233685
432020533686
302070833687
326020133688
232070433689
232009533690
382004833691
324009133692
032004433693
362009733694
322004033695
832009333696
342004633697
320009933698
632004233699
432009343700
302004373701
326009303702
232004333703
382009363704
324004393705
032009323706
362004353707
322009383708
832004313709
832600323710
342100353711
320600383712
632100313713
322600343714
328100373715
432600303716
302100333717
326600363718
232100393719
232030303720
382080333721
324030363722
032080393723
362030323724
322080353725
832030383726
342080313727
320030343728
632080373729
632000383730
322005313731
328000343732
432005373733
302000303734
326005333735
232000363736
382005393737
324000323738
032005353739
032700363740
362200393741
322700323742
832200353743
342700383744
320200313745
632700343746
322200373747
328700303748
432200333749
432040343750
302090373751
326040303752
232090333753
382040363754
324090393755
032040323756
362090353757
322040383758
832090313759
832001323760
342006353761
320001383762
632006313763
322001343764
328006373765
432001303766
302006333767
326001363768
232006393769
232800303770
382300333771
324800363772
032300393773
362800323774
322300353775
832800383776
342300313777
320800343778
632300373779
632050383780
322000313781
328050343782
432000373783
302050303784
326000333785
232050363786
382000393787
324050323788
032000353789
032002363790
362007393791
322002323792
832007353793
342002383794
320007313795
632002343796
322007373797
328002303798
432007333799
232002335800
382007338801
324002331802
032007334803
362002337804
322007330805
832002333806
342007336807
320002339808
632007332809
632900333810
322400336811
328900339812
432400332813
302900335814
326400338815
232900331816
382400334817
324900337818
032400330819
032060331820
362010334821
322060337822
832010330823
342060333824
320010336825
632060339826
322010332827
328060335828
432010338829
432003339830
302008332831
326003335832
232008338833
382003331834
324008334835
032003337836
362008330837
322003333838
832008336839
832000337840
342500330841
320000333842
632500336843
322000339844
328500332845
432000335846
302500338847
326000331848
232500334849
232070335850
382020338851
324070331852
032020334853
362070337854
322020330855
832070333856
342020336857
320070339858
632020332859
632004333860
322009336861
328004339862
432009332863
302004335864
326009338865
232004331866
382009334867
324004337868
032009330869
032100331870
362600334871
322100337872
832600330873
342100333874
320600336875
632100339876
322600332877
328100335878
432600338879
432080339880
302030332881
326080335882
232030338883
382080331884
324030334885
032080337886
362030330887
322080333888
832030336889
832005337890
342000330891
320005333892
632000336893
322005339894
328000332895
432005335896
302000338897
326005331898
232000334899
032005633900
362000933901
322005233902
832000533903
342005833904
320000133905
632005433906
322000733907
328005033908
432000333909
432200433910
302700733911
326200033912
232700333913
382200633914
324700933915
032200233916
362700533917
322200833918
832700133919
832090233920
342040533921
320090833922
632040133923
322090433924
328040733925
432090033926
302040333927
326090633928
232040933929
232006033930
382001333931
324006633932
032001933933
362006233934
322001533935
832006833936
342001133937
320006433938
632001733939
632300833940
322800133941
328300433942
432800733943
302300033944
326800333945
232300633946
382800933947
324300233948
032800533949
032000633950
362050933951
322000233952
832050533953
342000833954
320050133955
632000433956
322050733957
328000033958
432050333959
432007433960
302002733961
326007033962
232002333963
382007633964
324002933965
032007233966
362002533967
322007833968
832002133969
832400233970
342900533971
320400833972
632900133973
322400433974
328900733975
432400033976
302900333977
326400633978
232900933979
232010033980
382060333981
324010633982
032060933983
362010233984
322060533985
832010833986
342060133987
320010433988
632060733989
632008833990
322003133991
328008433992
432003733993
302008033994
326003333995
232008633996
382003933997
324008233998
032003533999
032007334000
362002634001
322007934002
832002234003
342007534004
320002834005
632007134006
322002434007
328007734008
432002034009
432400134010
302900434011
326400734012
232900034013
382400334014
324900634015
032400934016
362900234017
322400534018
832900834019
832010934020
342060234021
320010534022
632060834023
322010134024
328060434025
432010734026
302060034027
326010334028
232060634029
232008734030
382003034031
324008334032
032003634033
362008934034
322003234035
832008534036
342003834037
320008134038
632003434039
632500534040
322000834041
328500134042
432000434043
302500734044
326000034045
232500334046
382000634047
324500934048
032000234049
032020334050
362070634051
322020934052
832070234053
342020534054
320070834055
632020134056
322070434057
328020734058
432070034059
432009134060
302004434061
326009734062
232004034063
382009334064
324004634065
032009934066
362004234067
322009534068
832004834069
832600934070
342100234071
320600534072
632100834073
322600134074
328100434075
432600734076
302100034077
326600334078
232100634079
232030734080
382080034081
324030334082
032080634083
362030934084
322080234085
832030534086
342080834087
320030134088
632080434089
632000534090
322005834091
328000134092
432005434093
302000734094
326005034095
232000334096
382005634097
324000934098
032005234099
832000344100
342005374101
320000304102
632005334103
322000364104
328005394105
432000324106
302005354107
326000384108
232005314109
232700324110
382200354111
324700384112
032200314113
362700344114
322200374115
832700304116
342200334117
320700364118
632200394119
632040304120
322090334121
328040364122
432090394123
302040324124
326090354125
232040384126
382090314127
324040344128
032090374129
032001384130
362006314131
322001344132
832006374133
342001304134
320006334135
632001364136
322006394137
328001324138
432006354139
432800364140
302300394141
326800324142
232300354143
382800384144
324300314145
032800344146
362300374147
322800304148
832300334149
832050344150
342000374151
320050304152
632000334153
322050364154
328000394155
432050324156
302000354157
326050384158
232000314159
232002324160
382007354161
324002384162
032007314163
362002344164
322007374165
832002304166
342007334167
320002364168
632007394169
632900304170
322400334171
328900364172
432400394173
302900324174
326400354175
232900384176
382400314177
324900344178
032400374179
032060384180
362010314181
322060344182
832010374183
342060304184
320010334185
632060364186
322010394187
328060324188
432010354189
432003364190
302008394191
326003324192
232008354193
382003384194
324008314195
032003344196
362008374197
322003304198
832008334199
632003345200
322008348201
328003341202
432008344203
302003347204
326008340205
232003343206
382008346207
324003349208
032008342209
032000343210
362500346211
322000349212
832500342213
342000345214
320500348215
632000341216
322500344217
328000347218
432500340219
432070341220
302020344221
326070347222
232020340223
382070343224
324020346225
032070349226
362020342227
322070345228
832020348229
832004349230
342009342231
320004345232
632009348233
322004341234
328009344235
432004347236
302009340237
326004343238
232009346239
232100347240
382600340241
324100343242
032600346243
362100349244
322600342245
832100345246
342600348247
320100341248
632600344249
632080345250
322030348251
328080341252
432030344253
302080347254
326030340255
232080343256
382030346257
324080349258
032030342259
032005343260
362000346261
322005349262
832000342263
342005345264
320000348265
632005341266
322000344267
328005347268
432000340269
432200341270
302700344271
326200347272
232700340273
382200343274
324700346275
032200349276
362700342277
322200345278
832700348279
832090349280
342040342281
320090345282
632040348283
322090341284
328040344285
432090347286
302040340287
326090343288
232040346289
232006347290
382001340291
324006343292
032001346293
362006349294
322001342295
832006345296
342001348297
320006341298
632001344299
432006634300
302001934301
326006234302
232001534303
382006834304
324001134305
032006434306
362001734307
322006034308
832001334309
832300434310
342800734311
320300034312
632800334313
322300634314
328800934315
432300234316
302800534317
326300834318
232800134319
232000234320
382050534321
324000834322
032050134323
362000434324
322050734325
832000034326
342050334327
320000634328
632050934329
632007034330
322002334331
328007634332
432002934333
302007234334
326002534335
232007834336
382002134337
324007434338
032002734339
032400834340
362900134341
322400434342
832900734343
342400034344
320900334345
632400634346
322900934347
328400234348
432900534349
432010634350
302060934351
326010234352
232060534353
382010834354
324060134355
032010434356
362060734357
322010034358
832060334359
832008434360
342003734361
320008034362
632003334363
322008634364
328003934365
432008234366
302003534367
326008834368
232003134369
232500234370
382000534371
324500834372
032000134373
362500434374
322000734375
832500034376
342000334377
320500634378
632000934379
632020034380
322070334381
328020634382
432070934383
302020234384
326070534385
232020834386
382070134387
324020434388
032070734389
032009834390
362004134391
322009434392
832004734393
342009034394
320004334395
632009634396
322004934397
328009234398
432004534399
232009374400
382004304401
324009334402
032004364403
362009394404
322004324405
832009354406
342004384407
320009314408
632004344409
632600354410
322100384411
328600314412
432100344413
302600374414
326100304415
232600334416
382100364417
324600394418
032100324419
032030334420
362080364421
322030394422
832080324423
342030354424
320080384425
632030314426
322080344427
328030374428
432080304429
432000314430
302005344431
326000374432
232005304433
382000334434
324005364435
032000394436
362005324437
322000354438
832005384439
832700394440
342200324441
320700354442
632200384443
322700314444
328200344445
432700374446
302200304447
326700334448
232200364449
232040374450
382090304451
324040334452
032090364453
362040394454
322090324455
832040354456
342090384457
320040314458
632090344459
632001354460
322006384461
328001314462
432006344463
302001374464
326006304465
232001334466
382006364467
324001394468
032006324469
032800334470
362300364471
322800394472
832300324473
342800354474
320300384475
632800314476
322300344477
328800374478
432300304479
432050314480
302000344481
326050374482
232000304483
382050334484
324000364485
032050394486
362000324487
322050354488
832000384489
832002394490
342007324491
320002354492
632007384493
322002314494
328007344495
432002374496
302007304497
326002334498
232007364499
032002348500
362007341501
322002344502
832007347503
342002340504
320007343505
632002346506
322007349507
328002342508
432007345509
432900346510
302400349511
326900342512
232400345513
382900348514
324400341515
032900344516
362400347517
322900340518
832400343519
832060344520
342010347521
320060340522
632010343523
322060346524
328010349525
432060342526
302010345527
326060348528
232010341529
232003342530
382008345531
324003348532
032008341533
362003344534
322008347535
832003340536
342008343537
320003346538
632008349539
632000340540
322500343541
328000346542
432500349543
302000342544
326500345545
232000348546
382500341547
324000344548
032500347549
032070348550
362020341551
322070344552
832020347553
342070340554
320020343555
632070346556
322020349557
328070342558
432020345559
432004346560
302009349561
326004342562
232009345563
382004348564
324009341565
032004344566
362009347567
322004340568
832009343569
832100344570
342600347571
320100340572
632600343573
322100346574
328600349575
432100342576
302600345577
326100348578
232600341579
232080342580
382030345581
324080348582
032030341583
362080344584
322030347585
832080340586
342030343587
320080346588
632030349589
632005340590
322000343591
328005346592
432000349593
302005342594
326000345595
232005348596
382000341597
324005344598
032000347599
832005934600
342000234601
320005534602
632000834603
322005134604
328000434605
432005734606
302000034607
326005334608
232000634609
232200734610
382700034611
324200334612
032700634613
362200934614
322700234615
832200534616
342700834617
320200134618
632700434619
632090534620
322040834621
328090134622
432040434623
302090734624
326040034625
232090334626
382040634627
324090934628
032040234629
032006334630
362001634631
322006934632
832001234633
342006534634
320001834635
632006134636
322001434637
328006734638
432001034639
432300134640
302800434641
326300734642
232800034643
382300334644
324800634645
032300934646
362800234647
322300534648
832800834649
832000934650
342050234651
320000534652
632050834653
322000134654
328050434655
432000734656
302050034657
326000334658
232050634659
232007734660
382002034661
324007334662
032002634663
362007934664
322002234665
832007534666
342002834667
320007134668
632002434669
632400534670
322900834671
328400134672
432900434673
302400734674
326900034675
232400334676
382900634677
324400934678
032900234679
032010334680
362060634681
322010934682
832060234683
342010534684
320060834685
632010134686
322060434687
328010734688
432060034689
432008134690
302003434691
326008734692
232003034693
382008334694
324003634695
032008934696
362003234697
322008534698
832003834699
632008304700
322003334701
328008364702
432003394703
302008324704
326003354705
232008384706
382003314707
324008344708
032003374709
032500384710
362000314711
322500344712
832000374713
342500304714
320000334715
632500364716
322000394717
328500324718
432000354719
432020364720
302070394721
326020324722
232070354723
382020384724
324070314725
032020344726
362070374727
322020304728
832070334729
832009344730
342004374731
320009304732
632004334733
322009364734
328004394735
432009324736
302004354737
326009384738
232004314739
232600324740
382100354741
324600384742
032100314743
362600344744
322100374745
832600304746
342100334747
320600364748
632100394749
632030304750
322080334751
328030364752
432080394753
302030324754
326080354755
232030384756
382080314757
324030344758
032080374759
032000384760
362005314761
322000344762
832005374763
342000304764
320005334765
632000364766
322005394767
328000324768
432005354769
432700364770
302200394771
326700324772
232200354773
382700384774
324200314775
032700344776
362200374777
322700304778
832200334779
832040344780
342090374781
320040304782
632090334783
322040364784
328090394785
432040324786
302090354787
326040384788
232090314789
232001324790
382006354791
324001384792
032006314793
362001344794
322006374795
832001304796
342006334797
320001364798
632006394799
432001341800
302006344801
326001347802
232006340803
382001343804
324006346805
032001349806
362006342807
322001345808
832006348809
832800349810
342300342811
320800345812
632300348813
322800341814
328300344815
432800347816
302300340817
326800343818
232300346819
232050347820
382000340821
324050343822
032000346823
362050349824
322000342825
832050345826
342000348827
320050341828
632000344829
632002345830
322007348831
328002341832
432007344833
302002347834
326007340835
232002343836
382007346837
324002349838
032007342839
032900343840
362400346841
322900349842
832400342843
342900345844
320400348845
632900341846
322400344847
328900347848
432400340849
432060341850
302010344851
326060347852
232010340853
382060343854
324010346855
032060349856
362010342857
322060345858
832010348859
832003349860
342008342861
320003345862
632008348863
322003341864
328008344865
432003347866
302008340867
326003343868
232008346869
232000347870
382500340871
324000343872
032500346873
362000349874
322500342875
832000345876
342500348877
320000341878
632500344879
632070345880
322020348881
328070341882
432020344883
302070347884
326020340885
232070343886
382020346887
324070349888
032020342889
032004343890
362009346891
322004349892
832009342893
342004345894
320009348895
632004341896
322009344897
328004347898
432009340899
232004234900
382009534901
324004834902
032009134903
362004434904
322009734905
832004034906
342009334907
320004634908
632009934909
632100034910
322600334911
328100634912
432600934913
302100234914
326600534915
232100834916
382600134917
324100434918
032600734919
032080834920
362030134921
322080434922
832030734923
342080034924
320030334925
632080634926
322030934927
328080234928
432030534929
432005634930
302000934931
326005234932
232000534933
382005834934
324000134935
032005434936
362000734937
322005034938
832000334939
832200434940
342700734941
320200034942
632700334943
322200634944
328700934945
432200234946
302700534947
326200834948
232700134949
232090234950
382040534951
324090834952
032040134953
362090434954
322040734955
832090034956
342040334957
320090634958
632040934959
632006034960
322001334961
328006634962
432001934963
302006234964
326001534965
232006834966
382001134967
324006434968
032001734969
032300834970
362800134971
322300434972
832800734973
342300034974
320800334975
632300634976
322800934977
328300234978
432800534979
432000634980
302050934981
326000234982
232050534983
382000834984
324050134985
032000434986
362050734987
322000034988
832050334989
832007434990
342002734991
320007034992
632002334993
322007634994
328002934995
432007234996
302002534997
326007834998
232002134999
232006935000
382001235001
324006535002
032001835003
362006135004
322001435005
832006735006
342001035007
320006335008
632001635009
632300735010
322800035011
328300335012
432800635013
302300935014
326800235015
232300535016
382800835017
324300135018
032800435019
032000535020
362050835021
322000135022
832050435023
342000735024
320050035025
632000335026
322050635027
328000935028
432050235029
432007335030
302002635031
326007935032
232002235033
382007535034
324002835035
032007135036
362002435037
322007735038
832002035039
832400135040
342900435041
320400735042
632900035043
322400335044
328900635045
432400935046
302900235047
326400535048
232900835049
232010935050
382060235051
324010535052
032060835053
362010135054
322060435055
832010735056
342060035057
320010335058
632060635059
632008735060
322003035061
328008335062
432003635063
302008935064
326003235065
232008535066
382003835067
324008135068
032003435069
032500535070
362000835071
322500135072
832000435073
342500735074
320000035075
632500335076
322000635077
328500935078
432000235079
432020335080
302070635081
326020935082
232070235083
382020535084
324070835085
032020135086
362070435087
322020735088
832070035089
832009135090
342004435091
320009735092
632004035093
322009335094
328004635095
432009935096
302004235097
326009535098
232004835099
032009305100
362004335101
322009365102
832004395103
342009325104
320004355105
632009385106
322004315107
328009345108
432004375109
432600385110
302100315111
326600345112
232100375113
382600305114
324100335115
032600365116
362100395117
322600325118
832100355119
832030365120
342080395121
320030325122
632080355123
322030385124
328080315125
432030345126
302080375127
326030305128
232080335129
232000345130
382005375131
324000305132
032005335133
362000365134
322005395135
832000325136
342005355137
320000385138
632005315139
632700325140
322200355141
328700385142
432200315143
302700345144
326200375145
232700305146
382200335147
324700365148
032200395149
032040305150
362090335151
322040365152
832090395153
342040325154
320090355155
632040385156
322090315157
328040345158
432090375159
432001385160
302006315161
326001345162
232006375163
382001305164
324006335165
032001365166
362006395167
322001325168
832006355169
832800365170
342300395171
320800325172
632300355173
322800385174
328300315175
432800345176
302300375177
326800305178
232300335179
232050345180
382000375181
324050305182
032000335183
362050365184
322000395185
832050325186
342000355187
320050385188
632000315189
632002325190
322007355191
328002385192
432007315193
302002345194
326007375195
232002305196
382007335197
324002365198
032007395199
832002351200
342007354201
320002357202
632007350203
322002353204
328007356205
432002359206
302007352207
326002355208
232007358209
232900359210
382400352211
324900355212
032400358213
362900351214
322400354215
832900357216
342400350217
320900353218
632400356219
632060357220
322010350221
328060353222
432010356223
302060359224
326010352225
232060355226
382010358227
324060351228
032010354229
032003355230
362008358231
322003351232
832008354233
342003357234
320008350235
632003353236
322008356237
328003359238
432008352239
432000353240
302500356241
326000359242
232500352243
382000355244
324500358245
032000351246
362500354247
322000357248
832500350249
832070351250
342020354251
320070357252
632020350253
322070353254
328020356255
432070359256
302020352257
326070355258
232020358259
232004359260
382009352261
324004355262
032009358263
362004351264
322009354265
832004357266
342009350267
320004353268
632009356269
632100357270
322600350271
328100353272
432600356273
302100359274
326600352275
232100355276
382600358277
324100351278
032600354279
032080355280
362030358281
322080351282
832030354283
342080357284
320030350285
632080353286
322030356287
328080359288
432030352289
432005353290
302000356291
326005359292
232000352293
382005355294
324000358295
032005351296
362000354297
322005357298
832000350299
632005235300
322000535301
328005835302
432000135303
302005435304
326000735305
232005035306
382000335307
324005635308
032000935309
032200035310
362700335311
322200635312
832700935313
342200235314
320700535315
632200835316
322700135317
328200435318
432700735319
432090835320
302040135321
326090435322
232040735323
382090035324
324040335325
032090635326
362040935327
322090235328
832040535329
832006635330
342001935331
320006235332
632001535333
322006835334
328001135335
432006435336
302001735337
326006035338
232001335339
232300435340
382800735341
324300035342
032800335343
362300635344
322800935345
832300235346
342800535347
320300835348
632800135349
632000235350
322050535351
328000835352
432050135353
302000435354
326050735355
232000035356
382050335357
324000635358
032050935359
032007035360
362002335361
322007635362
832002935363
342007235364
320002535365
632007835366
322002135367
328007435368
432002735369
432400835370
302900135371
326400435372
232900735373
382400035374
324900335375
032400635376
362900935377
322400235378
832900535379
832010635380
342060935381
320010235382
632060535383
322010835384
328060135385
432010435386
302060735387
326010035388
232060335389
232008435390
382003735391
324008035392
032003335393
362008635394
322003935395
832008235396
342003535397
320008835398
632003135399
432008335400
302003365401
326008395402
232003325403
382008355404
324003385405
032008315406
362003345407
322008375408
832003305409
832500315410
342000345411
320500375412
632000305413
322500335414
328000365415
432500395416
302000325417
326500355418
232000385419
232020395420
382070325421
324020355422
032070385423
362020315424
322070345425
832020375426
342070305427
320020335428
632070365429
632009375430
322004305431
328009335432
432004365433
302009395434
326004325435
232009355436
382004385437
324009315438
032004345439
032600355440
362100385441
322600315442
832100345443
342600375444
320100305445
632600335446
322100365447
328600395448
432100325449
432030335450
302080365451
326030395452
232080325453
382030355454
324080385455
032030315456
362080345457
322030375458
832080305459
832000315460
342005345461
320000375462
632005305463
322000335464
328005365465
432000395466
302005325467
326000355468
232005385469
232700395470
382200325471
324700355472
032200385473
362700315474
322200345475
832700375476
342200305477
320700335478
632200365479
632040375480
322090305481
328040335482
432090365483
302040395484
326090325485
232040355486
382090385487
324040315488
032090345489
032001355490
362006385491
322001315492
832006345493
342001375494
320006305495
632001335496
322006365497
328001395498
432006325499
232001354500
382006357501
324001350502
032006353503
362001356504
322006359505
832001352506
342006355507
320001358508
632006351509
632800352510
322300355511
328800358512
432300351513
302800354514
326300357515
232800350516
382300353517
324800356518
032300359519
032050350520
362000353521
322050356522
832000359523
342050352524
320000355525
632050358526
322000351527
328050354528
432000357529
432002358530
302007351531
326002354532
232007357533
382002350534
324007353535
032002356536
362007359537
322002352538
832007355539
832900356540
342400359541
320900352542
632400355543
322900358544
328400351545
432900354546
302400357547
326900350548
232400353549
232060354550
382010357551
324060350552
032010353553
362060356554
322010359555
832060352556
342010355557
320060358558
632010351559
632003352560
322008355561
328003358562
432008351563
302003354564
326008357565
232003350566
382008353567
324003356568
032008359569
032000350570
362500353571
322000356572
832500359573
342000352574
320500355575
632000358576
322500351577
328000354578
432500357579
432070358580
302020351581
326070354582
232020357583
382070350584
324020353585
032070356586
362020359587
322070352588
832020355589
832004356590
342009359591
320004352592
632009355593
322004358594
328009351595
432004354596
302009357597
326004350598
232009353599
032004535600
362009835601
322004135602
832009435603
342004735604
320009035605
632004335606
322009635607
328004935608
432009235609
432100335610
302600635611
326100935612
232600235613
382100535614
324600835615
032100135616
362600435617
322100735618
832600035619
832080135620
342030435621
320080735622
632030035623
322080335624
328030635625
432080935626
302030235627
326080535628
232030835629
232005935630
382000235631
324005535632
032000835633
362005135634
322000435635
832005735636
342000035637
320005335638
632000635639
632200735640
322700035641
328200335642
432700635643
302200935644
326700235645
232200535646
382700835647
324200135648
032700435649
032090535650
362040835651
322090135652
832040435653
342090735654
320040035655
632090335656
322040635657
328090935658
432040235659
432006335660
302001635661
326006935662
232001235663
382006535664
324001835665
032006135666
362001435667
322006735668
832001035669
832300135670
342800435671
320300735672
632800035673
322300335674
328800635675
432300935676
302800235677
326300535678
232800835679
232000935680
382050235681
324000535682
032050835683
362000135684
322050435685
832000735686
342050035687
320000335688
632050635689
632007735690
322002035691
328007335692
432002635693
302007935694
326002235695
232007535696
382002835697
324007135698
032002435699
832007365700
342002395701
320007325702
632002355703
322007385704
328002315705
432007345706
302002375707
326007305708
232002335709
232400345710
382900375711
324400305712
032900335713
362400365714
322900395715
832400325716
342900355717
320400385718
632900315719
632010325720
322060355721
328010385722
432060315723
302010345724
326060375725
232010305726
382060335727
324010365728
032060395729
032008305730
362003335731
322008365732
832003395733
342008325734
320003355735
632008385736
322003315737
328008345738
432003375739
432500385740
302000315741
326500345742
232000375743
382500305744
324000335745
032500365746
362000395747
322500325748
832000355749
832020365750
342070395751
320020325752
632070355753
322020385754
328070315755
432020345756
302070375757
326020305758
232070335759
232009345760
382004375761
324009305762
032004335763
362009365764
322004395765
832009325766
342004355767
320009385768
632004315769
632600325770
322100355771
328600385772
432100315773
302600345774
326100375775
232600305776
382100335777
324600365778
032100395779
032030305780
362080335781
322030365782
832080395783
342030325784
320080355785
632030385786
322080315787
328030345788
432080375789
432000385790
302005315791
326000345792
232005375793
382000305794
324005335795
032000365796
362005395797
322000325798
832005355799
632000357800
322005350801
328000353802
432005356803
302000359804
326005352805
232000355806
382005358807
324000351808
032005354809
032700355810
362200358811
322700351812
832200354813
342700357814
320200350815
632700353816
322200356817
328700359818
432200352819
432040353820
302090356821
326040359822
232090352823
382040355824
324090358825
032040351826
362090354827
322040357828
832090350829
832001351830
342006354831
320001357832
632006350833
322001353834
328006356835
432001359836
302006352837
326001355838
232006358839
232800359840
382300352841
324800355842
032300358843
362800351844
322300354845
832800357846
342300350847
320800353848
632300356849
632050357850
322000350851
328050353852
432000356853
302050359854
326000352855
232050355856
382000358857
324050351858
032000354859
032002355860
362007358861
322002351862
832007354863
342002357864
320007350865
632002353866
322007356867
328002359868
432007352869
432900353870
302400356871
326900359872
232400352873
382900355874
324400358875
032900351876
362400354877
322900357878
832400350879
832060351880
342010354881
320060357882
632010350883
322060353884
328010356885
432060359886
302010352887
326060355888
232010358889
232003359890
382008352891
324003355892
032008358893
362003351894
322008354895
832003357896
342008350897
320003353898
632008356899
432003835900
302008135901
326003435902
232008735903
382003035904
324008335905
032003635906
362008935907
322003235908
832008535909
832000635910
342500935911
320000235912
632500535913
322000835914
328500135915
432000435916
302500735917
326000035918
232500335919
232070435920
382020735921
324070035922
032020335923
362070635924
322020935925
832070235926
342020535927
320070835928
632020135929
632004235930
322009535931
328004835932
432009135933
302004435934
326009735935
232004035936
382009335937
324004635938
032009935939
032100035940
362600335941
322100635942
832600935943
342100235944
320600535945
632100835946
322600135947
328100435948
432600735949
432080835950
302030135951
326080435952
232030735953
382080035954
324030335955
032080635956
362030935957
322080235958
832030535959
832005635960
342000935961
320005235962
632000535963
322005835964
328000135965
432005435966
302000735967
326005035968
232000335969
232200435970
382700735971
324200035972
032700335973
362200635974
322700935975
832200235976
342700535977
320200835978
632700135979
632090235980
322040535981
328090835982
432040135983
302090435984
326040735985
232090035986
382040335987
324090635988
032040935989
032006035990
362001335991
322006635992
832001935993
342006235994
320001535995
632006835996
322001135997
328006435998
432001735999
432005536000
302000836001
326005136002
232000436003
382005736004
324000036005
032005336006
362000636007
322005936008
832000236009
832200336010
342700636011
320200936012
632700236013
322200536014
328700836015
432200136016
302700436017
326200736018
232700036019
232090136020
382040436021
324090736022
032040036023
362090336024
322040636025
832090936026
342040236027
320090536028
632040836029
632006936030
322001236031
328006536032
432001836033
302006136034
326001436035
232006736036
382001036037
324006336038
032001636039
032300736040
362800036041
322300336042
832800636043
342300936044
320800236045
632300536046
322800836047
328300136048
432800436049
432000536050
302050836051
326000136052
232050436053
382000736054
324050036055
032000336056
362050636057
322000936058
832050236059
832007336060
342002636061
320007936062
632002236063
322007536064
328002836065
432007136066
302002436067
326007736068
232002036069
232400136070
382900436071
324400736072
032900036073
362400336074
322900636075
832400936076
342900236077
320400536078
632900836079
632010936080
322060236081
328010536082
432060836083
302010136084
326060436085
232010736086
382060036087
324010336088
032060636089
032008736090
362003036091
322008336092
832003636093
342008936094
320003236095
632008536096
322003836097
328008136098
432003436099
232008366100
382003396101
324008326102
032003356103
362008386104
322003316105
832008346106
342003376107
320008306108
632003336109
632500346110
322000376111
328500306112
432000336113
302500366114
326000396115
232500326116
382000356117
324500386118
032000316119
032020326120
362070356121
322020386122
832070316123
342020346124
320070376125
632020306126
322070336127
328020366128
432070396129
432009306130
302004336131
326009366132
232004396133
382009326134
324004356135
032009386136
362004316137
322009346138
832004376139
832600386140
342100316141
320600346142
632100376143
322600306144
328100336145
432600366146
302100396147
326600326148
232100356149
232030366150
382080396151
324030326152
032080356153
362030386154
322080316155
832030346156
342080376157
320030306158
632080336159
632000346160
322005376161
328000306162
432005336163
302000366164
326005396165
232000326166
382005356167
324000386168
032005316169
032700326170
362200356171
322700386172
832200316173
342700346174
320200376175
632700306176
322200336177
328700366178
432200396179
432040306180
302090336181
326040366182
232090396183
382040326184
324090356185
032040386186
362090316187
322040346188
832090376189
832001386190
342006316191
320001346192
632006376193
322001306194
328006336195
432001366196
302006396197
326001326198
232006356199
032001367200
362006360201
322001363202
832006366203
342001369204
320006362205
632001365206
322006368207
328001361208
432006364209
432800365210
302300368211
326800361212
232300364213
382800367214
324300360215
032800363216
362300366217
322800369218
832300362219
832050363220
342000366221
320050369222
632000362223
322050365224
328000368225
432050361226
302000364227
326050367228
232000360229
232002361230
382007364231
324002367232
032007360233
362002363234
322007366235
832002369236
342007362237
320002365238
632007368239
632900369240
322400362241
328900365242
432400368243
302900361244
326400364245
232900367246
382400360247
324900363248
032400366249
032060367250
362010360251
322060363252
832010366253
342060369254
320010362255
632060365256
322010368257
328060361258
432010364259
432003365260
302008368261
326003361262
232008364263
382003367264
324008360265
032003363266
362008366267
322003369268
832008362269
832000363270
342500366271
320000369272
632500362273
322000365274
328500368275
432000361276
302500364277
326000367278
232500360279
232070361280
382020364281
324070367282
032020360283
362070363284
322020366285
832070369286
342020362287
320070365288
632020368289
632004369290
322009362291
328004365292
432009368293
302004361294
326009364295
232004367296
382009360297
324004363298
032009366299
832004836300
342009136301
320004436302
632009736303
322004036304
328009336305
432004636306
302009936307
326004236308
232009536309
232100636310
382600936311
324100236312
032600536313
362100836314
322600136315
832100436316
342600736317
320100036318
632600336319
632080436320
322030736321
328080036322
432030336323
302080636324
326030936325
232080236326
382030536327
324080836328
032030136329
032005236330
362000536331
322005836332
832000136333
342005436334
320000736335
632005036336
322000336337
328005636338
432000936339
432200036340
302700336341
326200636342
232700936343
382200236344
324700536345
032200836346
362700136347
322200436348
832700736349
832090836350
342040136351
320090436352
632040736353
322090036354
328040336355
432090636356
302040936357
326090236358
232040536359
232006636360
382001936361
324006236362
032001536363
362006836364
322001136365
832006436366
342001736367
320006036368
632001336369
632300436370
322800736371
328300036372
432800336373
302300636374
326800936375
232300236376
382800536377
324300836378
032800136379
032000236380
362050536381
322000836382
832050136383
342000436384
320050736385
632000036386
322050336387
328000636388
432050936389
432007036390
302002336391
326007636392
232002936393
382007236394
324002536395
032007836396
362002136397
322007436398
832002736399
632007396400
322002326401
328007356402
432002386403
302007316404
326002346405
232007376406
382002306407
324007336408
032002366409
032400376410
362900306411
322400336412
832900366413
342400396414
320900326415
632400356416
322900386417
328400316418
432900346419
432010356420
302060386421
326010316422
232060346423
382010376424
324060306425
032010336426
362060366427
322010396428
832060326429
832008336430
342003366431
320008396432
632003326433
322008356434
328003386435
432008316436
302003346437
326008376438
232003306439
232500316440
382000346441
324500376442
032000306443
362500336444
322000366445
832500396446
342000326447
320500356448
632000386449
632020396450
322070326451
328020356452
432070386453
302020316454
326070346455
232020376456
382070306457
324020336458
032070366459
032009376460
362004306461
322009336462
832004366463
342009396464
320004326465
632009356466
322004386467
328009316468
432004346469
432600356470
302100386471
326600316472
232100346473
382600376474
324100306475
032600336476
362100366477
322600396478
832100326479
832030336480
342080366481
320030396482
632080326483
322030356484
328080386485
432030316486
302080346487
326030376488
232080306489
232000316490
382005346491
324000376492
032005306493
362000336494
322005366495
832000396496
342005326497
320000356498
632005386499
432000360500
302005363501
326000366502
232005369503
382000362504
324005365505
032000368506
362005361507
322000364508
832005367509
832700368510
342200361511
320700364512
632200367513
322700360514
328200363515
432700366516
302200369517
326700362518
232200365519
232040366520
382090369521
324040362522
032090365523
362040368524
322090361525
832040364526
342090367527
320040360528
632090363529
632001364530
322006367531
328001360532
432006363533
302001366534
326006369535
232001362536
382006365537
324001368538
032006361539
032800362540
362300365541
322800368542
832300361543
342800364544
320300367545
632800360546
322300363547
328800366548
432300369549
432050360550
302000363551
326050366552
232000369553
382050362554
324000365555
032050368556
362000361557
322050364558
832000367559
832002368560
342007361561
320002364562
632007367563
322002360564
328007363565
432002366566
302007369567
326002362568
232007365569
232900366570
382400369571
324900362572
032400365573
362900368574
322400361575
832900364576
342400367577
320900360578
632400363579
632060364580
322010367581
328060360582
432010363583
302060366584
326010369585
232060362586
382010365587
324060368588
032010361589
032003362590
362008365591
322003368592
832008361593
342003364594
320008367595
632003360596
322008363597
328003366598
432008369599
232003136600
382008436601
324003736602
032008036603
362003336604
322008636605
832003936606
342008236607
320003536608
632008836609
632000936610
322500236611
328000536612
432500836613
302000136614
326500436615
232000736616
382500036617
324000336618
032500636619
032070736620
362020036621
322070336622
832020636623
342070936624
320020236625
632070536626
322020836627
328070136628
432020436629
432004536630
302009836631
326004136632
232009436633
382004736634
324009036635
032004336636
362009636637
322004936638
832009236639
832100336640
342600636641
320100936642
632600236643
322100536644
328600836645
432100136646
302600436647
326100736648
232600036649
232080136650
382030436651
324080736652
032030036653
362080336654
322030636655
832080936656
342030236657
320080536658
632030836659
632005936660
322000236661
328005536662
432000836663
302005136664
326000436665
232005736666
382000036667
324005336668
032000636669
032200736670
362700036671
322200336672
832700636673
342200936674
320700236675
632200536676
322700836677
328200136678
432700436679
432090536680
302040836681
326090136682
232040436683
382090736684
324040036685
032090336686
362040636687
322090936688
832040236689
832006336690
342001636691
320006936692
632001236693
322006536694
328001836695
432006136696
302001436697
326006736698
232001036699
032006326700
362001356701
322006386702
832001316703
342006346704
320001376705
632006306706
322001336707
328006366708
432001396709
432300306710
302800336711
326300366712
232800396713
382300326714
324800356715
032300386716
362800316717
322300346718
832800376719
832000386720
342050316721
320000346722
632050376723
322000306724
328050336725
432000366726
302050396727
326000326728
232050356729
232007366730
382002396731
324007326732
032002356733
362007386734
322002316735
832007346736
342002376737
320007306738
632002336739
632400346740
322900376741
328400306742
432900336743
302400366744
326900396745
232400326746
382900356747
324400386748
032900316749
032010326750
362060356751
322010386752
832060316753
342010346754
320060376755
632010306756
322060336757
328010366758
432060396759
432008306760
302003336761
326008366762
232003396763
382008326764
324003356765
032008386766
362003316767
322008346768
832003376769
832500386770
342000316771
320500346772
632000376773
322500306774
328000336775
432500366776
302000396777
326500326778
232000356779
232020366780
382070396781
324020326782
032070356783
362020386784
322070316785
832020346786
342070376787
320020306788
632070336789
632009346790
322004376791
328009306792
432004336793
302009366794
326004396795
232009326796
382004356797
324009386798
032004316799
832009363800
342004366801
320009369802
632004362803
322009365804
328004368805
432009361806
302004364807
326009367808
232004360809
232600361810
382100364811
324600367812
032100360813
362600363814
322100366815
832600369816
342100362817
320600365818
632100368819
632030369820
322080362821
328030365822
432080368823
302030361824
326080364825
232030367826
382080360827
324030363828
032080366829
032000367830
362005360831
322000363832
832005366833
342000369834
320005362835
632000365836
322005368837
328000361838
432005364839
432700365840
302200368841
326700361842
232200364843
382700367844
324200360845
032700363846
362200366847
322700369848
832200362849
832040363850
342090366851
320040369852
632090362853
322040365854
328090368855
432040361856
302090364857
326040367858
232090360859
232001361860
382006364861
324001367862
032006360863
362001363864
322006366865
832001369866
342006362867
320001365868
632006368869
632800369870
322300362871
328800365872
432300368873
302800361874
326300364875
232800367876
382300360877
324800363878
032300366879
032050367880
362000360881
322050363882
832000366883
342050369884
320000362885
632050365886
322000368887
328050361888
432000364889
432002365890
302007368891
326002361892
232007364893
382002367894
324007360895
032002363896
362007366897
322002369898
832007362899
632002436900
322007736901
328002036902
432007336903
302002636904
326007936905
232002236906
382007536907
324002836908
032007136909
032900236910
362400536911
322900836912
832400136913
342900436914
320400736915
632900036916
322400336917
328900636918
432400936919
432060036920
302010336921
326060636922
232010936923
382060236924
324010536925
032060836926
362010136927
322060436928
832010736929
832003836930
342008136931
320003436932
632008736933
322003036934
328008336935
432003636936
302008936937
326003236938
232008536939
232000636940
382500936941
324000236942
032500536943
362000836944
322500136945
832000436946
342500736947
320000036948
632500336949
632070436950
322020736951
328070036952
432020336953
302070636954
326020936955
232070236956
382020536957
324070836958
032020136959
032004236960
362009536961
322004836962
832009136963
342004436964
320009736965
632004036966
322009336967
328004636968
432009936969
432100036970
302600336971
326100636972
232600936973
382100236974
324600536975
032100836976
362600136977
322100436978
832600736979
832080836980
342030136981
320080436982
632030736983
322080036984
328030336985
432080636986
302030936987
326080236988
232030536989
232005636990
382000936991
324005236992
032000536993
362005836994
322000136995
832005436996
342000736997
320005036998
632000336999
632004137000
322009437001
328004737002
432009037003
302004337004
326009637005
232004937006
382009237007
324004537008
032009837009
032100937010
362600237011
322100537012
832600837013
342100137014
320600437015
632100737016
322600037017
328100337018
432600637019
432080737020
302030037021
326080337022
232030637023
382080937024
324030237025
032080537026
362030837027
322080137028
832030437029
832005537030
342000837031
320005137032
632000437033
322005737034
328000037035
432005337036
302000637037
326005937038
232000237039
232200337040
382700637041
324200937042
032700237043
362200537044
322700837045
832200137046
342700437047
320200737048
632700037049
632090137050
322040437051
328090737052
432040037053
302090337054
326040637055
232090937056
382040237057
324090537058
032040837059
032006937060
362001237061
322006537062
832001837063
342006137064
320001437065
632006737066
322001037067
328006337068
432001637069
432300737070
302800037071
326300337072
232800637073
382300937074
324800237075
032300537076
362800837077
322300137078
832800437079
832000537080
342050837081
320000137082
632050437083
322000737084
328050037085
432000337086
302050637087
326000937088
232050237089
232007337090
382002637091
324007937092
032002237093
362007537094
322002837095
832007137096
342002437097
320007737098
632002037099
432007327100
302002357101
326007387102
232002317103
382007347104
324002377105
032007307106
362002337107
322007367108
832002397109
832400307110
342900337111
320400367112
632900397113
322400327114
328900357115
432400387116
302900317117
326400347118
232900377119
232010387120
382060317121
324010347122
032060377123
362010307124
322060337125
832010367126
342060397127
320010327128
632060357129
632008367130
322003397131
328008327132
432003357133
302008387134
326003317135
232008347136
382003377137
324008307138
032003337139
032500347140
362000377141
322500307142
832000337143
342500367144
320000397145
632500327146
322000357147
328500387148
432000317149
432020327150
302070357151
326020387152
232070317153
382020347154
324070377155
032020307156
362070337157
322020367158
832070397159
832009307160
342004337161
320009367162
632004397163
322009327164
328004357165
432009387166
302004317167
326009347168
232004377169
232600387170
382100317171
324600347172
032100377173
362600307174
322100337175
832600367176
342100397177
320600327178
632100357179
632030367180
322080397181
328030327182
432080357183
302030387184
326080317185
232030347186
382080377187
324030307188
032080337189
032000347190
362005377191
322000307192
832005337193
342000367194
320005397195
632000327196
322005357197
328000387198
432005317199
232000373200
382005376201
324000379202
032005372203
362000375204
322005378205
832000371206
342005374207
320000377208
632005370209
632700371210
322200374211
328700377212
432200370213
302700373214
326200376215
232700379216
382200372217
324700375218
032200378219
032040379220
362090372221
322040375222
832090378223
342040371224
320090374225
632040377226
322090370227
328040373228
432090376229
432001377230
302006370231
326001373232
232006376233
382001379234
324006372235
032001375236
362006378237
322001371238
832006374239
832800375240
342300378241
320800371242
632300374243
322800377244
328300370245
432800373246
302300376247
326800379248
232300372249
232050373250
382000376251
324050379252
032000372253
362050375254
322000378255
832050371256
342000374257
320050377258
632000370259
632002371260
322007374261
328002377262
432007370263
302002373264
326007376265
232002379266
382007372267
324002375268
032007378269
032900379270
362400372271
322900375272
832400378273
342900371274
320400374275
632900377276
322400370277
328900373278
432400376279
432060377280
302010370281
326060373282
232010376283
382060379284
324010372285
032060375286
362010378287
322060371288
832010374289
832003375290
342008378291
320003371292
632008374293
322003377294
328008370295
432003373296
302008376297
326003379298
232008372299
032003437300
362008737301
322003037302
832008337303
342003637304
320008937305
632003237306
322008537307
328003837308
432008137309
432000237310
302500537311
326000837312
232500137313
382000437314
324500737315
032000037316
362500337317
322000637318
832500937319
832070037320
342020337321
320070637322
632020937323
322070237324
328020537325
432070837326
302020137327
326070437328
232020737329
232004837330
382009137331
324004437332
032009737333
362004037334
322009337335
832004637336
342009937337
320004237338
632009537339
632100637340
322600937341
328100237342
432600537343
302100837344
326600137345
232100437346
382600737347
324100037348
032600337349
032080437350
362030737351
322080037352
832030337353
342080637354
320030937355
632080237356
322030537357
328080837358
432030137359
432005237360
302000537361
326005837362
232000137363
382005437364
324000737365
032005037366
362000337367
322005637368
832000937369
832200037370
342700337371
320200637372
632700937373
322200237374
328700537375
432200837376
302700137377
326200437378
232700737379
232090837380
382040137381
324090437382
032040737383
362090037384
322040337385
832090637386
342040937387
320090237388
632040537389
632006637390
322001937391
328006237392
432001537393
302006837394
326001137395
232006437396
382001737397
324006037398
032001337399
832006357400
342001387401
320006317402
632001347403
322006377404
328001307405
432006337406
302001367407
326006397408
232001327409
232300337410
382800367411
324300397412
032800327413
362300357414
322800387415
832300317416
342800347417
320300377418
632800307419
632000317420
322050347421
328000377422
432050307423
302000337424
326050367425
232000397426
382050327427
324000357428
032050387429
032007397430
362002327431
322007357432
832002387433
342007317434
320002347435
632007377436
322002307437
328007337438
432002367439
432400377440
302900307441
326400337442
232900367443
382400397444
324900327445
032400357446
362900387447
322400317448
832900347449
832010357450
342060387451
320010317452
632060347453
322010377454
328060307455
432010337456
302060367457
326010397458
232060327459
232008337460
382003367461
324008397462
032003327463
362008357464
322003387465
832008317466
342003347467
320008377468
632003307469
632500317470
322000347471
328500377472
432000307473
302500337474
326000367475
232500397476
382000327477
324500357478
032000387479
032020397480
362070327481
322020357482
832070387483
342020317484
320070347485
632020377486
322070307487
328020337488
432070367489
432009377490
302004307491
326009337492
232004367493
382009397494
324004327495
032009357496
362004387497
322009317498
832004347499
632009376500
322004379501
328009372502
432004375503
302009378504
326004371505
232009374506
382004377507
324009370508
032004373509
032600374510
362100377511
322600370512
832100373513
342600376514
320100379515
632600372516
322100375517
328600378518
432100371519
432030372520
302080375521
326030378522
232080371523
382030374524
324080377525
032030370526
362080373527
322030376528
832080379529
832000370530
342005373531
320000376532
632005379533
322000372534
328005375535
432000378536
302005371537
326000374538
232005377539
232700378540
382200371541
324700374542
032200377543
362700370544
322200373545
832700376546
342200379547
320700372548
632200375549
632040376550
322090379551
328040372552
432090375553
302040378554
326090371555
232040374556
382090377557
324040370558
032090373559
032001374560
362006377561
322001370562
832006373563
342001376564
320006379565
632001372566
322006375567
328001378568
432006371569
432800372570
302300375571
326800378572
232300371573
382800374574
324300377575
032800370576
362300373577
322800376578
832300379579
832050370580
342000373581
320050376582
632000379583
322050372584
328000375585
432050378586
302000371587
326050374588
232000377589
232002378590
382007371591
324002374592
032007377593
362002370594
322007373595
832002376596
342007379597
320002372598
632007375599
432002737600
302007037601
326002337602
232007637603
382002937604
324007237605
032002537606
362007837607
322002137608
832007437609
832900537610
342400837611
320900137612
632400437613
322900737614
328400037615
432900337616
302400637617
326900937618
232400237619
232060337620
382010637621
324060937622
032010237623
362060537624
322010837625
832060137626
342010437627
320060737628
632010037629
632003137630
322008437631
328003737632
432008037633
302003337634
326008637635
232003937636
382008237637
324003537638
032008837639
032000937640
362500237641
322000537642
832500837643
342000137644
320500437645
632000737646
322500037647
328000337648
432500637649
432070737650
302020037651
326070337652
232020637653
382070937654
324020237655
032070537656
362020837657
322070137658
832020437659
832004537660
342009837661
320004137662
632009437663
322004737664
328009037665
432004337666
302009637667
326004937668
232009237669
232100337670
382600637671
324100937672
032600237673
362100537674
322600837675
832100137676
342600437677
320100737678
632600037679
632080137680
322030437681
328080737682
432030037683
302080337684
326030637685
232080937686
382030237687
324080537688
032030837689
032005937690
362000237691
322005537692
832000837693
342005137694
320000437695
632005737696
322000037697
328005337698
432000637699
232005387700
382000317701
324005347702
032000377703
362005307704
322000337705
832005367706
342000397707
320005327708
632000357709
632200367710
322700397711
328200327712
432700357713
302200387714
326700317715
232200347716
382700377717
324200307718
032700337719
032090347720
362040377721
322090307722
832040337723
342090367724
320040397725
632090327726
322040357727
328090387728
432040317729
432006327730
302001357731
326006387732
232001317733
382006347734
324001377735
032006307736
362001337737
322006367738
832001397739
832300307740
342800337741
320300367742
632800397743
322300327744
328800357745
432300387746
302800317747
326300347748
232800377749
232000387750
382050317751
324000347752
032050377753
362000307754
322050337755
832000367756
342050397757
320000327758
632050357759
632007367760
322002397761
328007327762
432002357763
302007387764
326002317765
232007347766
382002377767
324007307768
032002337769
032400347770
362900377771
322400307772
832900337773
342400367774
320900397775
632400327776
322900357777
328400387778
432900317779
432010327780
302060357781
326010387782
232060317783
382010347784
324060377785
032010307786
362060337787
322010367788
832060397789
832008307790
342003337791
320008367792
632003397793
322008327794
328003357795
432008387796
302003317797
326008347798
232003377799
032008379800
362003372801
322008375802
832003378803
342008371804
320003374805
632008377806
322003370807
328008373808
432003376809
432500377810
302000370811
326500373812
232000376813
382500379814
324000372815
032500375816
362000378817
322500371818
832000374819
832020375820
342070378821
320020371822
632070374823
322020377824
328070370825
432020373826
302070376827
326020379828
232070372829
232009373830
382004376831
324009379832
032004372833
362009375834
322004378835
832009371836
342004374837
320009377838
632004370839
632600371840
322100374841
328600377842
432100370843
302600373844
326100376845
232600379846
382100372847
324600375848
032100378849
032030379850
362080372851
322030375852
832080378853
342030371854
320080374855
632030377856
322080370857
328030373858
432080376859
432000377860
302005370861
326000373862
232005376863
382000379864
324005372865
032000375866
362005378867
322000371868
832005374869
832700375870
342200378871
320700371872
632200374873
322700377874
328200370875
432700373876
302200376877
326700379878
232200372879
232040373880
382090376881
324040379882
032090372883
362040375884
322090378885
832040371886
342090374887
320040377888
632090370889
632001371890
322006374891
328001377892
432006370893
302001373894
326006376895
232001379896
382006372897
324001375898
032006378899
832001037900
342006337901
320001637902
632006937903
322001237904
328006537905
432001837906
302006137907
326001437908
232006737909
232800837910
382300137911
324800437912
032300737913
362800037914
322300337915
832800637916
342300937917
320800237918
632300537919
632050637920
322000937921
328050237922
432000537923
302050837924
326000137925
232050437926
382000737927
324050037928
032000337929
032002437930
362007737931
322002037932
832007337933
342002637934
320007937935
632002237936
322007537937
328002837938
432007137939
432900237940
302400537941
326900837942
232400137943
382900437944
324400737945
032900037946
362400337947
322900637948
832400937949
832060037950
342010337951
320060637952
632010937953
322060237954
328010537955
432060837956
302010137957
326060437958
232010737959
232003837960
382008137961
324003437962
032008737963
362003037964
322008337965
832003637966
342008937967
320003237968
632008537969
632000637970
322500937971
328000237972
432500537973
302000837974
326500137975
232000437976
382500737977
324000037978
032500337979
032070437980
362020737981
322070037982
832020337983
342070637984
320020937985
632070237986
322020537987
328070837988
432020137989
432004237990
302009537991
326004837992
232009137993
382004437994
324009737995
032004037996
362009337997
322004637998
832009937999
832003738000
342008038001
320003338002
632008638003
322003938004
328008238005
432003538006
302008838007
326003138008
232008438009
232000538010
382500838011
324000138012
032500438013
362000738014
322500038015
832000338016
342500638017
320000938018
632500238019
632070338020
322020638021
328070938022
432020238023
302070538024
326020838025
232070138026
382020438027
324070738028
032020038029
032004138030
362009438031
322004738032
832009038033
342004338034
320009638035
632004938036
322009238037
328004538038
432009838039
432100938040
302600238041
326100538042
232600838043
382100138044
324600438045
032100738046
362600038047
322100338048
832600638049
832080738050
342030038051
320080338052
632030638053
322080938054
328030238055
432080538056
302030838057
326080138058
232030438059
232005538060
382000838061
324005138062
032000438063
362005738064
322000038065
832005338066
342000638067
320005938068
632000238069
632200338070
322700638071
328200938072
432700238073
302200538074
326700838075
232200138076
382700438077
324200738078
032700038079
032090138080
362040438081
322090738082
832040038083
342090338084
320040638085
632090938086
322040238087
328090538088
432040838089
432006938090
302001238091
326006538092
232001838093
382006138094
324001438095
032006738096
362001038097
322006338098
832001638099
632006388100
322001318101
328006348102
432001378103
302006308104
326001338105
232006368106
382001398107
324006328108
032001358109
032300368110
362800398111
322300328112
832800358113
342300388114
320800318115
632300348116
322800378117
328300308118
432800338119
432000348120
302050378121
326000308122
232050338123
382000368124
324050398125
032000328126
362050358127
322000388128
832050318129
832007328130
342002358131
320007388132
632002318133
322007348134
328002378135
432007308136
302002338137
326007368138
232002398139
232400308140
382900338141
324400368142
032900398143
362400328144
322900358145
832400388146
342900318147
320400348148
632900378149
632010388150
322060318151
328010348152
432060378153
302010308154
326060338155
232010368156
382060398157
324010328158
032060358159
032008368160
362003398161
322008328162
832003358163
342008388164
320003318165
632008348166
322003378167
328008308168
432003338169
432500348170
302000378171
326500308172
232000338173
382500368174
324000398175
032500328176
362000358177
322500388178
832000318179
832020328180
342070358181
320020388182
632070318183
322020348184
328070378185
432020308186
302070338187
326020368188
232070398189
232009308190
382004338191
324009368192
032004398193
362009328194
322004358195
832009388196
342004318197
320009348198
632004378199
432009389200
302004382201
326009385202
232004388203
382009381204
324004384205
032009387206
362004380207
322009383208
832004386209
832600387210
342100380211
320600383212
632100386213
322600389214
328100382215
432600385216
302100388217
326600381218
232100384219
232030385220
382080388221
324030381222
032080384223
362030387224
322080380225
832030383226
342080386227
320030389228
632080382229
632000383230
322005386231
328000389232
432005382233
302000385234
326005388235
232000381236
382005384237
324000387238
032005380239
032700381240
362200384241
322700387242
832200380243
342700383244
320200386245
632700389246
322200382247
328700385248
432200388249
432040389250
302090382251
326040385252
232090388253
382040381254
324090384255
032040387256
362090380257
322040383258
832090386259
832001387260
342006380261
320001383262
632006386263
322001389264
328006382265
432001385266
302006388267
326001381268
232006384269
232800385270
382300388271
324800381272
032300384273
362800387274
322300380275
832800383276
342300386277
320800389278
632300382279
632050383280
322000386281
328050389282
432000382283
302050385284
326000388285
232050381286
382000384287
324050387288
032000380289
032002381290
362007384291
322002387292
832007380293
342002383294
320007386295
632002389296
322007382297
328002385298
432007388299
232002038300
382007338301
324002638302
032007938303
362002238304
322007538305
832002838306
342007138307
320002438308
632007738309
632900838310
322400138311
328900438312
432400738313
302900038314
326400338315
232900638316
382400938317
324900238318
032400538319
032060638320
362010938321
322060238322
832010538323
342060838324
320010138325
632060438326
322010738327
328060038328
432010338329
432003438330
302008738331
326003038332
232008338333
382003638334
324008938335
032003238336
362008538337
322003838338
832008138339
832000238340
342500538341
320000838342
632500138343
322000438344
328500738345
432000038346
302500338347
326000638348
232500938349
232070038350
382020338351
324070638352
032020938353
362070238354
322020538355
832070838356
342020138357
320070438358
632020738359
632004838360
322009138361
328004438362
432009738363
302004038364
326009338365
232004638366
382009938367
324004238368
032009538369
032100638370
362600938371
322100238372
832600538373
342100838374
320600138375
632100438376
322600738377
328100038378
432600338379
432080438380
302030738381
326080038382
232030338383
382080638384
324030938385
032080238386
362030538387
322080838388
832030138389
832005238390
342000538391
320005838392
632000138393
322005438394
328000738395
432005038396
302000338397
326005638398
232000938399
032005318400
362000348401
322005378402
832000308403
342005338404
320000368405
632005398406
322000328407
328005358408
432000388409
432200398410
302700328411
326200358412
232700388413
382200318414
324700348415
032200378416
362700308417
322200338418
832700368419
832090378420
342040308421
320090338422
632040368423
322090398424
328040328425
432090358426
302040388427
326090318428
232040348429
232006358430
382001388431
324006318432
032001348433
362006378434
322001308435
832006338436
342001368437
320006398438
632001328439
632300338440
322800368441
328300398442
432800328443
302300358444
326800388445
232300318446
382800348447
324300378448
032800308449
032000318450
362050348451
322000378452
832050308453
342000338454
320050368455
632000398456
322050328457
328000358458
432050388459
432007398460
302002328461
326007358462
232002388463
382007318464
324002348465
032007378466
362002308467
322007338468
832002368469
832400378470
342900308471
320400338472
632900368473
322400398474
328900328475
432400358476
302900388477
326400318478
232900348479
232010358480
382060388481
324010318482
032060348483
362010378484
322060308485
832010338486
342060368487
320010398488
632060328489
632008338490
322003368491
328008398492
432003328493
302008358494
326003388495
232008318496
382003348497
324008378498
032003308499
832008382500
342003385501
320008388502
632003381503
322008384504
328003387505
432008380506
302003383507
326008386508
232003389509
232500380510
382000383511
324500386512
032000389513
362500382514
322000385515
832500388516
342000381517
320500384518
632000387519
632020388520
322070381521
328020384522
432070387523
302020380524
326070383525
232020386526
382070389527
324020382528
032070385529
032009386530
362004389531
322009382532
832004385533
342009388534
320004381535
632009384536
322004387537
328009380538
432004383539
432600384540
302100387541
326600380542
232100383543
382600386544
324100389545
032600382546
362100385547
322600388548
832100381549
832030382550
342080385551
320030388552
632080381553
322030384554
328080387555
432030380556
302080383557
326030386558
232080389559
232000380560
382005383561
324000386562
032005389563
362000382564
322005385565
832000388566
342005381567
320000384568
632005387569
632700388570
322200381571
328700384572
432200387573
302700380574
326200383575
232700386576
382200389577
324700382578
032200385579
032040386580
362090389581
322040382582
832090385583
342040388584
320090381585
632040384586
322090387587
328040380588
432090383589
432001384590
302006387591
326001380592
232006383593
382001386594
324006389595
032001382596
362006385597
322001388598
832006381599
632001338600
322006638601
328001938602
432006238603
302001538604
326006838605
232001138606
382006438607
324001738608
032006038609
032800138610
362300438611
322800738612
832300038613
342800338614
320300638615
632800938616
322300238617
328800538618
432300838619
432050938620
302000238621
326050538622
232000838623
382050138624
324000438625
032050738626
362000038627
322050338628
832000638629
832002738630
342007038631
320002338632
632007638633
322002938634
328007238635
432002538636
302007838637
326002138638
232007438639
232900538640
382400838641
324900138642
032400438643
362900738644
322400038645
832900338646
342400638647
320900938648
632400238649
632060338650
322010638651
328060938652
432010238653
302060538654
326010838655
232060138656
382010438657
324060738658
032010038659
032003138660
362008438661
322003738662
832008038663
342003338664
320008638665
632003938666
322008238667
328003538668
432008838669
432000938670
302500238671
326000538672
232500838673
382000138674
324500438675
032000738676
362500038677
322000338678
832500638679
832070738680
342020038681
320070338682
632020638683
322070938684
328020238685
432070538686
302020838687
326070138688
232020438689
232004538690
382009838691
324004138692
032009438693
362004738694
322009038695
832004338696
342009638697
320004938698
632009238699
432004348700
302009378701
326004308702
232009338703
382004368704
324009398705
032004328706
362009358707
322004388708
832009318709
832100328710
342600358711
320100388712
632600318713
322100348714
328600378715
432100308716
302600338717
326100368718
232600398719
232080308720
382030338721
324080368722
032030398723
362080328724
322030358725
832080388726
342030318727
320080348728
632030378729
632005388730
322000318731
328005348732
432000378733
302005308734
326000338735
232005368736
382000398737
324005328738
032000358739
032200368740
362700398741
322200328742
832700358743
342200388744
320700318745
632200348746
322700378747
328200308748
432700338749
432090348750
302040378751
326090308752
232040338753
382090368754
324040398755
032090328756
362040358757
322090388758
832040318759
832006328760
342001358761
320006388762
632001318763
322006348764
328001378765
432006308766
302001338767
326006368768
232001398769
232300308770
382800338771
324300368772
032800398773
362300328774
322800358775
832300388776
342800318777
320300348778
632800378779
632000388780
322050318781
328000348782
432050378783
302000308784
326050338785
232000368786
382050398787
324000328788
032050358789
032007368790
362002398791
322007328792
832002358793
342007388794
320002318795
632007348796
322002378797
328007308798
432002338799
232007385800
382002388801
324007381802
032002384803
362007387804
322002380805
832007383806
342002386807
320007389808
632002382809
632400383810
322900386811
328400389812
432900382813
302400385814
326900388815
232400381816
382900384817
324400387818
032900380819
032010381820
362060384821
322010387822
832060380823
342010383824
320060386825
632010389826
322060382827
328010385828
432060388829
432008389830
302003382831
326008385832
232003388833
382008381834
324003384835
032008387836
362003380837
322008383838
832003386839
832500387840
342000380841
320500383842
632000386843
322500389844
328000382845
432500385846
302000388847
326500381848
232000384849
232020385850
382070388851
324020381852
032070384853
362020387854
322070380855
832020383856
342070386857
320020389858
632070382859
632009383860
322004386861
328009389862
432004382863
302009385864
326004388865
232009381866
382004384867
324009387868
032004380869
032600381870
362100384871
322600387872
832100380873
342600383874
320100386875
632600389876
322100382877
328600385878
432100388879
432030389880
302080382881
326030385882
232080388883
382030381884
324080384885
032030387886
362080380887
322030383888
832080386889
832000387890
342005380891
320000383892
632005386893
322000389894
328005382895
432000385896
302005388897
326000381898
232005384899
032000638900
362005938901
322000238902
832005538903
342000838904
320005138905
632000438906
322005738907
328000038908
432005338909
432700438910
302200738911
326700038912
232200338913
382700638914
324200938915
032700238916
362200538917
322700838918
832200138919
832040238920
342090538921
320040838922
632090138923
322040438924
328090738925
432040038926
302090338927
326040638928
232090938929
232001038930
382006338931
324001638932
032006938933
362001238934
322006538935
832001838936
342006138937
320001438938
632006738939
632800838940
322300138941
328800438942
432300738943
302800038944
326300338945
232800638946
382300938947
324800238948
032300538949
032050638950
362000938951
322050238952
832000538953
342050838954
320000138955
632050438956
322000738957
328050038958
432000338959
432002438960
302007738961
326002038962
232007338963
382002638964
324007938965
032002238966
362007538967
322002838968
832007138969
832900238970
342400538971
320900838972
632400138973
322900438974
328400738975
432900038976
302400338977
326900638978
232400938979
232060038980
382010338981
324060638982
032010938983
362060238984
322010538985
832060838986
342010138987
320060438988
632010738989
632003838990
322008138991
328003438992
432008738993
302003038994
326008338995
232003638996
382008938997
324003238998
032008538999
032002339000
362007639001
322002939002
832007239003
342002539004
320007839005
632002139006
322007439007
328002739008
432007039009
432900139010
302400439011
326900739012
232400039013
382900339014
324400639015
032900939016
362400239017
322900539018
832400839019
832060939020
342010239021
320060539022
632010839023
322060139024
328010439025
432060739026
302010039027
326060339028
232010639029
232003739030
382008039031
324003339032
032008639033
362003939034
322008239035
832003539036
342008839037
320003139038
632008439039
632000539040
322500839041
328000139042
432500439043
302000739044
326500039045
232000339046
382500639047
324000939048
032500239049
032070339050
362020639051
322070939052
832020239053
342070539054
320020839055
632070139056
322020439057
328070739058
432020039059
432004139060
302009439061
326004739062
232009039063
382004339064
324009639065
032004939066
362009239067
322004539068
832009839069
832100939070
342600239071
320100539072
632600839073
322100139074
328600439075
432100739076
302600039077
326100339078
232600639079
232080739080
382030039081
324080339082
032030639083
362080939084
322030239085
832080539086
342030839087
320080139088
632030439089
632005539090
322000839091
328005139092
432000439093
302005739094
326000039095
232005339096
382000639097
324005939098
032000239099
832005349100
342000379101
320005309102
632000339103
322005369104
328000399105
432005329106
302000359107
326005389108
232000319109
232200329110
382700359111
324200389112
032700319113
362200349114
322700379115
832200309116
342700339117
320200369118
632700399119
632090309120
322040339121
328090369122
432040399123
302090329124
326040359125
232090389126
382040319127
324090349128
032040379129
032006389130
362001319131
322006349132
832001379133
342006309134
320001339135
632006369136
322001399137
328006329138
432001359139
432300369140
302800399141
326300329142
232800359143
382300389144
324800319145
032300349146
362800379147
322300309148
832800339149
832000349150
342050379151
320000309152
632050339153
322000369154
328050399155
432000329156
302050359157
326000389158
232050319159
232007329160
382002359161
324007389162
032002319163
362007349164
322002379165
832007309166
342002339167
320007369168
632002399169
632400309170
322900339171
328400369172
432900399173
302400329174
326900359175
232400389176
382900319177
324400349178
032900379179
032010389180
362060319181
322010349182
832060379183
342010309184
320060339185
632010369186
322060399187
328010329188
432060359189
432008369190
302003399191
326008329192
232003359193
382008389194
324003319195
032008349196
362003379197
322008309198
832003339199
632008395200
322003398201
328008391202
432003394203
302008397204
326003390205
232008393206
382003396207
324008399208
032003392209
032500393210
362000396211
322500399212
832000392213
342500395214
320000398215
632500391216
322000394217
328500397218
432000390219
432020391220
302070394221
326020397222
232070390223
382020393224
324070396225
032020399226
362070392227
322020395228
832070398229
832009399230
342004392231
320009395232
632004398233
322009391234
328004394235
432009397236
302004390237
326009393238
232004396239
232600397240
382100390241
324600393242
032100396243
362600399244
322100392245
832600395246
342100398247
320600391248
632100394249
632030395250
322080398251
328030391252
432080394253
302030397254
326080390255
232030393256
382080396257
324030399258
032080392259
032000393260
362005396261
322000399262
832005392263
342000395264
320005398265
632000391266
322005394267
328000397268
432005390269
432700391270
302200394271
326700397272
232200390273
382700393274
324200396275
032700399276
362200392277
322700395278
832200398279
832040399280
342090392281
320040395282
632090398283
322040391284
328090394285
432040397286
302090390287
326040393288
232090396289
232001397290
382006390291
324001393292
032006396293
362001399294
322006392295
832001395296
342006398297
320001391298
632006394299
432001639300
302006939301
326001239302
232006539303
382001839304
324006139305
032001439306
362006739307
322001039308
832006339309
832800439310
342300739311
320800039312
632300339313
322800639314
328300939315
432800239316
302300539317
326800839318
232300139319
232050239320
382000539321
324050839322
032000139323
362050439324
322000739325
832050039326
342000339327
320050639328
632000939329
632002039330
322007339331
328002639332
432007939333
302002239334
326007539335
232002839336
382007139337
324002439338
032007739339
032900839340
362400139341
322900439342
832400739343
342900039344
320400339345
632900639346
322400939347
328900239348
432400539349
432060639350
302010939351
326060239352
232010539353
382060839354
324010139355
032060439356
362010739357
322060039358
832010339359
832003439360
342008739361
320003039362
632008339363
322003639364
328008939365
432003239366
302008539367
326003839368
232008139369
232000239370
382500539371
324000839372
032500139373
362000439374
322500739375
832000039376
342500339377
320000639378
632500939379
632070039380
322020339381
328070639382
432020939383
302070239384
326020539385
232070839386
382020139387
324070439388
032020739389
032004839390
362009139391
322004439392
832009739393
342004039394
320009339395
632004639396
322009939397
328004239398
432009539399
232004379400
382009309401
324004339402
032009369403
362004399404
322009329405
832004359406
342009389407
320004319408
632009349409
632100359410
322600389411
328100319412
432600349413
302100379414
326600309415
232100339416
382600369417
324100399418
032600329419
032080339420
362030369421
322080399422
832030329423
342080359424
320030389425
632080319426
322030349427
328080379428
432030309429
432005319430
302000349431
326005379432
232000309433
382005339434
324000369435
032005399436
362000329437
322005359438
832000389439
832200399440
342700329441
320200359442
632700389443
322200319444
328700349445
432200379446
302700309447
326200339448
232700369449
232090379450
382040309451
324090339452
032040369453
362090399454
322040329455
832090359456
342040389457
320090319458
632040349459
632006359460
322001389461
328006319462
432001349463
302006379464
326001309465
232006339466
382001369467
324006399468
032001329469
032300339470
362800369471
322300399472
832800329473
342300359474
320800389475
632300319476
322800349477
328300379478
432800309479
432000319480
302050349481
326000379482
232050309483
382000339484
324050369485
032000399486
362050329487
322000359488
832050389489
832007399490
342002329491
320007359492
632002389493
322007319494
328002349495
432007379496
302002309497
326007339498
232002369499
032007398500
362002391501
322007394502
832002397503
342007390504
320002393505
632007396506
322002399507
328007392508
432002395509
432400396510
302900399511
326400392512
232900395513
382400398514
324900391515
032400394516
362900397517
322400390518
832900393519
832010394520
342060397521
320010390522
632060393523
322010396524
328060399525
432010392526
302060395527
326010398528
232060391529
232008392530
382003395531
324008398532
032003391533
362008394534
322003397535
832008390536
342003393537
320008396538
632003399539
632500390540
322000393541
328500396542
432000399543
302500392544
326000395545
232500398546
382000391547
324500394548
032000397549
032020398550
362070391551
322020394552
832070397553
342020390554
320070393555
632020396556
322070399557
328020392558
432070395559
432009396560
302004399561
326009392562
232004395563
382009398564
324004391565
032009394566
362004397567
322009390568
832004393569
832600394570
342100397571
320600390572
632100393573
322600396574
328100399575
432600392576
302100395577
326600398578
232100391579
232030392580
382080395581
324030398582
032080391583
362030394584
322080397585
832030390586
342080393587
320030396588
632080399589
632000390590
322005393591
328000396592
432005399593
302000392594
326005395595
232000398596
382005391597
324000394598
032005397599
832000939600
342005239601
320000539602
632005839603
322000139604
328005439605
432000739606
302005039607
326000339608
232005639609
232700739610
382200039611
324700339612
032200639613
362700939614
322200239615
832700539616
342200839617
320700139618
632200439619
632040539620
322090839621
328040139622
432090439623
302040739624
326090039625
232040339626
382090639627
324040939628
032090239629
032001339630
362006639631
322001939632
832006239633
342001539634
320006839635
632001139636
322006439637
328001739638
432006039639
432800139640
302300439641
326800739642
232300039643
382800339644
324300639645
032800939646
362300239647
322800539648
832300839649
832050939650
342000239651
320050539652
632000839653
322050139654
328000439655
432050739656
302000039657
326050339658
232000639659
232002739660
382007039661
324002339662
032007639663
362002939664
322007239665
832002539666
342007839667
320002139668
632007439669
632900539670
322400839671
328900139672
432400439673
302900739674
326400039675
232900339676
382400639677
324900939678
032400239679
032060339680
362010639681
322060939682
832010239683
342060539684
320010839685
632060139686
322010439687
328060739688
432010039689
432003139690
302008439691
326003739692
232008039693
382003339694
324008639695
032003939696
362008239697
322003539698
832008839699
632003309700
322008339701
328003369702
432008399703
302003329704
326008359705
232003389706
382008319707
324003349708
032008379709
032000389710
362500319711
322000349712
832500379713
342000309714
320500339715
632000369716
322500399717
328000329718
432500359719
432070369720
302020399721
326070329722
232020359723
382070389724
324020319725
032070349726
362020379727
322070309728
832020339729
832004349730
342009379731
320004309732
632009339733
322004369734
328009399735
432004329736
302009359737
326004389738
232009319739
232100329740
382600359741
324100389742
032600319743
362100349744
322600379745
832100309746
342600339747
320100369748
632600399749
632080309750
322030339751
328080369752
432030399753
302080329754
326030359755
232080389756
382030319757
324080349758
032030379759
032005389760
362000319761
322005349762
832000379763
342005309764
320000339765
632005369766
322000399767
328005329768
432000359769
432200369770
302700399771
326200329772
232700359773
382200389774
324700319775
032200349776
362700379777
322200309778
832700339779
832090349780
342040379781
320090309782
632040339783
322090369784
328040399785
432090329786
302040359787
326090389788
232040319789
232006329790
382001359791
324006389792
032001319793
362006349794
322001379795
832006309796
342001339797
320006369798
632001399799
432006391800
302001394801
326006397802
232001390803
382006393804
324001396805
032006399806
362001392807
322006395808
832001398809
832300399810
342800392811
320300395812
632800398813
322300391814
328800394815
432300397816
302800390817
326300393818
232800396819
232000397820
382050390821
324000393822
032050396823
362000399824
322050392825
832000395826
342050398827
320000391828
632050394829
632007395830
322002398831
328007391832
432002394833
302007397834
326002390835
232007393836
382002396837
324007399838
032002392839
032400393840
362900396841
322400399842
832900392843
342400395844
320900398845
632400391846
322900394847
328400397848
432900390849
432010391850
302060394851
326010397852
232060390853
382010393854
324060396855
032010399856
362060392857
322010395858
832060398859
832008399860
342003392861
320008395862
632003398863
322008391864
328003394865
432008397866
302003390867
326008393868
232003396869
232500397870
382000390871
324500393872
032000396873
362500399874
322000392875
832500395876
342000398877
320500391878
632000394879
632020395880
322070398881
328020391882
432070394883
302020397884
326070390885
232020393886
382070396887
324020399888
032070392889
032009393890
362004396891
322009399892
832004392893
342009395894
320004398895
632009391896
322004394897
328009397898
432004390899
232009239900
382004539901
324009839902
032004139903
362009439904
322004739905
832009039906
342004339907
320009639908
632004939909
632600039910
322100339911
328600639912
432100939913
302600239914
326100539915
232600839916
382100139917
324600439918
032100739919
032030839920
362080139921
322030439922
832080739923
342030039924
320080339925
632030639926
322080939927
328030239928
432080539929
432000639930
302005939931
326000239932
232005539933
382000839934
324005139935
032000439936
362005739937
322000039938
832005339939
832700439940
342200739941
320700039942
632200339943
322700639944
328200939945
432700239946
302200539947
326700839948
232200139949
232040239950
382090539951
324040839952
032090139953
362040439954
322090739955
832040039956
342090339957
320040639958
632090939959
632001039960
322006339961
328001639962
432006939963
302001239964
326006539965
232001839966
382006139967
324001439968
032006739969
032800839970
362300139971
322800439972
832300739973
342800039974
320300339975
632800639976
322300939977
328800239978
432300539979
432050639980
302000939981
326050239982
232000539983
382050839984
324000139985
032050439986
362000739987
322050039988
832000339989
832002439990
342007739991
320002039992
632007339993
322002639994
328007939995
432002239996
302007539997
326002839998
232007139999
732002340000