332003000001
329008300002
532003600003
312008900004
327003200005
332008500006
392003800007
325008100008
132003400009
132500500010
372000800011
323500100012
932000400013
352500700014
321000000015
732500300016
332000600017
329500900018
532000200019
532020300020
312070600021
327020900022
332070200023
392020500024
325070800025
132020100026
372070400027
323020700028
932070000029
932009100030
352004400031
321009700032
732004000033
332009300034
329004600035
532009900036
312004200037
327009500038
332004800039
332600900040
392100200041
325600500042
132100800043
372600100044
323100400045
932600700046
352100000047
321600300048
732100600049
732030700050
332080000051
329030300052
532080600053
312030900054
327080200055
332030500056
392080800057
325030100058
132080400059
132000500060
372005800061
323000100062
932005400063
352000700064
321005000065
732000300066
332005600067
329000900068
532005200069
532700300070
312200600071
327700900072
332200200073
392700500074
325200800075
132700100076
372200400077
323700700078
932200000079
932040100080
352090400081
321040700082
732090000083
332040300084
329090600085
532040900086
312090200087
327040500088
332090800089
332001900090
392006200091
325001500092
132006800093
372001100094
323006400095
932001700096
352006000097
321001300098
732006600099
532001080100
312006010101
327001040102
332006070103
392001000104
325006030105
132001060106
372006090107
323001020108
932006050109
932800060110
352300090111
321800020112
732300050113
332800080114
329300010115
532800040116
312300070117
327800000118
332300030119
332050040120
392000070121
325050000122
132000030123
372050060124
323000090125
932050020126
352000050127
321050080128
732000010129
732002020130
332007050131
329002080132
532007010133
312002040134
327007070135
332002000136
392007030137
325002060138
132007090139
132900000140
372400030141
323900060142
932400090143
352900020144
321400050145
732900080146
332400010147
329900040148
532400070149
532060080150
312010010151
327060040152
332010070153
392060000154
325010030155
132060060156
372010090157
323060020158
932010050159
932003060160
352008090161
321003020162
732008050163
332003080164
329008010165
532003040166
312008070167
327003000168
332008030169
332000040170
392500070171
325000000172
132500030173
372000060174
323500090175
932000020176
352500050177
321000080178
732500010179
732070020180
332020050181
329070080182
532020010183
312070040184
327020070185
332070000186
392020030187
325070060188
132020090189
132004000190
372009030191
323004060192
932009090193
352004020194
321009050195
732004080196
332009010197
329004040198
532009070199
332004009200
392009002201
325004005202
132009008203
372004001204
323009004205
932004007206
352009000207
321004003208
732009006209
732100007210
332600000211
329100003212
532600006213
312100009214
327600002215
332100005216
392600008217
325100001218
132600004219
132080005220
372030008221
323080001222
932030004223
352080007224
321030000225
732080003226
332030006227
329080009228
532030002229
532005003230
312000006231
327005009232
332000002233
392005005234
325000008235
132005001236
372000004237
323005007238
932000000239
932200001240
352700004241
321200007242
732700000243
332200003244
329700006245
532200009246
312700002247
327200005248
332700008249
332090009250
392040002251
325090005252
132040008253
372090001254
323040004255
932090007256
352040000257
321090003258
732040006259
732006007260
332001000261
329006003262
532001006263
312006009264
327001002265
332006005266
392001008267
325006001268
132001004269
132300005270
372800008271
323300001272
932800004273
352300007274
321800000275
732300003276
332800006277
329300009278
532800002279
532000003280
312050006281
327000009282
332050002283
392000005284
325050008285
132000001286
372050004287
323000007288
932050000289
932007001290
352002004291
321007007292
732002000293
332007003294
329002006295
532007009296
312002002297
327007005298
332002008299
132007000300
372002300301
323007600302
932002900303
352007200304
321002500305
732007800306
332002100307
329007400308
532002700309
532400800310
312900100311
327400400312
332900700313
392400000314
325900300315
132400600316
372900900317
323400200318
932900500319
932010600320
352060900321
321010200322
732060500323
332010800324
329060100325
532010400326
312060700327
327010000328
332060300329
332008400330
392003700331
325008000332
132003300333
372008600334
323003900335
932008200336
352003500337
321008800338
732003100339
732500200340
332000500341
329500800342
532000100343
312500400344
327000700345
332500000346
392000300347
325500600348
132000900349
132020000350
372070300351
323020600352
932070900353
352020200354
321070500355
732020800356
332070100357
329020400358
532070700359
532009800360
312004100361
327009400362
332004700363
392009000364
325004300365
132009600366
372004900367
323009200368
932004500369
932600600370
352100900371
321600200372
732100500373
332600800374
329100100375
532600400376
312100700377
327600000378
332100300379
332030400380
392080700381
325030000382
132080300383
372030600384
323080900385
932030200386
352080500387
321030800388
732080100389
732000200390
332005500391
329000800392
532005100393
312000400394
327005700395
332000000396
392005300397
325000600398
132005900399
932000010400
352005040401
321000070402
732005000403
332000030404
329005060405
532000090406
312005020407
327000050408
332005080409
332700090410
392200020411
325700050412
132200080413
372700010414
323200040415
932700070416
352200000417
321700030418
732200060419
732040070420
332090000421
329040030422
532090060423
312040090424
327090020425
332040050426
392090080427
325040010428
132090040429
132001050430
372006080431
323001010432
932006040433
352001070434
321006000435
732001030436
332006060437
329001090438
532006020439
532800030440
312300060441
327800090442
332300020443
392800050444
325300080445
132800010446
372300040447
323800070448
932300000449
932050010450
352000040451
321050070452
732000000453
332050030454
329000060455
532050090456
312000020457
327050050458
332000080459
332002090460
392007020461
325002050462
132007080463
372002010464
323007040465
932002070466
352007000467
321002030468
732007060469
732900070470
332400000471
329900030472
532400060473
312900090474
327400020475
332900050476
392400080477
325900010478
132400040479
132060050480
372010080481
323060010482
932010040483
352060070484
321010000485
732060030486
332010060487
329060090488
532010020489
532003030490
312008060491
327003090492
332008020493
392003050494
325008080495
132003010496
372008040497
323003070498
932008000499
732003002500
332008005501
329003008502
532008001503
312003004504
327008007505
332003000506
392008003507
325003006508
132008009509
132000000510
372500003511
323000006512
932500009513
352000002514
321500005515
732000008516
332500001517
329000004518
532500007519
532070008520
312020001521
327070004522
332020007523
392070000524
325020003525
132070006526
372020009527
323070002528
932020005529
932004006530
352009009531
321004002532
732009005533
332004008534
329009001535
532004004536
312009007537
327004000538
332009003539
332100004540
392600007541
325100000542
132600003543
372100006544
323600009545
932100002546
352600005547
321100008548
732600001549
732080002550
332030005551
329080008552
532030001553
312080004554
327030007555
332080000556
392030003557
325080006558
132030009559
132005000560
372000003561
323005006562
932000009563
352005002564
321000005565
732005008566
332000001567
329005004568
532000007569
532200008570
312700001571
327200004572
332700007573
392200000574
325700003575
132200006576
372700009577
323200002578
932700005579
932090006580
352040009581
321090002582
732040005583
332090008584
329040001585
532090004586
312040007587
327090000588
332040003589
332006004590
392001007591
325006000592
132001003593
372006006594
323001009595
932006002596
352001005597
321006008598
732001001599
532006300600
312001600601
327006900602
332001200603
392006500604
325001800605
132006100606
372001400607
323006700608
932001000609
932300100610
352800400611
321300700612
732800000613
332300300614
329800600615
532300900616
312800200617
327300500618
332800800619
332000900620
392050200621
325000500622
132050800623
372000100624
323050400625
932000700626
352050000627
321000300628
732050600629
732007700630
332002000631
329007300632
532002600633
312007900634
327002200635
332007500636
392002800637
325007100638
132002400639
132400500640
372900800641
323400100642
932900400643
352400700644
321900000645
732400300646
332900600647
329400900648
532900200649
532010300650
312060600651
327010900652
332060200653
392010500654
325060800655
132010100656
372060400657
323010700658
932060000659
932008100660
352003400661
321008700662
732003000663
332008300664
329003600665
532008900666
312003200667
327008500668
332003800669
332500900670
392000200671
325500500672
132000800673
372500100674
323000400675
932500700676
352000000677
321500300678
732000600679
732020700680
332070000681
329020300682
532070600683
312020900684
327070200685
332020500686
392070800687
325020100688
132070400689
132009500690
372004800691
323009100692
932004400693
352009700694
321004000695
732009300696
332004600697
329009900698
532004200699
332009040700
392004070701
325009000702
132004030703
372009060704
323004090705
932009020706
352004050707
321009080708
732004010709
732600020710
332100050711
329600080712
532100010713
312600040714
327100070715
332600000716
392100030717
325600060718
132100090719
132030000720
372080030721
323030060722
932080090723
352030020724
321080050725
732030080726
332080010727
329030040728
532080070729
532000080730
312005010731
327000040732
332005070733
392000000734
325005030735
132000060736
372005090737
323000020738
932005050739
932700060740
352200090741
321700020742
732200050743
332700080744
329200010745
532700040746
312200070747
327700000748
332200030749
332040040750
392090070751
325040000752
132090030753
372040060754
323090090755
932040020756
352090050757
321040080758
732090010759
732001020760
332006050761
329001080762
532006010763
312001040764
327006070765
332001000766
392006030767
325001060768
132006090769
132800000770
372300030771
323800060772
932300090773
352800020774
321300050775
732800080776
332300010777
329800040778
532300070779
532050080780
312000010781
327050040782
332000070783
392050000784
325000030785
132050060786
372000090787
323050020788
932000050789
932002060790
352007090791
321002020792
732007050793
332002080794
329007010795
532002040796
312007070797
327002000798
332007030799
132002005800
372007008801
323002001802
932007004803
352002007804
321007000805
732002003806
332007006807
329002009808
532007002809
532900003810
312400006811
327900009812
332400002813
392900005814
325400008815
132900001816
372400004817
323900007818
932400000819
932060001820
352010004821
321060007822
732010000823
332060003824
329010006825
532060009826
312010002827
327060005828
332010008829
332003009830
392008002831
325003005832
132008008833
372003001834
323008004835
932003007836
352008000837
321003003838
732008006839
732000007840
332500000841
329000003842
532500006843
312000009844
327500002845
332000005846
392500008847
325000001848
132500004849
132070005850
372020008851
323070001852
932020004853
352070007854
321020000855
732070003856
332020006857
329070009858
532020002859
532004003860
312009006861
327004009862
332009002863
392004005864
325009008865
132004001866
372009004867
323004007868
932009000869
932100001870
352600004871
321100007872
732600000873
332100003874
329600006875
532100009876
312600002877
327100005878
332600008879
332080009880
392030002881
325080005882
132030008883
372080001884
323030004885
932080007886
352030000887
321080003888
732030006889
732005007890
332000000891
329005003892
532000006893
312005009894
327000002895
332005005896
392000008897
325005001898
132000004899
932005600900
352000900901
321005200902
732000500903
332005800904
329000100905
532005400906
312000700907
327005000908
332000300909
332200400910
392700700911
325200000912
132700300913
372200600914
323700900915
932200200916
352700500917
321200800918
732700100919
732090200920
332040500921
329090800922
532040100923
312090400924
327040700925
332090000926
392040300927
325090600928
132040900929
132006000930
372001300931
323006600932
932001900933
352006200934
321001500935
732006800936
332001100937
329006400938
532001700939
532300800940
312800100941
327300400942
332800700943
392300000944
325800300945
132300600946
372800900947
323300200948
932800500949
932000600950
352050900951
321000200952
732050500953
332000800954
329050100955
532000400956
312050700957
327000000958
332050300959
332007400960
392002700961
325007000962
132002300963
372007600964
323002900965
932007200966
352002500967
321007800968
732002100969
732400200970
332900500971
329400800972
532900100973
312400400974
327900700975
332400000976
392900300977
325400600978
132900900979
132010000980
372060300981
323010600982
932060900983
352010200984
321060500985
732010800986
332060100987
329010400988
532060700989
532008800990
312003100991
327008400992
332003700993
392008000994
325003300995
132008600996
372003900997
323008200998
932003500999
932007301000
352002601001
321007901002
732002201003
332007501004
329002801005
532007101006
312002401007
327007701008
332002001009
332400101010
392900401011
325400701012
132900001013
372400301014
323900601015
932400901016
352900201017
321400501018
732900801019
732010901020
332060201021
329010501022
532060801023
312010101024
327060401025
332010701026
392060001027
325010301028
132060601029
132008701030
372003001031
323008301032
932003601033
352008901034
321003201035
732008501036
332003801037
329008101038
532003401039
532500501040
312000801041
327500101042
332000401043
392500701044
325000001045
132500301046
372000601047
323500901048
932000201049
932020301050
352070601051
321020901052
732070201053
332020501054
329070801055
532020101056
312070401057
327020701058
332070001059
332009101060
392004401061
325009701062
132004001063
372009301064
323004601065
932009901066
352004201067
321009501068
732004801069
732600901070
332100201071
329600501072
532100801073
312600101074
327100401075
332600701076
392100001077
325600301078
132100601079
132030701080
372080001081
323030301082
932080601083
352030901084
321080201085
732030501086
332080801087
329030101088
532080401089
532000501090
312005801091
327000101092
332005401093
392000701094
325005001095
132000301096
372005601097
323000901098
932005201099
732000041100
332005071101
329000001102
532005031103
312000061104
327005091105
332000021106
392005051107
325000081108
132005011109
132700021110
372200051111
323700081112
932200011113
352700041114
321200071115
732700001116
332200031117
329700061118
532200091119
532040001120
312090031121
327040061122
332090091123
392040021124
325090051125
132040081126
372090011127
323040041128
932090071129
932001081130
352006011131
321001041132
732006071133
332001001134
329006031135
532001061136
312006091137
327001021138
332006051139
332800061140
392300091141
325800021142
132300051143
372800081144
323300011145
932800041146
352300071147
321800001148
732300031149
732050041150
332000071151
329050001152
532000031153
312050061154
327000091155
332050021156
392000051157
325050081158
132000011159
132002021160
372007051161
323002081162
932007011163
352002041164
321007071165
732002001166
332007031167
329002061168
532007091169
532900001170
312400031171
327900061172
332400091173
392900021174
325400051175
132900081176
372400011177
323900041178
932400071179
932060081180
352010011181
321060041182
732010071183
332060001184
329010031185
532060061186
312010091187
327060021188
332010051189
332003061190
392008091191
325003021192
132008051193
372003081194
323008011195
932003041196
352008071197
321003001198
732008031199
532003015200
312008018201
327003011202
332008014203
392003017204
325008010205
132003013206
372008016207
323003019208
932008012209
932000013210
352500016211
321000019212
732500012213
332000015214
329500018215
532000011216
312500014217
327000017218
332500010219
332070011220
392020014221
325070017222
132020010223
372070013224
323020016225
932070019226
352020012227
321070015228
732020018229
732004019230
332009012231
329004015232
532009018233
312004011234
327009014235
332004017236
392009010237
325004013238
132009016239
132100017240
372600010241
323100013242
932600016243
352100019244
321600012245
732100015246
332600018247
329100011248
532600014249
532080015250
312030018251
327080011252
332030014253
392080017254
325030010255
132080013256
372030016257
323080019258
932030012259
932005013260
352000016261
321005019262
732000012263
332005015264
329000018265
532005011266
312000014267
327005017268
332000010269
332200011270
392700014271
325200017272
132700010273
372200013274
323700016275
932200019276
352700012277
321200015278
732700018279
732090019280
332040012281
329090015282
532040018283
312090011284
327040014285
332090017286
392040010287
325090013288
132040016289
132006017290
372001010291
323006013292
932001016293
352006019294
321001012295
732006015296
332001018297
329006011298
532001014299
332006601300
392001901301
325006201302
132001501303
372006801304
323001101305
932006401306
352001701307
321006001308
732001301309
732300401310
332800701311
329300001312
532800301313
312300601314
327800901315
332300201316
392800501317
325300801318
132800101319
132000201320
372050501321
323000801322
932050101323
352000401324
321050701325
732000001326
332050301327
329000601328
532050901329
532007001330
312002301331
327007601332
332002901333
392007201334
325002501335
132007801336
372002101337
323007401338
932002701339
932400801340
352900101341
321400401342
732900701343
332400001344
329900301345
532400601346
312900901347
327400201348
332900501349
332010601350
392060901351
325010201352
132060501353
372010801354
323060101355
932010401356
352060701357
321010001358
732060301359
732008401360
332003701361
329008001362
532003301363
312008601364
327003901365
332008201366
392003501367
325008801368
132003101369
132500201370
372000501371
323500801372
932000101373
352500401374
321000701375
732500001376
332000301377
329500601378
532000901379
532020001380
312070301381
327020601382
332070901383
392020201384
325070501385
132020801386
372070101387
323020401388
932070701389
932009801390
352004101391
321009401392
732004701393
332009001394
329004301395
532009601396
312004901397
327009201398
332004501399
132009071400
372004001401
323009031402
932004061403
352009091404
321004021405
732009051406
332004081407
329009011408
532004041409
532600051410
312100081411
327600011412
332100041413
392600071414
325100001415
132600031416
372100061417
323600091418
932100021419
932030031420
352080061421
321030091422
732080021423
332030051424
329080081425
532030011426
312080041427
327030071428
332080001429
332000011430
392005041431
325000071432
132005001433
372000031434
323005061435
932000091436
352005021437
321000051438
732005081439
732700091440
332200021441
329700051442
532200081443
312700011444
327200041445
332700071446
392200001447
325700031448
132200061449
132040071450
372090001451
323040031452
932090061453
352040091454
321090021455
732040051456
332090081457
329040011458
532090041459
532001051460
312006081461
327001011462
332006041463
392001071464
325006001465
132001031466
372006061467
323001091468
932006021469
932800031470
352300061471
321800091472
732300021473
332800051474
329300081475
532800011476
312300041477
327800071478
332300001479
332050011480
392000041481
325050071482
132000001483
372050031484
323000061485
932050091486
352000021487
321050051488
732000081489
732002091490
332007021491
329002051492
532007081493
312002011494
327007041495
332002071496
392007001497
325002031498
132007061499
932002018500
352007011501
321002014502
732007017503
332002010504
329007013505
532002016506
312007019507
327002012508
332007015509
332900016510
392400019511
325900012512
132400015513
372900018514
323400011515
932900014516
352400017517
321900010518
732400013519
732060014520
332010017521
329060010522
532010013523
312060016524
327010019525
332060012526
392010015527
325060018528
132010011529
132003012530
372008015531
323003018532
932008011533
352003014534
321008017535
732003010536
332008013537
329003016538
532008019539
532000010540
312500013541
327000016542
332500019543
392000012544
325500015545
132000018546
372500011547
323000014548
932500017549
932070018550
352020011551
321070014552
732020017553
332070010554
329020013555
532070016556
312020019557
327070012558
332020015559
332004016560
392009019561
325004012562
132009015563
372004018564
323009011565
932004014566
352009017567
321004010568
732009013569
732100014570
332600017571
329100010572
532600013573
312100016574
327600019575
332100012576
392600015577
325100018578
132600011579
132080012580
372030015581
323080018582
932030011583
352080014584
321030017585
732080010586
332030013587
329080016588
532030019589
532005010590
312000013591
327005016592
332000019593
392005012594
325000015595
132005018596
372000011597
323005014598
932000017599
732005901600
332000201601
329005501602
532000801603
312005101604
327000401605
332005701606
392000001607
325005301608
132000601609
132200701610
372700001611
323200301612
932700601613
352200901614
321700201615
732200501616
332700801617
329200101618
532700401619
532090501620
312040801621
327090101622
332040401623
392090701624
325040001625
132090301626
372040601627
323090901628
932040201629
932006301630
352001601631
321006901632
732001201633
332006501634
329001801635
532006101636
312001401637
327006701638
332001001639
332300101640
392800401641
325300701642
132800001643
372300301644
323800601645
932300901646
352800201647
321300501648
732800801649
732000901650
332050201651
329000501652
532050801653
312000101654
327050401655
332000701656
392050001657
325000301658
132050601659
132007701660
372002001661
323007301662
932002601663
352007901664
321002201665
732007501666
332002801667
329007101668
532002401669
532400501670
312900801671
327400101672
332900401673
392400701674
325900001675
132400301676
372900601677
323400901678
932900201679
932010301680
352060601681
321010901682
732060201683
332010501684
329060801685
532010101686
312060401687
327010701688
332060001689
332008101690
392003401691
325008701692
132003001693
372008301694
323003601695
932008901696
352003201697
321008501698
732003801699
532008001700
312003031701
327008061702
332003091703
392008021704
325003051705
132008081706
372003011707
323008041708
932003071709
932500081710
352000011711
321500041712
732000071713
332500001714
329000031715
532500061716
312000091717
327500021718
332000051719
332020061720
392070091721
325020021722
132070051723
372020081724
323070011725
932020041726
352070071727
321020001728
732070031729
732009041730
332004071731
329009001732
532004031733
312009061734
327004091735
332009021736
392004051737
325009081738
132004011739
132600021740
372100051741
323600081742
932100011743
352600041744
321100071745
732600001746
332100031747
329600061748
532100091749
532030001750
312080031751
327030061752
332080091753
392030021754
325080051755
132030081756
372080011757
323030041758
932080071759
932000081760
352005011761
321000041762
732005071763
332000001764
329005031765
532000061766
312005091767
327000021768
332005051769
332700061770
392200091771
325700021772
132200051773
372700081774
323200011775
932700041776
352200071777
321700001778
732200031779
732040041780
332090071781
329040001782
532090031783
312040061784
327090091785
332040021786
392090051787
325040081788
132090011789
132001021790
372006051791
323001081792
932006011793
352001041794
321006071795
732001001796
332006031797
329001061798
532006091799
332001011800
392006014801
325001017802
132006010803
372001013804
323006016805
932001019806
352006012807
321001015808
732006018809
732800019810
332300012811
329800015812
532300018813
312800011814
327300014815
332800017816
392300010817
325800013818
132300016819
132050017820
372000010821
323050013822
932000016823
352050019824
321000012825
732050015826
332000018827
329050011828
532000014829
532002015830
312007018831
327002011832
332007014833
392002017834
325007010835
132002013836
372007016837
323002019838
932007012839
932900013840
352400016841
321900019842
732400012843
332900015844
329400018845
532900011846
312400014847
327900017848
332400010849
332060011850
392010014851
325060017852
132010010853
372060013854
323010016855
932060019856
352010012857
321060015858
732010018859
732003019860
332008012861
329003015862
532008018863
312003011864
327008014865
332003017866
392008010867
325003013868
132008016869
132000017870
372500010871
323000013872
932500016873
352000019874
321500012875
732000015876
332500018877
329000011878
532500014879
532070015880
312020018881
327070011882
332020014883
392070017884
325020010885
132070013886
372020016887
323070019888
932020012889
932004013890
352009016891
321004019892
732009012893
332004015894
329009018895
532004011896
312009014897
327004017898
332009010899
132004201900
372009501901
323004801902
932009101903
352004401904
321009701905
732004001906
332009301907
329004601908
532009901909
532100001910
312600301911
327100601912
332600901913
392100201914
325600501915
132100801916
372600101917
323100401918
932600701919
932080801920
352030101921
321080401922
732030701923
332080001924
329030301925
532080601926
312030901927
327080201928
332030501929
332005601930
392000901931
325005201932
132000501933
372005801934
323000101935
932005401936
352000701937
321005001938
732000301939
732200401940
332700701941
329200001942
532700301943
312200601944
327700901945
332200201946
392700501947
325200801948
132700101949
132090201950
372040501951
323090801952
932040101953
352090401954
321040701955
732090001956
332040301957
329090601958
532040901959
532006001960
312001301961
327006601962
332001901963
392006201964
325001501965
132006801966
372001101967
323006401968
932001701969
932300801970
352800101971
321300401972
732800701973
332300001974
329800301975
532300601976
312800901977
327300201978
332800501979
332000601980
392050901981
325000201982
132050501983
372000801984
323050101985
932000401986
352050701987
321000001988
732050301989
732007401990
332002701991
329007001992
532002301993
312007601994
327002901995
332007201996
392002501997
325007801998
132002101999
132006902000
372001202001
323006502002
932001802003
352006102004
321001402005
732006702006
332001002007
329006302008
532001602009
532300702010
312800002011
327300302012
332800602013
392300902014
325800202015
132300502016
372800802017
323300102018
932800402019
932000502020
352050802021
321000102022
732050402023
332000702024
329050002025
532000302026
312050602027
327000902028
332050202029
332007302030
392002602031
325007902032
132002202033
372007502034
323002802035
932007102036
352002402037
321007702038
732002002039
732400102040
332900402041
329400702042
532900002043
312400302044
327900602045
332400902046
392900202047
325400502048
132900802049
132010902050
372060202051
323010502052
932060802053
352010102054
321060402055
732010702056
332060002057
329010302058
532060602059
532008702060
312003002061
327008302062
332003602063
392008902064
325003202065
132008502066
372003802067
323008102068
932003402069
932500502070
352000802071
321500102072
732000402073
332500702074
329000002075
532500302076
312000602077
327500902078
332000202079
332020302080
392070602081
325020902082
132070202083
372020502084
323070802085
932020102086
352070402087
321020702088
732070002089
732009102090
332004402091
329009702092
532004002093
312009302094
327004602095
332009902096
392004202097
325009502098
132004802099
932009002100
352004032101
321009062102
732004092103
332009022104
329004052105
532009082106
312004012107
327009042108
332004072109
332600082110
392100012111
325600042112
132100072113
372600002114
323100032115
932600062116
352100092117
321600022118
732100052119
732030062120
332080092121
329030022122
532080052123
312030082124
327080012125
332030042126
392080072127
325030002128
132080032129
132000042130
372005072131
323000002132
932005032133
352000062134
321005092135
732000022136
332005052137
329000082138
532005012139
532700022140
312200052141
327700082142
332200012143
392700042144
325200072145
132700002146
372200032147
323700062148
932200092149
932040002150
352090032151
321040062152
732090092153
332040022154
329090052155
532040082156
312090012157
327040042158
332090072159
332001082160
392006012161
325001042162
132006072163
372001002164
323006032165
932001062166
352006092167
321001022168
732006052169
732800062170
332300092171
329800022172
532300052173
312800082174
327300012175
332800042176
392300072177
325800002178
132300032179
132050042180
372000072181
323050002182
932000032183
352050062184
321000092185
732050022186
332000052187
329050082188
532000012189
532002022190
312007052191
327002082192
332007012193
392002042194
325007072195
132002002196
372007032197
323002062198
932007092199
732002021200
332007024201
329002027202
532007020203
312002023204
327007026205
332002029206
392007022207
325002025208
132007028209
132900029210
372400022211
323900025212
932400028213
352900021214
321400024215
732900027216
332400020217
329900023218
532400026219
532060027220
312010020221
327060023222
332010026223
392060029224
325010022225
132060025226
372010028227
323060021228
932010024229
932003025230
352008028231
321003021232
732008024233
332003027234
329008020235
532003023236
312008026237
327003029238
332008022239
332000023240
392500026241
325000029242
132500022243
372000025244
323500028245
932000021246
352500024247
321000027248
732500020249
732070021250
332020024251
329070027252
532020020253
312070023254
327020026255
332070029256
392020022257
325070025258
132020028259
132004029260
372009022261
323004025262
932009028263
352004021264
321009024265
732004027266
332009020267
329004023268
532009026269
532100027270
312600020271
327100023272
332600026273
392100029274
325600022275
132100025276
372600028277
323100021278
932600024279
932080025280
352030028281
321080021282
732030024283
332080027284
329030020285
532080023286
312030026287
327080029288
332030022289
332005023290
392000026291
325005029292
132000022293
372005025294
323000028295
932005021296
352000024297
321005027298
732000020299
532005202300
312000502301
327005802302
332000102303
392005402304
325000702305
132005002306
372000302307
323005602308
932000902309
932200002310
352700302311
321200602312
732700902313
332200202314
329700502315
532200802316
312700102317
327200402318
332700702319
332090802320
392040102321
325090402322
132040702323
372090002324
323040302325
932090602326
352040902327
321090202328
732040502329
732006602330
332001902331
329006202332
532001502333
312006802334
327001102335
332006402336
392001702337
325006002338
132001302339
132300402340
372800702341
323300002342
932800302343
352300602344
321800902345
732300202346
332800502347
329300802348
532800102349
532000202350
312050502351
327000802352
332050102353
392000402354
325050702355
132000002356
372050302357
323000602358
932050902359
932007002360
352002302361
321007602362
732002902363
332007202364
329002502365
532007802366
312002102367
327007402368
332002702369
332400802370
392900102371
325400402372
132900702373
372400002374
323900302375
932400602376
352900902377
321400202378
732900502379
732010602380
332060902381
329010202382
532060502383
312010802384
327060102385
332010402386
392060702387
325010002388
132060302389
132008402390
372003702391
323008002392
932003302393
352008602394
321003902395
732008202396
332003502397
329008802398
532003102399
332008032400
392003062401
325008092402
132003022403
372008052404
323003082405
932008012406
352003042407
321008072408
732003002409
732500012410
332000042411
329500072412
532000002413
312500032414
327000062415
332500092416
392000022417
325500052418
132000082419
132020092420
372070022421
323020052422
932070082423
352020012424
321070042425
732020072426
332070002427
329020032428
532070062429
532009072430
312004002431
327009032432
332004062433
392009092434
325004022435
132009052436
372004082437
323009012438
932004042439
932600052440
352100082441
321600012442
732100042443
332600072444
329100002445
532600032446
312100062447
327600092448
332100022449
332030032450
392080062451
325030092452
132080022453
372030052454
323080082455
932030012456
352080042457
321030072458
732080002459
732000012460
332005042461
329000072462
532005002463
312000032464
327005062465
332000092466
392005022467
325000052468
132005082469
132700092470
372200022471
323700052472
932200082473
352700012474
321200042475
732700072476
332200002477
329700032478
532200062479
532040072480
312090002481
327040032482
332090062483
392040092484
325090022485
132040052486
372090082487
323040012488
932090042489
932001052490
352006082491
321001012492
732006042493
332001072494
329006002495
532001032496
312006062497
327001092498
332006022499
132001024500
372006027501
323001020502
932006023503
352001026504
321006029505
732001022506
332006025507
329001028508
532006021509
532800022510
312300025511
327800028512
332300021513
392800024514
325300027515
132800020516
372300023517
323800026518
932300029519
932050020520
352000023521
321050026522
732000029523
332050022524
329000025525
532050028526
312000021527
327050024528
332000027529
332002028530
392007021531
325002024532
132007027533
372002020534
323007023535
932002026536
352007029537
321002022538
732007025539
732900026540
332400029541
329900022542
532400025543
312900028544
327400021545
332900024546
392400027547
325900020548
132400023549
132060024550
372010027551
323060020552
932010023553
352060026554
321010029555
732060022556
332010025557
329060028558
532010021559
532003022560
312008025561
327003028562
332008021563
392003024564
325008027565
132003020566
372008023567
323003026568
932008029569
932000020570
352500023571
321000026572
732500029573
332000022574
329500025575
532000028576
312500021577
327000024578
332500027579
332070028580
392020021581
325070024582
132020027583
372070020584
323020023585
932070026586
352020029587
321070022588
732020025589
732004026590
332009029591
329004022592
532009025593
312004028594
327009021595
332004024596
392009027597
325004020598
132009023599
932004502600
352009802601
321004102602
732009402603
332004702604
329009002605
532004302606
312009602607
327004902608
332009202609
332100302610
392600602611
325100902612
132600202613
372100502614
323600802615
932100102616
352600402617
321100702618
732600002619
732080102620
332030402621
329080702622
532030002623
312080302624
327030602625
332080902626
392030202627
325080502628
132030802629
132005902630
372000202631
323005502632
932000802633
352005102634
321000402635
732005702636
332000002637
329005302638
532000602639
532200702640
312700002641
327200302642
332700602643
392200902644
325700202645
132200502646
372700802647
323200102648
932700402649
932090502650
352040802651
321090102652
732040402653
332090702654
329040002655
532090302656
312040602657
327090902658
332040202659
332006302660
392001602661
325006902662
132001202663
372006502664
323001802665
932006102666
352001402667
321006702668
732001002669
732300102670
332800402671
329300702672
532800002673
312300302674
327800602675
332300902676
392800202677
325300502678
132800802679
132000902680
372050202681
323000502682
932050802683
352000102684
321050402685
732000702686
332050002687
329000302688
532050602689
532007702690
312002002691
327007302692
332002602693
392007902694
325002202695
132007502696
372002802697
323007102698
932002402699
732007062700
332002092701
329007022702
532002052703
312007082704
327002012705
332007042706
392002072707
325007002708
132002032709
132400042710
372900072711
323400002712
932900032713
352400062714
321900092715
732400022716
332900052717
329400082718
532900012719
532010022720
312060052721
327010082722
332060012723
392010042724
325060072725
132010002726
372060032727
323010062728
932060092729
932008002730
352003032731
321008062732
732003092733
332008022734
329003052735
532008082736
312003012737
327008042738
332003072739
332500082740
392000012741
325500042742
132000072743
372500002744
323000032745
932500062746
352000092747
321500022748
732000052749
732020062750
332070092751
329020022752
532070052753
312020082754
327070012755
332020042756
392070072757
325020002758
132070032759
132009042760
372004072761
323009002762
932004032763
352009062764
321004092765
732009022766
332004052767
329009082768
532004012769
532600022770
312100052771
327600082772
332100012773
392600042774
325100072775
132600002776
372100032777
323600062778
932100092779
932030002780
352080032781
321030062782
732080092783
332030022784
329080052785
532030082786
312080012787
327030042788
332080072789
332000082790
392005012791
325000042792
132005072793
372000002794
323005032795
932000062796
352005092797
321000022798
732005052799
532000027800
312005020801
327000023802
332005026803
392000029804
325005022805
132000025806
372005028807
323000021808
932005024809
932700025810
352200028811
321700021812
732200024813
332700027814
329200020815
532700023816
312200026817
327700029818
332200022819
332040023820
392090026821
325040029822
132090022823
372040025824
323090028825
932040021826
352090024827
321040027828
732090020829
732001021830
332006024831
329001027832
532006020833
312001023834
327006026835
332001029836
392006022837
325001025838
132006028839
132800029840
372300022841
323800025842
932300028843
352800021844
321300024845
732800027846
332300020847
329800023848
532300026849
532050027850
312000020851
327050023852
332000026853
392050029854
325000022855
132050025856
372000028857
323050021858
932000024859
932002025860
352007028861
321002021862
732007024863
332002027864
329007020865
532002023866
312007026867
327002029868
332007022869
332900023870
392400026871
325900029872
132400022873
372900025874
323400028875
932900021876
352400024877
321900027878
732400020879
732060021880
332010024881
329060027882
532010020883
312060023884
327010026885
332060029886
392010022887
325060025888
132010028889
132003029890
372008022891
323003025892
932008028893
352003021894
321008024895
732003027896
332008020897
329003023898
532008026899
332003802900
392008102901
325003402902
132008702903
372003002904
323008302905
932003602906
352008902907
321003202908
732008502909
732000602910
332500902911
329000202912
532500502913
312000802914
327500102915
332000402916
392500702917
325000002918
132500302919
132070402920
372020702921
323070002922
932020302923
352070602924
321020902925
732070202926
332020502927
329070802928
532020102929
532004202930
312009502931
327004802932
332009102933
392004402934
325009702935
132004002936
372009302937
323004602938
932009902939
932100002940
352600302941
321100602942
732600902943
332100202944
329600502945
532100802946
312600102947
327100402948
332600702949
332080802950
392030102951
325080402952
132030702953
372080002954
323030302955
932080602956
352030902957
321080202958
732030502959
732005602960
332000902961
329005202962
532000502963
312005802964
327000102965
332005402966
392000702967
325005002968
132000302969
132200402970
372700702971
323200002972
932700302973
352200602974
321700902975
732200202976
332700502977
329200802978
532700102979
532090202980
312040502981
327090802982
332040102983
392090402984
325040702985
132090002986
372040302987
323090602988
932040902989
932006002990
352001302991
321006602992
732001902993
332006202994
329001502995
532006802996
312001102997
327006402998
332001702999
332005503000
392000803001
325005103002
132000403003
372005703004
323000003005
932005303006
352000603007
321005903008
732000203009
732200303010
332700603011
329200903012
532700203013
312200503014
327700803015
332200103016
392700403017
325200703018
132700003019
132090103020
372040403021
323090703022
932040003023
352090303024
321040603025
732090903026
332040203027
329090503028
532040803029
532006903030
312001203031
327006503032
332001803033
392006103034
325001403035
132006703036
372001003037
323006303038
932001603039
932300703040
352800003041
321300303042
732800603043
332300903044
329800203045
532300503046
312800803047
327300103048
332800403049
332000503050
392050803051
325000103052
132050403053
372000703054
323050003055
932000303056
352050603057
321000903058
732050203059
732007303060
332002603061
329007903062
532002203063
312007503064
327002803065
332007103066
392002403067
325007703068
132002003069
132400103070
372900403071
323400703072
932900003073
352400303074
321900603075
732400903076
332900203077
329400503078
532900803079
532010903080
312060203081
327010503082
332060803083
392010103084
325060403085
132010703086
372060003087
323010303088
932060603089
932008703090
352003003091
321008303092
732003603093
332008903094
329003203095
532008503096
312003803097
327008103098
332003403099
132008063100
372003093101
323008023102
932003053103
352008083104
321003013105
732008043106
332003073107
329008003108
532003033109
532500043110
312000073111
327500003112
332000033113
392500063114
325000093115
132500023116
372000053117
323500083118
932000013119
932020023120
352070053121
321020083122
732070013123
332020043124
329070073125
532020003126
312070033127
327020063128
332070093129
332009003130
392004033131
325009063132
132004093133
372009023134
323004053135
932009083136
352004013137
321009043138
732004073139
732600083140
332100013141
329600043142
532100073143
312600003144
327100033145
332600063146
392100093147
325600023148
132100053149
132030063150
372080093151
323030023152
932080053153
352030083154
321080013155
732030043156
332080073157
329030003158
532080033159
532000043160
312005073161
327000003162
332005033163
392000063164
325005093165
132000023166
372005053167
323000083168
932005013169
932700023170
352200053171
321700083172
732200013173
332700043174
329200073175
532700003176
312200033177
327700063178
332200093179
332040003180
392090033181
325040063182
132090093183
372040023184
323090053185
932040083186
352090013187
321040043188
732090073189
732001083190
332006013191
329001043192
532006073193
312001003194
327006033195
332001063196
392006093197
325001023198
132006053199
932001037200
352006030201
321001033202
732006036203
332001039204
329006032205
532001035206
312006038207
327001031208
332006034209
332800035210
392300038211
325800031212
132300034213
372800037214
323300030215
932800033216
352300036217
321800039218
732300032219
732050033220
332000036221
329050039222
532000032223
312050035224
327000038225
332050031226
392000034227
325050037228
132000030229
132002031230
372007034231
323002037232
932007030233
352002033234
321007036235
732002039236
332007032237
329002035238
532007038239
532900039240
312400032241
327900035242
332400038243
392900031244
325400034245
132900037246
372400030247
323900033248
932400036249
932060037250
352010030251
321060033252
732010036253
332060039254
329010032255
532060035256
312010038257
327060031258
332010034259
332003035260
392008038261
325003031262
132008034263
372003037264
323008030265
932003033266
352008036267
321003039268
732008032269
732000033270
332500036271
329000039272
532500032273
312000035274
327500038275
332000031276
392500034277
325000037278
132500030279
132070031280
372020034281
323070037282
932020030283
352070033284
321020036285
732070039286
332020032287
329070035288
532020038289
532004039290
312009032291
327004035292
332009038293
392004031294
325009034295
132004037296
372009030297
323004033298
932009036299
732004803300
332009103301
329004403302
532009703303
312004003304
327009303305
332004603306
392009903307
325004203308
132009503309
132100603310
372600903311
323100203312
932600503313
352100803314
321600103315
732100403316
332600703317
329100003318
532600303319
532080403320
312030703321
327080003322
332030303323
392080603324
325030903325
132080203326
372030503327
323080803328
932030103329
932005203330
352000503331
321005803332
732000103333
332005403334
329000703335
532005003336
312000303337
327005603338
332000903339
332200003340
392700303341
325200603342
132700903343
372200203344
323700503345
932200803346
352700103347
321200403348
732700703349
732090803350
332040103351
329090403352
532040703353
312090003354
327040303355
332090603356
392040903357
325090203358
132040503359
132006603360
372001903361
323006203362
932001503363
352006803364
321001103365
732006403366
332001703367
329006003368
532001303369
532300403370
312800703371
327300003372
332800303373
392300603374
325800903375
132300203376
372800503377
323300803378
932800103379
932000203380
352050503381
321000803382
732050103383
332000403384
329050703385
532000003386
312050303387
327000603388
332050903389
332007003390
392002303391
325007603392
132002903393
372007203394
323002503395
932007803396
352002103397
321007403398
732002703399
532007093400
312002023401
327007053402
332002083403
392007013404
325002043405
132007073406
372002003407
323007033408
932002063409
932400073410
352900003411
321400033412
732900063413
332400093414
329900023415
532400053416
312900083417
327400013418
332900043419
332010053420
392060083421
325010013422
132060043423
372010073424
323060003425
932010033426
352060063427
321010093428
732060023429
732008033430
332003063431
329008093432
532003023433
312008053434
327003083435
332008013436
392003043437
325008073438
132003003439
132500013440
372000043441
323500073442
932000003443
352500033444
321000063445
732500093446
332000023447
329500053448
532000083449
532020093450
312070023451
327020053452
332070083453
392020013454
325070043455
132020073456
372070003457
323020033458
932070063459
932009073460
352004003461
321009033462
732004063463
332009093464
329004023465
532009053466
312004083467
327009013468
332004043469
332600053470
392100083471
325600013472
132100043473
372600073474
323100003475
932600033476
352100063477
321600093478
732100023479
732030033480
332080063481
329030093482
532080023483
312030053484
327080083485
332030013486
392080043487
325030073488
132080003489
132000013490
372005043491
323000073492
932005003493
352000033494
321005063495
732000093496
332005023497
329000053498
532005083499
332000030500
392005033501
325000036502
132005039503
372000032504
323005035505
932000038506
352005031507
321000034508
732005037509
732700038510
332200031511
329700034512
532200037513
312700030514
327200033515
332700036516
392200039517
325700032518
132200035519
132040036520
372090039521
323040032522
932090035523
352040038524
321090031525
732040034526
332090037527
329040030528
532090033529
532001034530
312006037531
327001030532
332006033533
392001036534
325006039535
132001032536
372006035537
323001038538
932006031539
932800032540
352300035541
321800038542
732300031543
332800034544
329300037545
532800030546
312300033547
327800036548
332300039549
332050030550
392000033551
325050036552
132000039553
372050032554
323000035555
932050038556
352000031557
321050034558
732000037559
732002038560
332007031561
329002034562
532007037563
312002030564
327007033565
332002036566
392007039567
325002032568
132007035569
132900036570
372400039571
323900032572
932400035573
352900038574
321400031575
732900034576
332400037577
329900030578
532400033579
532060034580
312010037581
327060030582
332010033583
392060036584
325010039585
132060032586
372010035587
323060038588
932010031589
932003032590
352008035591
321003038592
732008031593
332003034594
329008037595
532003030596
312008033597
327003036598
332008039599
132003103600
372008403601
323003703602
932008003603
352003303604
321008603605
732003903606
332008203607
329003503608
532008803609
532000903610
312500203611
327000503612
332500803613
392000103614
325500403615
132000703616
372500003617
323000303618
932500603619
932070703620
352020003621
321070303622
732020603623
332070903624
329020203625
532070503626
312020803627
327070103628
332020403629
332004503630
392009803631
325004103632
132009403633
372004703634
323009003635
932004303636
352009603637
321004903638
732009203639
732100303640
332600603641
329100903642
532600203643
312100503644
327600803645
332100103646
392600403647
325100703648
132600003649
132080103650
372030403651
323080703652
932030003653
352080303654
321030603655
732080903656
332030203657
329080503658
532030803659
532005903660
312000203661
327005503662
332000803663
392005103664
325000403665
132005703666
372000003667
323005303668
932000603669
932200703670
352700003671
321200303672
732700603673
332200903674
329700203675
532200503676
312700803677
327200103678
332700403679
332090503680
392040803681
325090103682
132040403683
372090703684
323040003685
932090303686
352040603687
321090903688
732040203689
732006303690
332001603691
329006903692
532001203693
312006503694
327001803695
332006103696
392001403697
325006703698
132001003699
932006023700
352001053701
321006083702
732001013703
332006043704
329001073705
532006003706
312001033707
327006063708
332001093709
332300003710
392800033711
325300063712
132800093713
372300023714
323800053715
932300083716
352800013717
321300043718
732800073719
732000083720
332050013721
329000043722
532050073723
312000003724
327050033725
332000063726
392050093727
325000023728
132050053729
132007063730
372002093731
323007023732
932002053733
352007083734
321002013735
732007043736
332002073737
329007003738
532002033739
532400043740
312900073741
327400003742
332900033743
392400063744
325900093745
132400023746
372900053747
323400083748
932900013749
932010023750
352060053751
321010083752
732060013753
332010043754
329060073755
532010003756
312060033757
327010063758
332060093759
332008003760
392003033761
325008063762
132003093763
372008023764
323003053765
932008083766
352003013767
321008043768
732003073769
732500083770
332000013771
329500043772
532000073773
312500003774
327000033775
332500063776
392000093777
325500023778
132000053779
132020063780
372070093781
323020023782
932070053783
352020083784
321070013785
732020043786
332070073787
329020003788
532070033789
532009043790
312004073791
327009003792
332004033793
392009063794
325004093795
132009023796
372004053797
323009083798
932004013799
732009033800
332004036801
329009039802
532004032803
312009035804
327004038805
332009031806
392004034807
325009037808
132004030809
132600031810
372100034811
323600037812
932100030813
352600033814
321100036815
732600039816
332100032817
329600035818
532100038819
532030039820
312080032821
327030035822
332080038823
392030031824
325080034825
132030037826
372080030827
323030033828
932080036829
932000037830
352005030831
321000033832
732005036833
332000039834
329005032835
532000035836
312005038837
327000031838
332005034839
332700035840
392200038841
325700031842
132200034843
372700037844
323200030845
932700033846
352200036847
321700039848
732200032849
732040033850
332090036851
329040039852
532090032853
312040035854
327090038855
332040031856
392090034857
325040037858
132090030859
132001031860
372006034861
323001037862
932006030863
352001033864
321006036865
732001039866
332006032867
329001035868
532006038869
532800039870
312300032871
327800035872
332300038873
392800031874
325300034875
132800037876
372300030877
323800033878
932300036879
932050037880
352000030881
321050033882
732000036883
332050039884
329000032885
532050035886
312000038887
327050031888
332000034889
332002035890
392007038891
325002031892
132007034893
372002037894
323007030895
932002033896
352007036897
321002039898
732007032899
532002403900
312007703901
327002003902
332007303903
392002603904
325007903905
132002203906
372007503907
323002803908
932007103909
932900203910
352400503911
321900803912
732400103913
332900403914
329400703915
532900003916
312400303917
327900603918
332400903919
332060003920
392010303921
325060603922
132010903923
372060203924
323010503925
932060803926
352010103927
321060403928
732010703929
732003803930
332008103931
329003403932
532008703933
312003003934
327008303935
332003603936
392008903937
325003203938
132008503939
132000603940
372500903941
323000203942
932500503943
352000803944
321500103945
732000403946
332500703947
329000003948
532500303949
532070403950
312020703951
327070003952
332020303953
392070603954
325020903955
132070203956
372020503957
323070803958
932020103959
932004203960
352009503961
321004803962
732009103963
332004403964
329009703965
532004003966
312009303967
327004603968
332009903969
332100003970
392600303971
325100603972
132600903973
372100203974
323600503975
932100803976
352600103977
321100403978
732600703979
732080803980
332030103981
329080403982
532030703983
312080003984
327030303985
332080603986
392030903987
325080203988
132030503989
132005603990
372000903991
323005203992
932000503993
352005803994
321000103995
732005403996
332000703997
329005003998
532000303999
532004104000
312009404001
327004704002
332009004003
392004304004
325009604005
132004904006
372009204007
323004504008
932009804009
932100904010
352600204011
321100504012
732600804013
332100104014
329600404015
532100704016
312600004017
327100304018
332600604019
332080704020
392030004021
325080304022
132030604023
372080904024
323030204025
932080504026
352030804027
321080104028
732030404029
732005504030
332000804031
329005104032
532000404033
312005704034
327000004035
332005304036
392000604037
325005904038
132000204039
132200304040
372700604041
323200904042
932700204043
352200504044
321700804045
732200104046
332700404047
329200704048
532700004049
532090104050
312040404051
327090704052
332040004053
392090304054
325040604055
132090904056
372040204057
323090504058
932040804059
932006904060
352001204061
321006504062
732001804063
332006104064
329001404065
532006704066
312001004067
327006304068
332001604069
332300704070
392800004071
325300304072
132800604073
372300904074
323800204075
932300504076
352800804077
321300104078
732800404079
732000504080
332050804081
329000104082
532050404083
312000704084
327050004085
332000304086
392050604087
325000904088
132050204089
132007304090
372002604091
323007904092
932002204093
352007504094
321002804095
732007104096
332002404097
329007704098
532002004099
332007024100
392002054101
325007084102
132002014103
372007044104
323002074105
932007004106
352002034107
321007064108
732002094109
732400004110
332900034111
329400064112
532900094113
312400024114
327900054115
332400084116
392900014117
325400044118
132900074119
132010084120
372060014121
323010044122
932060074123
352010004124
321060034125
732010064126
332060094127
329010024128
532060054129
532008064130
312003094131
327008024132
332003054133
392008084134
325003014135
132008044136
372003074137
323008004138
932003034139
932500044140
352000074141
321500004142
732000034143
332500064144
329000094145
532500024146
312000054147
327500084148
332000014149
332020024150
392070054151
325020084152
132070014153
372020044154
323070074155
932020004156
352070034157
321020064158
732070094159
732009004160
332004034161
329009064162
532004094163
312009024164
327004054165
332009084166
392004014167
325009044168
132004074169
132600084170
372100014171
323600044172
932100074173
352600004174
321100034175
732600064176
332100094177
329600024178
532100054179
532030064180
312080094181
327030024182
332080054183
392030084184
325080014185
132030044186
372080074187
323030004188
932080034189
932000044190
352005074191
321000004192
732005034193
332000064194
329005094195
532000024196
312005054197
327000084198
332005014199
132000043200
372005046201
323000049202
932005042203
352000045204
321005048205
732000041206
332005044207
329000047208
532005040209
532700041210
312200044211
327700047212
332200040213
392700043214
325200046215
132700049216
372200042217
323700045218
932200048219
932040049220
352090042221
321040045222
732090048223
332040041224
329090044225
532040047226
312090040227
327040043228
332090046229
332001047230
392006040231
325001043232
132006046233
372001049234
323006042235
932001045236
352006048237
321001041238
732006044239
732800045240
332300048241
329800041242
532300044243
312800047244
327300040245
332800043246
392300046247
325800049248
132300042249
132050043250
372000046251
323050049252
932000042253
352050045254
321000048255
732050041256
332000044257
329050047258
532000040259
532002041260
312007044261
327002047262
332007040263
392002043264
325007046265
132002049266
372007042267
323002045268
932007048269
932900049270
352400042271
321900045272
732400048273
332900041274
329400044275
532900047276
312400040277
327900043278
332400046279
332060047280
392010040281
325060043282
132010046283
372060049284
323010042285
932060045286
352010048287
321060041288
732010044289
732003045290
332008048291
329003041292
532008044293
312003047294
327008040295
332003043296
392008046297
325003049298
132008042299
932003404300
352008704301
321003004302
732008304303
332003604304
329008904305
532003204306
312008504307
327003804308
332008104309
332000204310
392500504311
325000804312
132500104313
372000404314
323500704315
932000004316
352500304317
321000604318
732500904319
732070004320
332020304321
329070604322
532020904323
312070204324
327020504325
332070804326
392020104327
325070404328
132020704329
132004804330
372009104331
323004404332
932009704333
352004004334
321009304335
732004604336
332009904337
329004204338
532009504339
532100604340
312600904341
327100204342
332600504343
392100804344
325600104345
132100404346
372600704347
323100004348
932600304349
932080404350
352030704351
321080004352
732030304353
332080604354
329030904355
532080204356
312030504357
327080804358
332030104359
332005204360
392000504361
325005804362
132000104363
372005404364
323000704365
932005004366
352000304367
321005604368
732000904369
732200004370
332700304371
329200604372
532700904373
312200204374
327700504375
332200804376
392700104377
325200404378
132700704379
132090804380
372040104381
323090404382
932040704383
352090004384
321040304385
732090604386
332040904387
329090204388
532040504389
532006604390
312001904391
327006204392
332001504393
392006804394
325001104395
132006404396
372001704397
323006004398
932001304399
732006054400
332001084401
329006014402
532001044403
312006074404
327001004405
332006034406
392001064407
325006094408
132001024409
132300034410
372800064411
323300094412
932800024413
352300054414
321800084415
732300014416
332800044417
329300074418
532800004419
532000014420
312050044421
327000074422
332050004423
392000034424
325050064425
132000094426
372050024427
323000054428
932050084429
932007094430
352002024431
321007054432
732002084433
332007014434
329002044435
532007074436
312002004437
327007034438
332002064439
332400074440
392900004441
325400034442
132900064443
372400094444
323900024445
932400054446
352900084447
321400014448
732900044449
732010054450
332060084451
329010014452
532060044453
312010074454
327060004455
332010034456
392060064457
325010094458
132060024459
132008034460
372003064461
323008094462
932003024463
352008054464
321003084465
732008014466
332003044467
329008074468
532003004469
532500014470
312000044471
327500074472
332000004473
392500034474
325000064475
132500094476
372000024477
323500054478
932000084479
932020094480
352070024481
321020054482
732070084483
332020014484
329070044485
532020074486
312070004487
327020034488
332070064489
332009074490
392004004491
325009034492
132004064493
372009094494
323004024495
932009054496
352004084497
321009014498
732004044499
532009046500
312004049501
327009042502
332004045503
392009048504
325004041505
132009044506
372004047507
323009040508
932004043509
932600044510
352100047511
321600040512
732100043513
332600046514
329100049515
532600042516
312100045517
327600048518
332100041519
332030042520
392080045521
325030048522
132080041523
372030044524
323080047525
932030040526
352080043527
321030046528
732080049529
732000040530
332005043531
329000046532
532005049533
312000042534
327005045535
332000048536
392005041537
325000044538
132005047539
132700048540
372200041541
323700044542
932200047543
352700040544
321200043545
732700046546
332200049547
329700042548
532200045549
532040046550
312090049551
327040042552
332090045553
392040048554
325090041555
132040044556
372090047557
323040040558
932090043559
932001044560
352006047561
321001040562
732006043563
332001046564
329006049565
532001042566
312006045567
327001048568
332006041569
332800042570
392300045571
325800048572
132300041573
372800044574
323300047575
932800040576
352300043577
321800046578
732300049579
732050040580
332000043581
329050046582
532000049583
312050042584
327000045585
332050048586
392000041587
325050044588
132000047589
132002048590
372007041591
323002044592
932007047593
352002040594
321007043595
732002046596
332007049597
329002042598
532007045599
332002704600
392007004601
325002304602
132007604603
372002904604
323007204605
932002504606
352007804607
321002104608
732007404609
732900504610
332400804611
329900104612
532400404613
312900704614
327400004615
332900304616
392400604617
325900904618
132400204619
132060304620
372010604621
323060904622
932010204623
352060504624
321010804625
732060104626
332010404627
329060704628
532010004629
532003104630
312008404631
327003704632
332008004633
392003304634
325008604635
132003904636
372008204637
323003504638
932008804639
932000904640
352500204641
321000504642
732500804643
332000104644
329500404645
532000704646
312500004647
327000304648
332500604649
332070704650
392020004651
325070304652
132020604653
372070904654
323020204655
932070504656
352020804657
321070104658
732020404659
732004504660
332009804661
329004104662
532009404663
312004704664
327009004665
332004304666
392009604667
325004904668
132009204669
132100304670
372600604671
323100904672
932600204673
352100504674
321600804675
732100104676
332600404677
329100704678
532600004679
532080104680
312030404681
327080704682
332030004683
392080304684
325030604685
132080904686
372030204687
323080504688
932030804689
932005904690
352000204691
321005504692
732000804693
332005104694
329000404695
532005704696
312000004697
327005304698
332000604699
132005084700
372000014701
323005044702
932000074703
352005004704
321000034705
732005064706
332000094707
329005024708
532000054709
532200064710
312700094711
327200024712
332700054713
392200084714
325700014715
132200044716
372700074717
323200004718
932700034719
932090044720
352040074721
321090004722
732040034723
332090064724
329040094725
532090024726
312040054727
327090084728
332040014729
332006024730
392001054731
325006084732
132001014733
372006044734
323001074735
932006004736
352001034737
321006064738
732001094739
732300004740
332800034741
329300064742
532800094743
312300024744
327800054745
332300084746
392800014747
325300044748
132800074749
132000084750
372050014751
323000044752
932050074753
352000004754
321050034755
732000064756
332050094757
329000024758
532050054759
532007064760
312002094761
327007024762
332002054763
392007084764
325002014765
132007044766
372002074767
323007004768
932002034769
932400044770
352900074771
321400004772
732900034773
332400064774
329900094775
532400024776
312900054777
327400084778
332900014779
332010024780
392060054781
325010084782
132060014783
372010044784
323060074785
932010004786
352060034787
321010064788
732060094789
732008004790
332003034791
329008064792
532003094793
312008024794
327003054795
332008084796
392003014797
325008044798
132003074799
932008049800
352003042801
321008045802
732003048803
332008041804
329003044805
532008047806
312003040807
327008043808
332003046809
332500047810
392000040811
325500043812
132000046813
372500049814
323000042815
932500045816
352000048817
321500041818
732000044819
732020045820
332070048821
329020041822
532070044823
312020047824
327070040825
332020043826
392070046827
325020049828
132070042829
132009043830
372004046831
323009049832
932004042833
352009045834
321004048835
732009041836
332004044837
329009047838
532004040839
532600041840
312100044841
327600047842
332100040843
392600043844
325100046845
132600049846
372100042847
323600045848
932100048849
932030049850
352080042851
321030045852
732080048853
332030041854
329080044855
532030047856
312080040857
327030043858
332080046859
332000047860
392005040861
325000043862
132005046863
372000049864
323005042865
932000045866
352005048867
321000041868
732005044869
732700045870
332200048871
329700041872
532200044873
312700047874
327200040875
332700043876
392200046877
325700049878
132200042879
132040043880
372090046881
323040049882
932090042883
352040045884
321090048885
732040041886
332090044887
329040047888
532090040889
532001041890
312006044891
327001047892
332006040893
392001043894
325006046895
132001049896
372006042897
323001045898
932006048899
732001004900
332006304901
329001604902
532006904903
312001204904
327006504905
332001804906
392006104907
325001404908
132006704909
132800804910
372300104911
323800404912
932300704913
352800004914
321300304915
732800604916
332300904917
329800204918
532300504919
532050604920
312000904921
327050204922
332000504923
392050804924
325000104925
132050404926
372000704927
323050004928
932000304929
932002404930
352007704931
321002004932
732007304933
332002604934
329007904935
532002204936
312007504937
327002804938
332007104939
332900204940
392400504941
325900804942
132400104943
372900404944
323400704945
932900004946
352400304947
321900604948
732400904949
732060004950
332010304951
329060604952
532010904953
312060204954
327010504955
332060804956
392010104957
325060404958
132010704959
132003804960
372008104961
323003404962
932008704963
352003004964
321008304965
732003604966
332008904967
329003204968
532008504969
532000604970
312500904971
327000204972
332500504973
392000804974
325500104975
132000404976
372500704977
323000004978
932500304979
932070404980
352020704981
321070004982
732020304983
332070604984
329020904985
532070204986
312020504987
327070804988
332020104989
332004204990
392009504991
325004804992
132009104993
372004404994
323009704995
932004004996
352009304997
321004604998
732009904999
732003705000
332008005001
329003305002
532008605003
312003905004
327008205005
332003505006
392008805007
325003105008
132008405009
132000505010
372500805011
323000105012
932500405013
352000705014
321500005015
732000305016
332500605017
329000905018
532500205019
532070305020
312020605021
327070905022
332020205023
392070505024
325020805025
132070105026
372020405027
323070705028
932020005029
932004105030
352009405031
321004705032
732009005033
332004305034
329009605035
532004905036
312009205037
327004505038
332009805039
332100905040
392600205041
325100505042
132600805043
372100105044
323600405045
932100705046
352600005047
321100305048
732600605049
732080705050
332030005051
329080305052
532030605053
312080905054
327030205055
332080505056
392030805057
325080105058
132030405059
132005505060
372000805061
323005105062
932000405063
352005705064
321000005065
732005305066
332000605067
329005905068
532000205069
532200305070
312700605071
327200905072
332700205073
392200505074
325700805075
132200105076
372700405077
323200705078
932700005079
932090105080
352040405081
321090705082
732040005083
332090305084
329040605085
532090905086
312040205087
327090505088
332040805089
332006905090
392001205091
325006505092
132001805093
372006105094
323001405095
932006705096
352001005097
321006305098
732001605099
532006085100
312001015101
327006045102
332001075103
392006005104
325001035105
132006065106
372001095107
323006025108
932001055109
932300065110
352800095111
321300025112
732800055113
332300085114
329800015115
532300045116
312800075117
327300005118
332800035119
332000045120
392050075121
325000005122
132050035123
372000065124
323050095125
932000025126
352050055127
321000085128
732050015129
732007025130
332002055131
329007085132
532002015133
312007045134
327002075135
332007005136
392002035137
325007065138
132002095139
132400005140
372900035141
323400065142
932900095143
352400025144
321900055145
732400085146
332900015147
329400045148
532900075149
532010085150
312060015151
327010045152
332060075153
392010005154
325060035155
132010065156
372060095157
323010025158
932060055159
932008065160
352003095161
321008025162
732003055163
332008085164
329003015165
532008045166
312003075167
327008005168
332003035169
332500045170
392000075171
325500005172
132000035173
372500065174
323000095175
932500025176
352000055177
321500085178
732000015179
732020025180
332070055181
329020085182
532070015183
312020045184
327070075185
332020005186
392070035187
325020065188
132070095189
132009005190
372004035191
323009065192
932004095193
352009025194
321004055195
732009085196
332004015197
329009045198
532004075199
332009059200
392004052201
325009055202
132004058203
372009051204
323004054205
932009057206
352004050207
321009053208
732004056209
732600057210
332100050211
329600053212
532100056213
312600059214
327100052215
332600055216
392100058217
325600051218
132100054219
132030055220
372080058221
323030051222
932080054223
352030057224
321080050225
732030053226
332080056227
329030059228
532080052229
532000053230
312005056231
327000059232
332005052233
392000055234
325005058235
132000051236
372005054237
323000057238
932005050239
932700051240
352200054241
321700057242
732200050243
332700053244
329200056245
532700059246
312200052247
327700055248
332200058249
332040059250
392090052251
325040055252
132090058253
372040051254
323090054255
932040057256
352090050257
321040053258
732090056259
732001057260
332006050261
329001053262
532006056263
312001059264
327006052265
332001055266
392006058267
325001051268
132006054269
132800055270
372300058271
323800051272
932300054273
352800057274
321300050275
732800053276
332300056277
329800059278
532300052279
532050053280
312000056281
327050059282
332000052283
392050055284
325000058285
132050051286
372000054287
323050057288
932000050289
932002051290
352007054291
321002057292
732007050293
332002053294
329007056295
532002059296
312007052297
327002055298
332007058299
132002005300
372007305301
323002605302
932007905303
352002205304
321007505305
732002805306
332007105307
329002405308
532007705309
532900805310
312400105311
327900405312
332400705313
392900005314
325400305315
132900605316
372400905317
323900205318
932400505319
932060605320
352010905321
321060205322
732010505323
332060805324
329010105325
532060405326
312010705327
327060005328
332010305329
332003405330
392008705331
325003005332
132008305333
372003605334
323008905335
932003205336
352008505337
321003805338
732008105339
732000205340
332500505341
329000805342
532500105343
312000405344
327500705345
332000005346
392500305347
325000605348
132500905349
132070005350
372020305351
323070605352
932020905353
352070205354
321020505355
732070805356
332020105357
329070405358
532020705359
532004805360
312009105361
327004405362
332009705363
392004005364
325009305365
132004605366
372009905367
323004205368
932009505369
932100605370
352600905371
321100205372
732600505373
332100805374
329600105375
532100405376
312600705377
327100005378
332600305379
332080405380
392030705381
325080005382
132030305383
372080605384
323030905385
932080205386
352030505387
321080805388
732030105389
732005205390
332000505391
329005805392
532000105393
312005405394
327000705395
332005005396
392000305397
325005605398
132000905399
932005015400
352000045401
321005075402
732000005403
332005035404
329000065405
532005095406
312000025407
327005055408
332000085409
332200095410
392700025411
325200055412
132700085413
372200015414
323700045415
932200075416
352700005417
321200035418
732700065419
732090075420
332040005421
329090035422
532040065423
312090095424
327040025425
332090055426
392040085427
325090015428
132040045429
132006055430
372001085431
323006015432
932001045433
352006075434
321001005435
732006035436
332001065437
329006095438
532001025439
532300035440
312800065441
327300095442
332800025443
392300055444
325800085445
132300015446
372800045447
323300075448
932800005449
932000015450
352050045451
321000075452
732050005453
332000035454
329050065455
532000095456
312050025457
327000055458
332050085459
332007095460
392002025461
325007055462
132002085463
372007015464
323002045465
932007075466
352002005467
321007035468
732002065469
732400075470
332900005471
329400035472
532900065473
312400095474
327900025475
332400055476
392900085477
325400015478
132900045479
132010055480
372060085481
323010015482
932060045483
352010075484
321060005485
732010035486
332060065487
329010095488
532060025489
532008035490
312003065491
327008095492
332003025493
392008055494
325003085495
132008015496
372003045497
323008075498
932003005499
732008052500
332003055501
329008058502
532003051503
312008054504
327003057505
332008050506
392003053507
325008056508
132003059509
132500050510
372000053511
323500056512
932000059513
352500052514
321000055515
732500058516
332000051517
329500054518
532000057519
532020058520
312070051521
327020054522
332070057523
392020050524
325070053525
132020056526
372070059527
323020052528
932070055529
932009056530
352004059531
321009052532
732004055533
332009058534
329004051535
532009054536
312004057537
327009050538
332004053539
332600054540
392100057541
325600050542
132100053543
372600056544
323100059545
932600052546
352100055547
321600058548
732100051549
732030052550
332080055551
329030058552
532080051553
312030054554
327080057555
332030050556
392080053557
325030056558
132080059559
132000050560
372005053561
323000056562
932005059563
352000052564
321005055565
732000058566
332005051567
329000054568
532005057569
532700058570
312200051571
327700054572
332200057573
392700050574
325200053575
132700056576
372200059577
323700052578
932200055579
932040056580
352090059581
321040052582
732090055583
332040058584
329090051585
532040054586
312090057587
327040050588
332090053589
332001054590
392006057591
325001050592
132006053593
372001056594
323006059595
932001052596
352006055597
321001058598
732006051599
532001305600
312006605601
327001905602
332006205603
392001505604
325006805605
132001105606
372006405607
323001705608
932006005609
932800105610
352300405611
321800705612
732300005613
332800305614
329300605615
532800905616
312300205617
327800505618
332300805619
332050905620
392000205621
325050505622
132000805623
372050105624
323000405625
932050705626
352000005627
321050305628
732000605629
732002705630
332007005631
329002305632
532007605633
312002905634
327007205635
332002505636
392007805637
325002105638
132007405639
132900505640
372400805641
323900105642
932400405643
352900705644
321400005645
732900305646
332400605647
329900905648
532400205649
532060305650
312010605651
327060905652
332010205653
392060505654
325010805655
132060105656
372010405657
323060705658
932010005659
932003105660
352008405661
321003705662
732008005663
332003305664
329008605665
532003905666
312008205667
327003505668
332008805669
332000905670
392500205671
325000505672
132500805673
372000105674
323500405675
932000705676
352500005677
321000305678
732500605679
732070705680
332020005681
329070305682
532020605683
312070905684
327020205685
332070505686
392020805687
325070105688
132020405689
132004505690
372009805691
323004105692
932009405693
352004705694
321009005695
732004305696
332009605697
329004905698
532009205699
332004045700
392009075701
325004005702
132009035703
372004065704
323009095705
932004025706
352009055707
321004085708
732009015709
732100025710
332600055711
329100085712
532600015713
312100045714
327600075715
332100005716
392600035717
325100065718
132600095719
132080005720
372030035721
323080065722
932030095723
352080025724
321030055725
732080085726
332030015727
329080045728
532030075729
532005085730
312000015731
327005045732
332000075733
392005005734
325000035735
132005065736
372000095737
323005025738
932000055739
932200065740
352700095741
321200025742
732700055743
332200085744
329700015745
532200045746
312700075747
327200005748
332700035749
332090045750
392040075751
325090005752
132040035753
372090065754
323040095755
932090025756
352040055757
321090085758
732040015759
732006025760
332001055761
329006085762
532001015763
312006045764
327001075765
332006005766
392001035767
325006065768
132001095769
132300005770
372800035771
323300065772
932800095773
352300025774
321800055775
732300085776
332800015777
329300045778
532800075779
532000085780
312050015781
327000045782
332050075783
392000005784
325050035785
132000065786
372050095787
323000025788
932050055789
932007065790
352002095791
321007025792
732002055793
332007085794
329002015795
532007045796
312002075797
327007005798
332002035799
132007055800
372002058801
323007051802
932002054803
352007057804
321002050805
732007053806
332002056807
329007059808
532002052809
532400053810
312900056811
327400059812
332900052813
392400055814
325900058815
132400051816
372900054817
323400057818
932900050819
932010051820
352060054821
321010057822
732060050823
332010053824
329060056825
532010059826
312060052827
327010055828
332060058829
332008059830
392003052831
325008055832
132003058833
372008051834
323003054835
932008057836
352003050837
321008053838
732003056839
732500057840
332000050841
329500053842
532000056843
312500059844
327000052845
332500055846
392000058847
325500051848
132000054849
132020055850
372070058851
323020051852
932070054853
352020057854
321070050855
732020053856
332070056857
329020059858
532070052859
532009053860
312004056861
327009059862
332004052863
392009055864
325004058865
132009051866
372004054867
323009057868
932004050869
932600051870
352100054871
321600057872
732100050873
332600053874
329100056875
532600059876
312100052877
327600055878
332100058879
332030059880
392080052881
325030055882
132080058883
372030051884
323080054885
932030057886
352080050887
321030053888
732080056889
732000057890
332005050891
329000053892
532005056893
312000059894
327005052895
332000055896
392005058897
325000051898
132005054899
932000605900
352005905901
321000205902
732005505903
332000805904
329005105905
532000405906
312005705907
327000005908
332005305909
332700405910
392200705911
325700005912
132200305913
372700605914
323200905915
932700205916
352200505917
321700805918
732200105919
732040205920
332090505921
329040805922
532090105923
312040405924
327090705925
332040005926
392090305927
325040605928
132090905929
132001005930
372006305931
323001605932
932006905933
352001205934
321006505935
732001805936
332006105937
329001405938
532006705939
532800805940
312300105941
327800405942
332300705943
392800005944
325300305945
132800605946
372300905947
323800205948
932300505949
932050605950
352000905951
321050205952
732000505953
332050805954
329000105955
532050405956
312000705957
327050005958
332000305959
332002405960
392007705961
325002005962
132007305963
372002605964
323007905965
932002205966
352007505967
321002805968
732007105969
732900205970
332400505971
329900805972
532400105973
312900405974
327400705975
332900005976
392400305977
325900605978
132400905979
132060005980
372010305981
323060605982
932010905983
352060205984
321010505985
732060805986
332010105987
329060405988
532010705989
532003805990
312008105991
327003405992
332008705993
392003005994
325008305995
132003605996
372008905997
323003205998
932008505999
932002306000
352007606001
321002906002
732007206003
332002506004
329007806005
532002106006
312007406007
327002706008
332007006009
332900106010
392400406011
325900706012
132400006013
372900306014
323400606015
932900906016
352400206017
321900506018
732400806019
732060906020
332010206021
329060506022
532010806023
312060106024
327010406025
332060706026
392010006027
325060306028
132010606029
132003706030
372008006031
323003306032
932008606033
352003906034
321008206035
732003506036
332008806037
329003106038
532008406039
532000506040
312500806041
327000106042
332500406043
392000706044
325500006045
132000306046
372500606047
323000906048
932500206049
932070306050
352020606051
321070906052
732020206053
332070506054
329020806055
532070106056
312020406057
327070706058
332020006059
332004106060
392009406061
325004706062
132009006063
372004306064
323009606065
932004906066
352009206067
321004506068
732009806069
732100906070
332600206071
329100506072
532600806073
312100106074
327600406075
332100706076
392600006077
325100306078
132600606079
132080706080
372030006081
323080306082
932030606083
352080906084
321030206085
732080506086
332030806087
329080106088
532030406089
532005506090
312000806091
327005106092
332000406093
392005706094
325000006095
132005306096
372000606097
323005906098
932000206099
732005046100
332000076101
329005006102
532000036103
312005066104
327000096105
332005026106
392000056107
325005086108
132000016109
132200026110
372700056111
323200086112
932700016113
352200046114
321700076115
732200006116
332700036117
329200066118
532700096119
532090006120
312040036121
327090066122
332040096123
392090026124
325040056125
132090086126
372040016127
323090046128
932040076129
932006086130
352001016131
321006046132
732001076133
332006006134
329001036135
532006066136
312001096137
327006026138
332001056139
332300066140
392800096141
325300026142
132800056143
372300086144
323800016145
932300046146
352800076147
321300006148
732800036149
732000046150
332050076151
329000006152
532050036153
312000066154
327050096155
332000026156
392050056157
325000086158
132050016159
132007026160
372002056161
323007086162
932002016163
352007046164
321002076165
732007006166
332002036167
329007066168
532002096169
532400006170
312900036171
327400066172
332900096173
392400026174
325900056175
132400086176
372900016177
323400046178
932900076179
932010086180
352060016181
321010046182
732060076183
332010006184
329060036185
532010066186
312060096187
327010026188
332060056189
332008066190
392003096191
325008026192
132003056193
372008086194
323003016195
932008046196
352003076197
321008006198
732003036199
532008065200
312003068201
327008061202
332003064203
392008067204
325003060205
132008063206
372003066207
323008069208
932003062209
932500063210
352000066211
321500069212
732000062213
332500065214
329000068215
532500061216
312000064217
327500067218
332000060219
332020061220
392070064221
325020067222
132070060223
372020063224
323070066225
932020069226
352070062227
321020065228
732070068229
732009069230
332004062231
329009065232
532004068233
312009061234
327004064235
332009067236
392004060237
325009063238
132004066239
132600067240
372100060241
323600063242
932100066243
352600069244
321100062245
732600065246
332100068247
329600061248
532100064249
532030065250
312080068251
327030061252
332080064253
392030067254
325080060255
132030063256
372080066257
323030069258
932080062259
932000063260
352005066261
321000069262
732005062263
332000065264
329005068265
532000061266
312005064267
327000067268
332005060269
332700061270
392200064271
325700067272
132200060273
372700063274
323200066275
932700069276
352200062277
321700065278
732200068279
732040069280
332090062281
329040065282
532090068283
312040061284
327090064285
332040067286
392090060287
325040063288
132090066289
132001067290
372006060291
323001063292
932006066293
352001069294
321006062295
732001065296
332006068297
329001061298
532006064299
332001606300
392006906301
325001206302
132006506303
372001806304
323006106305
932001406306
352006706307
321001006308
732006306309
732800406310
332300706311
329800006312
532300306313
312800606314
327300906315
332800206316
392300506317
325800806318
132300106319
132050206320
372000506321
323050806322
932000106323
352050406324
321000706325
732050006326
332000306327
329050606328
532000906329
532002006330
312007306331
327002606332
332007906333
392002206334
325007506335
132002806336
372007106337
323002406338
932007706339
932900806340
352400106341
321900406342
732400706343
332900006344
329400306345
532900606346
312400906347
327900206348
332400506349
332060606350
392010906351
325060206352
132010506353
372060806354
323010106355
932060406356
352010706357
321060006358
732010306359
732003406360
332008706361
329003006362
532008306363
312003606364
327008906365
332003206366
392008506367
325003806368
132008106369
132000206370
372500506371
323000806372
932500106373
352000406374
321500706375
732000006376
332500306377
329000606378
532500906379
532070006380
312020306381
327070606382
332020906383
392070206384
325020506385
132070806386
372020106387
323070406388
932020706389
932004806390
352009106391
321004406392
732009706393
332004006394
329009306395
532004606396
312009906397
327004206398
332009506399
132004076400
372009006401
323004036402
932009066403
352004096404
321009026405
732004056406
332009086407
329004016408
532009046409
532100056410
312600086411
327100016412
332600046413
392100076414
325600006415
132100036416
372600066417
323100096418
932600026419
932080036420
352030066421
321080096422
732030026423
332080056424
329030086425
532080016426
312030046427
327080076428
332030006429
332005016430
392000046431
325005076432
132000006433
372005036434
323000066435
932005096436
352000026437
321005056438
732000086439
732200096440
332700026441
329200056442
532700086443
312200016444
327700046445
332200076446
392700006447
325200036448
132700066449
132090076450
372040006451
323090036452
932040066453
352090096454
321040026455
732090056456
332040086457
329090016458
532040046459
532006056460
312001086461
327006016462
332001046463
392006076464
325001006465
132006036466
372001066467
323006096468
932001026469
932300036470
352800066471
321300096472
732800026473
332300056474
329800086475
532300016476
312800046477
327300076478
332800006479
332000016480
392050046481
325000076482
132050006483
372000036484
323050066485
932000096486
352050026487
321000056488
732050086489
732007096490
332002026491
329007056492
532002086493
312007016494
327002046495
332007076496
392002006497
325007036498
132002066499
932007068500
352002061501
321007064502
732002067503
332007060504
329002063505
532007066506
312002069507
327007062508
332002065509
332400066510
392900069511
325400062512
132900065513
372400068514
323900061515
932400064516
352900067517
321400060518
732900063519
732010064520
332060067521
329010060522
532060063523
312010066524
327060069525
332010062526
392060065527
325010068528
132060061529
132008062530
372003065531
323008068532
932003061533
352008064534
321003067535
732008060536
332003063537
329008066538
532003069539
532500060540
312000063541
327500066542
332000069543
392500062544
325000065545
132500068546
372000061547
323500064548
932000067549
932020068550
352070061551
321020064552
732070067553
332020060554
329070063555
532020066556
312070069557
327020062558
332070065559
332009066560
392004069561
325009062562
132004065563
372009068564
323004061565
932009064566
352004067567
321009060568
732004063569
732600064570
332100067571
329600060572
532100063573
312600066574
327100069575
332600062576
392100065577
325600068578
132100061579
132030062580
372080065581
323030068582
932080061583
352030064584
321080067585
732030060586
332080063587
329030066588
532080069589
532000060590
312005063591
327000066592
332005069593
392000062594
325005065595
132000068596
372005061597
323000064598
932005067599
732000906600
332005206601
329000506602
532005806603
312000106604
327005406605
332000706606
392005006607
325000306608
132005606609
132700706610
372200006611
323700306612
932200606613
352700906614
321200206615
732700506616
332200806617
329700106618
532200406619
532040506620
312090806621
327040106622
332090406623
392040706624
325090006625
132040306626
372090606627
323040906628
932090206629
932001306630
352006606631
321001906632
732006206633
332001506634
329006806635
532001106636
312006406637
327001706638
332006006639
332800106640
392300406641
325800706642
132300006643
372800306644
323300606645
932800906646
352300206647
321800506648
732300806649
732050906650
332000206651
329050506652
532000806653
312050106654
327000406655
332050706656
392000006657
325050306658
132000606659
132002706660
372007006661
323002306662
932007606663
352002906664
321007206665
732002506666
332007806667
329002106668
532007406669
532900506670
312400806671
327900106672
332400406673
392900706674
325400006675
132900306676
372400606677
323900906678
932400206679
932060306680
352010606681
321060906682
732010206683
332060506684
329010806685
532060106686
312010406687
327060706688
332010006689
332003106690
392008406691
325003706692
132008006693
372003306694
323008606695
932003906696
352008206697
321003506698
732008806699
532003006700
312008036701
327003066702
332008096703
392003026704
325008056705
132003086706
372008016707
323003046708
932008076709
932000086710
352500016711
321000046712
732500076713
332000006714
329500036715
532000066716
312500096717
327000026718
332500056719
332070066720
392020096721
325070026722
132020056723
372070086724
323020016725
932070046726
352020076727
321070006728
732020036729
732004046730
332009076731
329004006732
532009036733
312004066734
327009096735
332004026736
392009056737
325004086738
132009016739
132100026740
372600056741
323100086742
932600016743
352100046744
321600076745
732100006746
332600036747
329100066748
532600096749
532080006750
312030036751
327080066752
332030096753
392080026754
325030056755
132080086756
372030016757
323080046758
932030076759
932005086760
352000016761
321005046762
732000076763
332005006764
329000036765
532005066766
312000096767
327005026768
332000056769
332200066770
392700096771
325200026772
132700056773
372200086774
323700016775
932200046776
352700076777
321200006778
732700036779
732090046780
332040076781
329090006782
532040036783
312090066784
327040096785
332090026786
392040056787
325090086788
132040016789
132006026790
372001056791
323006086792
932001016793
352006046794
321001076795
732006006796
332001036797
329006066798
532001096799
332006061800
392001064801
325006067802
132001060803
372006063804
323001066805
932006069806
352001062807
321006065808
732001068809
732300069810
332800062811
329300065812
532800068813
312300061814
327800064815
332300067816
392800060817
325300063818
132800066819
132000067820
372050060821
323000063822
932050066823
352000069824
321050062825
732000065826
332050068827
329000061828
532050064829
532007065830
312002068831
327007061832
332002064833
392007067834
325002060835
132007063836
372002066837
323007069838
932002062839
932400063840
352900066841
321400069842
732900062843
332400065844
329900068845
532400061846
312900064847
327400067848
332900060849
332010061850
392060064851
325010067852
132060060853
372010063854
323060066855
932010069856
352060062857
321010065858
732060068859
732008069860
332003062861
329008065862
532003068863
312008061864
327003064865
332008067866
392003060867
325008063868
132003066869
132500067870
372000060871
323500063872
932000066873
352500069874
321000062875
732500065876
332000068877
329500061878
532000064879
532020065880
312070068881
327020061882
332070064883
392020067884
325070060885
132020063886
372070066887
323020069888
932070062889
932009063890
352004066891
321009069892
732004062893
332009065894
329004068895
532009061896
312004064897
327009067898
332004060899
132009206900
372004506901
323009806902
932004106903
352009406904
321004706905
732009006906
332004306907
329009606908
532004906909
532600006910
312100306911
327600606912
332100906913
392600206914
325100506915
132600806916
372100106917
323600406918
932100706919
932030806920
352080106921
321030406922
732080706923
332030006924
329080306925
532030606926
312080906927
327030206928
332080506929
332000606930
392005906931
325000206932
132005506933
372000806934
323005106935
932000406936
352005706937
321000006938
732005306939
732700406940
332200706941
329700006942
532200306943
312700606944
327200906945
332700206946
392200506947
325700806948
132200106949
132040206950
372090506951
323040806952
932090106953
352040406954
321090706955
732040006956
332090306957
329040606958
532090906959
532001006960
312006306961
327001606962
332006906963
392001206964
325006506965
132001806966
372006106967
323001406968
932006706969
932800806970
352300106971
321800406972
732300706973
332800006974
329300306975
532800606976
312300906977
327800206978
332300506979
332050606980
392000906981
325050206982
132000506983
372050806984
323000106985
932050406986
352000706987
321050006988
732000306989
732002406990
332007706991
329002006992
532007306993
312002606994
327007906995
332002206996
392007506997
325002806998
132007106999
132001907000
372006207001
323001507002
932006807003
352001107004
321006407005
732001707006
332006007007
329001307008
532006607009
532800707010
312300007011
327800307012
332300607013
392800907014
325300207015
132800507016
372300807017
323800107018
932300407019
932050507020
352000807021
321050107022
732000407023
332050707024
329000007025
532050307026
312000607027
327050907028
332000207029
332002307030
392007607031
325002907032
132007207033
372002507034
323007807035
932002107036
352007407037
321002707038
732007007039
732900107040
332400407041
329900707042
532400007043
312900307044
327400607045
332900907046
392400207047
325900507048
132400807049
132060907050
372010207051
323060507052
932010807053
352060107054
321010407055
732060707056
332010007057
329060307058
532010607059
532003707060
312008007061
327003307062
332008607063
392003907064
325008207065
132003507066
372008807067
323003107068
932008407069
932000507070
352500807071
321000107072
732500407073
332000707074
329500007075
532000307076
312500607077
327000907078
332500207079
332070307080
392020607081
325070907082
132020207083
372070507084
323020807085
932070107086
352020407087
321070707088
732020007089
732004107090
332009407091
329004707092
532009007093
312004307094
327009607095
332004907096
392009207097
325004507098
132009807099
932004007100
352009037101
321004067102
732009097103
332004027104
329009057105
532004087106
312009017107
327004047108
332009077109
332100087110
392600017111
325100047112
132600077113
372100007114
323600037115
932100067116
352600097117
321100027118
732600057119
732080067120
332030097121
329080027122
532030057123
312080087124
327030017125
332080047126
392030077127
325080007128
132030037129
132005047130
372000077131
323005007132
932000037133
352005067134
321000097135
732005027136
332000057137
329005087138
532000017139
532200027140
312700057141
327200087142
332700017143
392200047144
325700077145
132200007146
372700037147
323200067148
932700097149
932090007150
352040037151
321090067152
732040097153
332090027154
329040057155
532090087156
312040017157
327090047158
332040077159
332006087160
392001017161
325006047162
132001077163
372006007164
323001037165
932006067166
352001097167
321006027168
732001057169
732300067170
332800097171
329300027172
532800057173
312300087174
327800017175
332300047176
392800077177
325300007178
132800037179
132000047180
372050077181
323000007182
932050037183
352000067184
321050097185
732000027186
332050057187
329000087188
532050017189
532007027190
312002057191
327007087192
332002017193
392007047194
325002077195
132007007196
372002037197
323007067198
932002097199
732007071200
332002074201
329007077202
532002070203
312007073204
327002076205
332007079206
392002072207
325007075208
132002078209
132400079210
372900072211
323400075212
932900078213
352400071214
321900074215
732400077216
332900070217
329400073218
532900076219
532010077220
312060070221
327010073222
332060076223
392010079224
325060072225
132010075226
372060078227
323010071228
932060074229
932008075230
352003078231
321008071232
732003074233
332008077234
329003070235
532008073236
312003076237
327008079238
332003072239
332500073240
392000076241
325500079242
132000072243
372500075244
323000078245
932500071246
352000074247
321500077248
732000070249
732020071250
332070074251
329020077252
532070070253
312020073254
327070076255
332020079256
392070072257
325020075258
132070078259
132009079260
372004072261
323009075262
932004078263
352009071264
321004074265
732009077266
332004070267
329009073268
532004076269
532600077270
312100070271
327600073272
332100076273
392600079274
325100072275
132600075276
372100078277
323600071278
932100074279
932030075280
352080078281
321030071282
732080074283
332030077284
329080070285
532030073286
312080076287
327030079288
332080072289
332000073290
392005076291
325000079292
132005072293
372000075294
323005078295
932000071296
352005074297
321000077298
732005070299
532000207300
312005507301
327000807302
332005107303
392000407304
325005707305
132000007306
372005307307
323000607308
932005907309
932700007310
352200307311
321700607312
732200907313
332700207314
329200507315
532700807316
312200107317
327700407318
332200707319
332040807320
392090107321
325040407322
132090707323
372040007324
323090307325
932040607326
352090907327
321040207328
732090507329
732001607330
332006907331
329001207332
532006507333
312001807334
327006107335
332001407336
392006707337
325001007338
132006307339
132800407340
372300707341
323800007342
932300307343
352800607344
321300907345
732800207346
332300507347
329800807348
532300107349
532050207350
312000507351
327050807352
332000107353
392050407354
325000707355
132050007356
372000307357
323050607358
932000907359
932002007360
352007307361
321002607362
732007907363
332002207364
329007507365
532002807366
312007107367
327002407368
332007707369
332900807370
392400107371
325900407372
132400707373
372900007374
323400307375
932900607376
352400907377
321900207378
732400507379
732060607380
332010907381
329060207382
532010507383
312060807384
327010107385
332060407386
392010707387
325060007388
132010307389
132003407390
372008707391
323003007392
932008307393
352003607394
321008907395
732003207396
332008507397
329003807398
532008107399
332003037400
392008067401
325003097402
132008027403
372003057404
323008087405
932003017406
352008047407
321003077408
732008007409
732000017410
332500047411
329000077412
532500007413
312000037414
327500067415
332000097416
392500027417
325000057418
132500087419
132070097420
372020027421
323070057422
932020087423
352070017424
321020047425
732070077426
332020007427
329070037428
532020067429
532004077430
312009007431
327004037432
332009067433
392004097434
325009027435
132004057436
372009087437
323004017438
932009047439
932100057440
352600087441
321100017442
732600047443
332100077444
329600007445
532100037446
312600067447
327100097448
332600027449
332080037450
392030067451
325080097452
132030027453
372080057454
323030087455
932080017456
352030047457
321080077458
732030007459
732005017460
332000047461
329005077462
532000007463
312005037464
327000067465
332005097466
392000027467
325005057468
132000087469
132200097470
372700027471
323200057472
932700087473
352200017474
321700047475
732200077476
332700007477
329200037478
532700067479
532090077480
312040007481
327090037482
332040067483
392090097484
325040027485
132090057486
372040087487
323090017488
932040047489
932006057490
352001087491
321006017492
732001047493
332006077494
329001007495
532006037496
312001067497
327006097498
332001027499
132006074500
372001077501
323006070502
932001073503
352006076504
321001079505
732006072506
332001075507
329006078508
532001071509
532300072510
312800075511
327300078512
332800071513
392300074514
325800077515
132300070516
372800073517
323300076518
932800079519
932000070520
352050073521
321000076522
732050079523
332000072524
329050075525
532000078526
312050071527
327000074528
332050077529
332007078530
392002071531
325007074532
132002077533
372007070534
323002073535
932007076536
352002079537
321007072538
732002075539
732400076540
332900079541
329400072542
532900075543
312400078544
327900071545
332400074546
392900077547
325400070548
132900073549
132010074550
372060077551
323010070552
932060073553
352010076554
321060079555
732010072556
332060075557
329010078558
532060071559
532008072560
312003075561
327008078562
332003071563
392008074564
325003077565
132008070566
372003073567
323008076568
932003079569
932500070570
352000073571
321500076572
732000079573
332500072574
329000075575
532500078576
312000071577
327500074578
332000077579
332020078580
392070071581
325020074582
132070077583
372020070584
323070073585
932020076586
352070079587
321020072588
732070075589
732009076590
332004079591
329009072592
532004075593
312009078594
327004071595
332009074596
392004077597
325009070598
132004073599
932009507600
352004807601
321009107602
732004407603
332009707604
329004007605
532009307606
312004607607
327009907608
332004207609
332600307610
392100607611
325600907612
132100207613
372600507614
323100807615
932600107616
352100407617
321600707618
732100007619
732030107620
332080407621
329030707622
532080007623
312030307624
327080607625
332030907626
392080207627
325030507628
132080807629
132000907630
372005207631
323000507632
932005807633
352000107634
321005407635
732000707636
332005007637
329000307638
532005607639
532700707640
312200007641
327700307642
332200607643
392700907644
325200207645
132700507646
372200807647
323700107648
932200407649
932040507650
352090807651
321040107652
732090407653
332040707654
329090007655
532040307656
312090607657
327040907658
332090207659
332001307660
392006607661
325001907662
132006207663
372001507664
323006807665
932001107666
352006407667
321001707668
732006007669
732800107670
332300407671
329800707672
532300007673
312800307674
327300607675
332800907676
392300207677
325800507678
132300807679
132050907680
372000207681
323050507682
932000807683
352050107684
321000407685
732050707686
332000007687
329050307688
532000607689
532002707690
312007007691
327002307692
332007607693
392002907694
325007207695
132002507696
372007807697
323002107698
932007407699
732002067700
332007097701
329002027702
532007057703
312002087704
327007017705
332002047706
392007077707
325002007708
132007037709
132900047710
372400077711
323900007712
932400037713
352900067714
321400097715
732900027716
332400057717
329900087718
532400017719
532060027720
312010057721
327060087722
332010017723
392060047724
325010077725
132060007726
372010037727
323060067728
932010097729
932003007730
352008037731
321003067732
732008097733
332003027734
329008057735
532003087736
312008017737
327003047738
332008077739
332000087740
392500017741
325000047742
132500077743
372000007744
323500037745
932000067746
352500097747
321000027748
732500057749
732070067750
332020097751
329070027752
532020057753
312070087754
327020017755
332070047756
392020077757
325070007758
132020037759
132004047760
372009077761
323004007762
932009037763
352004067764
321009097765
732004027766
332009057767
329004087768
532009017769
532100027770
312600057771
327100087772
332600017773
392100047774
325600077775
132100007776
372600037777
323100067778
932600097779
932080007780
352030037781
321080067782
732030097783
332080027784
329030057785
532080087786
312030017787
327080047788
332030077789
332005087790
392000017791
325005047792
132000077793
372005007794
323000037795
932005067796
352000097797
321005027798
732000057799
532005077800
312000070801
327005073802
332000076803
392005079804
325000072805
132005075806
372000078807
323005071808
932000074809
932200075810
352700078811
321200071812
732700074813
332200077814
329700070815
532200073816
312700076817
327200079818
332700072819
332090073820
392040076821
325090079822
132040072823
372090075824
323040078825
932090071826
352040074827
321090077828
732040070829
732006071830
332001074831
329006077832
532001070833
312006073834
327001076835
332006079836
392001072837
325006075838
132001078839
132300079840
372800072841
323300075842
932800078843
352300071844
321800074845
732300077846
332800070847
329300073848
532800076849
532000077850
312050070851
327000073852
332050076853
392000079854
325050072855
132000075856
372050078857
323000071858
932050074859
932007075860
352002078861
321007071862
732002074863
332007077864
329002070865
532007073866
312002076867
327007079868
332002072869
332400073870
392900076871
325400079872
132900072873
372400075874
323900078875
932400071876
352900074877
321400077878
732900070879
732010071880
332060074881
329010077882
532060070883
312010073884
327060076885
332010079886
392060072887
325010075888
132060078889
132008079890
372003072891
323008075892
932003078893
352008071894
321003074895
732008077896
332003070897
329008073898
532003076899
332008807900
392003107901
325008407902
132003707903
372008007904
323003307905
932008607906
352003907907
321008207908
732003507909
732500607910
332000907911
329500207912
532000507913
312500807914
327000107915
332500407916
392000707917
325500007918
132000307919
132020407920
372070707921
323020007922
932070307923
352020607924
321070907925
732020207926
332070507927
329020807928
532070107929
532009207930
312004507931
327009807932
332004107933
392009407934
325004707935
132009007936
372004307937
323009607938
932004907939
932600007940
352100307941
321600607942
732100907943
332600207944
329100507945
532600807946
312100107947
327600407948
332100707949
332030807950
392080107951
325030407952
132080707953
372030007954
323080307955
932030607956
352080907957
321030207958
732080507959
732000607960
332005907961
329000207962
532005507963
312000807964
327005107965
332000407966
392005707967
325000007968
132005307969
132700407970
372200707971
323700007972
932200307973
352700607974
321200907975
732700207976
332200507977
329700807978
532200107979
532040207980
312090507981
327040807982
332090107983
392040407984
325090707985
132040007986
372090307987
323040607988
932090907989
932001007990
352006307991
321001607992
732006907993
332001207994
329006507995
532001807996
312006107997
327001407998
332006707999
332000508000
392005808001
325000108002
132005408003
372000708004
323005008005
932000308006
352005608007
321000908008
732005208009
732700308010
332200608011
329700908012
532200208013
312700508014
327200808015
332700108016
392200408017
325700708018
132200008019
132040108020
372090408021
323040708022
932090008023
352040308024
321090608025
732040908026
332090208027
329040508028
532090808029
532001908030
312006208031
327001508032
332006808033
392001108034
325006408035
132001708036
372006008037
323001308038
932006608039
932800708040
352300008041
321800308042
732300608043
332800908044
329300208045
532800508046
312300808047
327800108048
332300408049
332050508050
392000808051
325050108052
132000408053
372050708054
323000008055
932050308056
352000608057
321050908058
732000208059
732002308060
332007608061
329002908062
532007208063
312002508064
327007808065
332002108066
392007408067
325002708068
132007008069
132900108070
372400408071
323900708072
932400008073
352900308074
321400608075
732900908076
332400208077
329900508078
532400808079
532060908080
312010208081
327060508082
332010808083
392060108084
325010408085
132060708086
372010008087
323060308088
932010608089
932003708090
352008008091
321003308092
732008608093
332003908094
329008208095
532003508096
312008808097
327003108098
332008408099
132003068100
372008098101
323003028102
932008058103
352003088104
321008018105
732003048106
332008078107
329003008108
532008038109
532000048110
312500078111
327000008112
332500038113
392000068114
325500098115
132000028116
372500058117
323000088118
932500018119
932070028120
352020058121
321070088122
732020018123
332070048124
329020078125
532070008126
312020038127
327070068128
332020098129
332004008130
392009038131
325004068132
132009098133
372004028134
323009058135
932004088136
352009018137
321004048138
732009078139
732100088140
332600018141
329100048142
532600078143
312100008144
327600038145
332100068146
392600098147
325100028148
132600058149
132080068150
372030098151
323080028152
932030058153
352080088154
321030018155
732080048156
332030078157
329080008158
532030038159
532005048160
312000078161
327005008162
332000038163
392005068164
325000098165
132005028166
372000058167
323005088168
932000018169
932200028170
352700058171
321200088172
732700018173
332200048174
329700078175
532200008176
312700038177
327200068178
332700098179
332090008180
392040038181
325090068182
132040098183
372090028184
323040058185
932090088186
352040018187
321090048188
732040078189
732006088190
332001018191
329006048192
532001078193
312006008194
327001038195
332006068196
392001098197
325006028198
132001058199
932006087200
352001080201
321006083202
732001086203
332006089204
329001082205
532006085206
312001088207
327006081208
332001084209
332300085210
392800088211
325300081212
132800084213
372300087214
323800080215
932300083216
352800086217
321300089218
732800082219
732000083220
332050086221
329000089222
532050082223
312000085224
327050088225
332000081226
392050084227
325000087228
132050080229
132007081230
372002084231
323007087232
932002080233
352007083234
321002086235
732007089236
332002082237
329007085238
532002088239
532400089240
312900082241
327400085242
332900088243
392400081244
325900084245
132400087246
372900080247
323400083248
932900086249
932010087250
352060080251
321010083252
732060086253
332010089254
329060082255
532010085256
312060088257
327010081258
332060084259
332008085260
392003088261
325008081262
132003084263
372008087264
323003080265
932008083266
352003086267
321008089268
732003082269
732500083270
332000086271
329500089272
532000082273
312500085274
327000088275
332500081276
392000084277
325500087278
132000080279
132020081280
372070084281
323020087282
932070080283
352020083284
321070086285
732020089286
332070082287
329020085288
532070088289
532009089290
312004082291
327009085292
332004088293
392009081294
325004084295
132009087296
372004080297
323009083298
932004086299
732009808300
332004108301
329009408302
532004708303
312009008304
327004308305
332009608306
392004908307
325009208308
132004508309
132600608310
372100908311
323600208312
932100508313
352600808314
321100108315
732600408316
332100708317
329600008318
532100308319
532030408320
312080708321
327030008322
332080308323
392030608324
325080908325
132030208326
372080508327
323030808328
932080108329
932000208330
352005508331
321000808332
732005108333
332000408334
329005708335
532000008336
312005308337
327000608338
332005908339
332700008340
392200308341
325700608342
132200908343
372700208344
323200508345
932700808346
352200108347
321700408348
732200708349
732040808350
332090108351
329040408352
532090708353
312040008354
327090308355
332040608356
392090908357
325040208358
132090508359
132001608360
372006908361
323001208362
932006508363
352001808364
321006108365
732001408366
332006708367
329001008368
532006308369
532800408370
312300708371
327800008372
332300308373
392800608374
325300908375
132800208376
372300508377
323800808378
932300108379
932050208380
352000508381
321050808382
732000108383
332050408384
329000708385
532050008386
312000308387
327050608388
332000908389
332002008390
392007308391
325002608392
132007908393
372002208394
323007508395
932002808396
352007108397
321002408398
732007708399
532002098400
312007028401
327002058402
332007088403
392002018404
325007048405
132002078406
372007008407
323002038408
932007068409
932900078410
352400008411
321900038412
732400068413
332900098414
329400028415
532900058416
312400088417
327900018418
332400048419
332060058420
392010088421
325060018422
132010048423
372060078424
323010008425
932060038426
352010068427
321060098428
732010028429
732003038430
332008068431
329003098432
532008028433
312003058434
327008088435
332003018436
392008048437
325003078438
132008008439
132000018440
372500048441
323000078442
932500008443
352000038444
321500068445
732000098446
332500028447
329000058448
532500088449
532070098450
312020028451
327070058452
332020088453
392070018454
325020048455
132070078456
372020008457
323070038458
932020068459
932004078460
352009008461
321004038462
732009068463
332004098464
329009028465
532004058466
312009088467
327004018468
332009048469
332100058470
392600088471
325100018472
132600048473
372100078474
323600008475
932100038476
352600068477
321100098478
732600028479
732080038480
332030068481
329080098482
532030028483
312080058484
327030088485
332080018486
392030048487
325080078488
132030008489
132005018490
372000048491
323005078492
932000008493
352005038494
321000068495
732005098496
332000028497
329005058498
532000088499
332005080500
392000083501
325005086502
132000089503
372005082504
323000085505
932005088506
352000081507
321005084508
732000087509
732200088510
332700081511
329200084512
532700087513
312200080514
327700083515
332200086516
392700089517
325200082518
132700085519
132090086520
372040089521
323090082522
932040085523
352090088524
321040081525
732090084526
332040087527
329090080528
532040083529
532006084530
312001087531
327006080532
332001083533
392006086534
325001089535
132006082536
372001085537
323006088538
932001081539
932300082540
352800085541
321300088542
732800081543
332300084544
329800087545
532300080546
312800083547
327300086548
332800089549
332000080550
392050083551
325000086552
132050089553
372000082554
323050085555
932000088556
352050081557
321000084558
732050087559
732007088560
332002081561
329007084562
532002087563
312007080564
327002083565
332007086566
392002089567
325007082568
132002085569
132400086570
372900089571
323400082572
932900085573
352400088574
321900081575
732400084576
332900087577
329400080578
532900083579
532010084580
312060087581
327010080582
332060083583
392010086584
325060089585
132010082586
372060085587
323010088588
932060081589
932008082590
352003085591
321008088592
732003081593
332008084594
329003087595
532008080596
312003083597
327008086598
332003089599
132008108600
372003408601
323008708602
932003008603
352008308604
321003608605
732008908606
332003208607
329008508608
532003808609
532500908610
312000208611
327500508612
332000808613
392500108614
325000408615
132500708616
372000008617
323500308618
932000608619
932020708620
352070008621
321020308622
732070608623
332020908624
329070208625
532020508626
312070808627
327020108628
332070408629
332009508630
392004808631
325009108632
132004408633
372009708634
323004008635
932009308636
352004608637
321009908638
732004208639
732600308640
332100608641
329600908642
532100208643
312600508644
327100808645
332600108646
392100408647
325600708648
132100008649
132030108650
372080408651
323030708652
932080008653
352030308654
321080608655
732030908656
332080208657
329030508658
532080808659
532000908660
312005208661
327000508662
332005808663
392000108664
325005408665
132000708666
372005008667
323000308668
932005608669
932700708670
352200008671
321700308672
732200608673
332700908674
329200208675
532700508676
312200808677
327700108678
332200408679
332040508680
392090808681
325040108682
132090408683
372040708684
323090008685
932040308686
352090608687
321040908688
732090208689
732001308690
332006608691
329001908692
532006208693
312001508694
327006808695
332001108696
392006408697
325001708698
132006008699
932001028700
352006058701
321001088702
732006018703
332001048704
329006078705
532001008706
312006038707
327001068708
332006098709
332800008710
392300038711
325800068712
132300098713
372800028714
323300058715
932800088716
352300018717
321800048718
732300078719
732050088720
332000018721
329050048722
532000078723
312050008724
327000038725
332050068726
392000098727
325050028728
132000058729
132002068730
372007098731
323002028732
932007058733
352002088734
321007018735
732002048736
332007078737
329002008738
532007038739
532900048740
312400078741
327900008742
332400038743
392900068744
325400098745
132900028746
372400058747
323900088748
932400018749
932060028750
352010058751
321060088752
732010018753
332060048754
329010078755
532060008756
312010038757
327060068758
332010098759
332003008760
392008038761
325003068762
132008098763
372003028764
323008058765
932003088766
352008018767
321003048768
732008078769
732000088770
332500018771
329000048772
532500078773
312000008774
327500038775
332000068776
392500098777
325000028778
132500058779
132070068780
372020098781
323070028782
932020058783
352070088784
321020018785
732070048786
332020078787
329070008788
532020038789
532004048790
312009078791
327004008792
332009038793
392004068794
325009098795
132004028796
372009058797
323004088798
932009018799
732004083800
332009086801
329004089802
532009082803
312004085804
327009088805
332004081806
392009084807
325004087808
132009080809
132100081810
372600084811
323100087812
932600080813
352100083814
321600086815
732100089816
332600082817
329100085818
532600088819
532080089820
312030082821
327080085822
332030088823
392080081824
325030084825
132080087826
372030080827
323080083828
932030086829
932005087830
352000080831
321005083832
732000086833
332005089834
329000082835
532005085836
312000088837
327005081838
332000084839
332200085840
392700088841
325200081842
132700084843
372200087844
323700080845
932200083846
352700086847
321200089848
732700082849
732090083850
332040086851
329090089852
532040082853
312090085854
327040088855
332090081856
392040084857
325090087858
132040080859
132006081860
372001084861
323006087862
932001080863
352006083864
321001086865
732006089866
332001082867
329006085868
532001088869
532300089870
312800082871
327300085872
332800088873
392300081874
325800084875
132300087876
372800080877
323300083878
932800086879
932000087880
352050080881
321000083882
732050086883
332000089884
329050082885
532000085886
312050088887
327000081888
332050084889
332007085890
392002088891
325007081892
132002084893
372007087894
323002080895
932007083896
352002086897
321007089898
732002082899
532007408900
312002708901
327007008902
332002308903
392007608904
325002908905
132007208906
372002508907
323007808908
932002108909
932400208910
352900508911
321400808912
732900108913
332400408914
329900708915
532400008916
312900308917
327400608918
332900908919
332010008920
392060308921
325010608922
132060908923
372010208924
323060508925
932010808926
352060108927
321010408928
732060708929
732008808930
332003108931
329008408932
532003708933
312008008934
327003308935
332008608936
392003908937
325008208938
132003508939
132500608940
372000908941
323500208942
932000508943
352500808944
321000108945
732500408946
332000708947
329500008948
532000308949
532020408950
312070708951
327020008952
332070308953
392020608954
325070908955
132020208956
372070508957
323020808958
932070108959
932009208960
352004508961
321009808962
732004108963
332009408964
329004708965
532009008966
312004308967
327009608968
332004908969
332600008970
392100308971
325600608972
132100908973
372600208974
323100508975
932600808976
352100108977
321600408978
732100708979
732030808980
332080108981
329030408982
532080708983
312030008984
327080308985
332030608986
392080908987
325030208988
132080508989
132000608990
372005908991
323000208992
932005508993
352000808994
321005108995
732000408996
332005708997
329000008998
532005308999
532009109000
312004409001
327009709002
332004009003
392009309004
325004609005
132009909006
372004209007
323009509008
932004809009
932600909010
352100209011
321600509012
732100809013
332600109014
329100409015
532600709016
312100009017
327600309018
332100609019
332030709020
392080009021
325030309022
132080609023
372030909024
323080209025
932030509026
352080809027
321030109028
732080409029
732000509030
332005809031
329000109032
532005409033
312000709034
327005009035
332000309036
392005609037
325000909038
132005209039
132700309040
372200609041
323700909042
932200209043
352700509044
321200809045
732700109046
332200409047
329700709048
532200009049
532040109050
312090409051
327040709052
332090009053
392040309054
325090609055
132040909056
372090209057
323040509058
932090809059
932001909060
352006209061
321001509062
732006809063
332001109064
329006409065
532001709066
312006009067
327001309068
332006609069
332800709070
392300009071
325800309072
132300609073
372800909074
323300209075
932800509076
352300809077
321800109078
732300409079
732050509080
332000809081
329050109082
532000409083
312050709084
327000009085
332050309086
392000609087
325050909088
132000209089
132002309090
372007609091
323002909092
932007209093
352002509094
321007809095
732002109096
332007409097
329002709098
532007009099
332002029100
392007059101
325002089102
132007019103
372002049104
323007079105
932002009106
352007039107
321002069108
732007099109
732900009110
332400039111
329900069112
532400099113
312900029114
327400059115
332900089116
392400019117
325900049118
132400079119
132060089120
372010019121
323060049122
932010079123
352060009124
321010039125
732060069126
332010099127
329060029128
532010059129
532003069130
312008099131
327003029132
332008059133
392003089134
325008019135
132003049136
372008079137
323003009138
932008039139
932000049140
352500079141
321000009142
732500039143
332000069144
329500099145
532000029146
312500059147
327000089148
332500019149
332070029150
392020059151
325070089152
132020019153
372070049154
323020079155
932070009156
352020039157
321070069158
732020099159
732004009160
332009039161
329004069162
532009099163
312004029164
327009059165
332004089166
392009019167
325004049168
132009079169
132100089170
372600019171
323100049172
932600079173
352100009174
321600039175
732100069176
332600099177
329100029178
532600059179
532080069180
312030099181
327080029182
332030059183
392080089184
325030019185
132080049186
372030079187
323080009188
932030039189
932005049190
352000079191
321005009192
732000039193
332005069194
329000099195
532005029196
312000059197
327005089198
332000019199
132005093200
372000096201
323005099202
932000092203
352005095204
321000098205
732005091206
332000094207
329005097208
532000090209
532200091210
312700094211
327200097212
332700090213
392200093214
325700096215
132200099216
372700092217
323200095218
932700098219
932090099220
352040092221
321090095222
732040098223
332090091224
329040094225
532090097226
312040090227
327090093228
332040096229
332006097230
392001090231
325006093232
132001096233
372006099234
323001092235
932006095236
352001098237
321006091238
732001094239
732300095240
332800098241
329300091242
532800094243
312300097244
327800090245
332300093246
392800096247
325300099248
132800092249
132000093250
372050096251
323000099252
932050092253
352000095254
321050098255
732000091256
332050094257
329000097258
532050090259
532007091260
312002094261
327007097262
332002090263
392007093264
325002096265
132007099266
372002092267
323007095268
932002098269
932400099270
352900092271
321400095272
732900098273
332400091274
329900094275
532400097276
312900090277
327400093278
332900096279
332010097280
392060090281
325010093282
132060096283
372010099284
323060092285
932010095286
352060098287
321010091288
732060094289
732008095290
332003098291
329008091292
532003094293
312008097294
327003090295
332008093296
392003096297
325008099298
132003092299
932008409300
352003709301
321008009302
732003309303
332008609304
329003909305
532008209306
312003509307
327008809308
332003109309
332500209310
392000509311
325500809312
132000109313
372500409314
323000709315
932500009316
352000309317
321500609318
732000909319
732020009320
332070309321
329020609322
532070909323
312020209324
327070509325
332020809326
392070109327
325020409328
132070709329
132009809330
372004109331
323009409332
932004709333
352009009334
321004309335
732009609336
332004909337
329009209338
532004509339
532600609340
312100909341
327600209342
332100509343
392600809344
325100109345
132600409346
372100709347
323600009348
932100309349
932030409350
352080709351
321030009352
732080309353
332030609354
329080909355
532030209356
312080509357
327030809358
332080109359
332000209360
392005509361
325000809362
132005109363
372000409364
323005709365
932000009366
352005309367
321000609368
732005909369
732700009370
332200309371
329700609372
532200909373
312700209374
327200509375
332700809376
392200109377
325700409378
132200709379
132040809380
372090109381
323040409382
932090709383
352040009384
321090309385
732040609386
332090909387
329040209388
532090509389
532001609390
312006909391
327001209392
332006509393
392001809394
325006109395
132001409396
372006709397
323001009398
932006309399
732001059400
332006089401
329001019402
532006049403
312001079404
327006009405
332001039406
392006069407
325001099408
132006029409
132800039410
372300069411
323800099412
932300029413
352800059414
321300089415
732800019416
332300049417
329800079418
532300009419
532050019420
312000049421
327050079422
332000009423
392050039424
325000069425
132050099426
372000029427
323050059428
932000089429
932002099430
352007029431
321002059432
732007089433
332002019434
329007049435
532002079436
312007009437
327002039438
332007069439
332900079440
392400009441
325900039442
132400069443
372900099444
323400029445
932900059446
352400089447
321900019448
732400049449
732060059450
332010089451
329060019452
532010049453
312060079454
327010009455
332060039456
392010069457
325060099458
132010029459
132003039460
372008069461
323003099462
932008029463
352003059464
321008089465
732003019466
332008049467
329003079468
532008009469
532000019470
312500049471
327000079472
332500009473
392000039474
325500069475
132000099476
372500029477
323000059478
932500089479
932070099480
352020029481
321070059482
732020089483
332070019484
329020049485
532070079486
312020009487
327070039488
332020069489
332004079490
392009009491
325004039492
132009069493
372004099494
323009029495
932004059496
352009089497
321004019498
732009049499
532004096500
312009099501
327004092502
332009095503
392004098504
325009091505
132004094506
372009097507
323004090508
932009093509
932100094510
352600097511
321100090512
732600093513
332100096514
329600099515
532100092516
312600095517
327100098518
332600091519
332080092520
392030095521
325080098522
132030091523
372080094524
323030097525
932080090526
352030093527
321080096528
732030099529
732005090530
332000093531
329005096532
532000099533
312005092534
327000095535
332005098536
392000091537
325005094538
132000097539
132200098540
372700091541
323200094542
932700097543
352200090544
321700093545
732200096546
332700099547
329200092548
532700095549
532090096550
312040099551
327090092552
332040095553
392090098554
325040091555
132090094556
372040097557
323090090558
932040093559
932006094560
352001097561
321006090562
732001093563
332006096564
329001099565
532006092566
312001095567
327006098568
332001091569
332300092570
392800095571
325300098572
132800091573
372300094574
323800097575
932300090576
352800093577
321300096578
732800099579
732000090580
332050093581
329000096582
532050099583
312000092584
327050095585
332000098586
392050091587
325000094588
132050097589
132007098590
372002091591
323007094592
932002097593
352007090594
321002093595
732007096596
332002099597
329007092598
532002095599
332007709600
392002009601
325007309602
132002609603
372007909604
323002209605
932007509606
352002809607
321007109608
732002409609
732400509610
332900809611
329400109612
532900409613
312400709614
327900009615
332400309616
392900609617
325400909618
132900209619
132010309620
372060609621
323010909622
932060209623
352010509624
321060809625
732010109626
332060409627
329010709628
532060009629
532008109630
312003409631
327008709632
332003009633
392008309634
325003609635
132008909636
372003209637
323008509638
932003809639
932500909640
352000209641
321500509642
732000809643
332500109644
329000409645
532500709646
312000009647
327500309648
332000609649
332020709650
392070009651
325020309652
132070609653
372020909654
323070209655
932020509656
352070809657
321020109658
732070409659
732009509660
332004809661
329009109662
532004409663
312009709664
327004009665
332009309666
392004609667
325009909668
132004209669
132600309670
372100609671
323600909672
932100209673
352600509674
321100809675
732600109676
332100409677
329600709678
532100009679
532030109680
312080409681
327030709682
332080009683
392030309684
325080609685
132030909686
372080209687
323030509688
932080809689
932000909690
352005209691
321000509692
732005809693
332000109694
329005409695
532000709696
312005009697
327000309698
332005609699
132000089700
372005019701
323000049702
932005079703
352000009704
321005039705
732000069706
332005099707
329000029708
532005059709
532700069710
312200099711
327700029712
332200059713
392700089714
325200019715
132700049716
372200079717
323700009718
932200039719
932040049720
352090079721
321040009722
732090039723
332040069724
329090099725
532040029726
312090059727
327040089728
332090019729
332001029730
392006059731
325001089732
132006019733
372001049734
323006079735
932001009736
352006039737
321001069738
732006099739
732800009740
332300039741
329800069742
532300099743
312800029744
327300059745
332800089746
392300019747
325800049748
132300079749
132050089750
372000019751
323050049752
932000079753
352050009754
321000039755
732050069756
332000099757
329050029758
532000059759
532002069760
312007099761
327002029762
332007059763
392002089764
325007019765
132002049766
372007079767
323002009768
932007039769
932900049770
352400079771
321900009772
732400039773
332900069774
329400099775
532900029776
312400059777
327900089778
332400019779
332060029780
392010059781
325060089782
132010019783
372060049784
323010079785
932060009786
352010039787
321060069788
732010099789
732003009790
332008039791
329003069792
532008099793
312003029794
327008059795
332003089796
392008019797
325003049798
132008079799
932003099800
352008092801
321003095802
732008098803
332003091804
329008094805
532003097806
312008090807
327003093808
332008096809
332000097810
392500090811
325000093812
132500096813
372000099814
323500092815
932000095816
352500098817
321000091818
732500094819
732070095820
332020098821
329070091822
532020094823
312070097824
327020090825
332070093826
392020096827
325070099828
132020092829
132004093830
372009096831
323004099832
932009092833
352004095834
321009098835
732004091836
332009094837
329004097838
532009090839
532100091840
312600094841
327100097842
332600090843
392100093844
325600096845
132100099846
372600092847
323100095848
932600098849
932080099850
352030092851
321080095852
732030098853
332080091854
329030094855
532080097856
312030090857
327080093858
332030096859
332005097860
392000090861
325005093862
132000096863
372005099864
323000092865
932005095866
352000098867
321005091868
732000094869
732200095870
332700098871
329200091872
532700094873
312200097874
327700090875
332200093876
392700096877
325200099878
132700092879
132090093880
372040096881
323090099882
932040092883
352090095884
321040098885
732090091886
332040094887
329090097888
532040090889
532006091890
312001094891
327006097892
332001090893
392006093894
325001096895
132006099896
372001092897
323006095898
932001098899
732006009900
332001309901
329006609902
532001909903
312006209904
327001509905
332006809906
392001109907
325006409908
132001709909
132300809910
372800109911
323300409912
932800709913
352300009914
321800309915
732300609916
332800909917
329300209918
532800509919
532000609920
312050909921
327000209922
332050509923
392000809924
325050109925
132000409926
372050709927
323000009928
932050309929
932007409930
352002709931
321007009932
732002309933
332007609934
329002909935
532007209936
312002509937
327007809938
332002109939
332400209940
392900509941
325400809942
132900109943
372400409944
323900709945
932400009946
352900309947
321400609948
732900909949
732010009950
332060309951
329010609952
532060909953
312010209954
327060509955
332010809956
392060109957
325010409958
132060709959
132008809960
372003109961
323008409962
932003709963
352008009964
321003309965
732008609966
332003909967
329008209968
532003509969
532500609970
312000909971
327500209972
332000509973
392500809974
325000109975
132500409976
372000709977
323500009978
932000309979
932020409980
352070709981
321020009982
732070309983
332020609984
329070909985
532020209986
312070509987
327020809988
332070109989
332009209990
392004509991
325009809992
132004109993
372009409994
323004709995
932009009996
352004309997
321009609998
732004909999
232009110000