332005820001
329000120002
532005420003
312000720004
327005020005
332000320006
392005620007
325000920008
132005220009
132700320010
372200620011
323700920012
932200220013
352700520014
321200820015
732700120016
332200420017
329700720018
532200020019
532040120020
312090420021
327040720022
332090020023
392040320024
325090620025
132040920026
372090220027
323040520028
932090820029
932001920030
352006220031
321001520032
732006820033
332001120034
329006420035
532001720036
312006020037
327001320038
332006620039
332800720040
392300020041
325800320042
132300620043
372800920044
323300220045
932800520046
352300820047
321800120048
732300420049
732050520050
332000820051
329050120052
532000420053
312050720054
327000020055
332050320056
392000620057
325050920058
132000220059
132002320060
372007620061
323002920062
932007220063
352002520064
321007820065
732002120066
332007420067
329002720068
532007020069
532900120070
312400420071
327900720072
332400020073
392900320074
325400620075
132900920076
372400220077
323900520078
932400820079
932060920080
352010220081
321060520082
732010820083
332060120084
329010420085
532060720086
312010020087
327060320088
332010620089
332003720090
392008020091
325003320092
132008620093
372003920094
323008220095
932003520096
352008820097
321003120098
732008420099
532003260100
312008290101
327003220102
332008250103
392003280104
325008210105
132003240106
372008270107
323003200108
932008230109
932000240110
352500270111
321000200112
732500230113
332000260114
329500290115
532000220116
312500250117
327000280118
332500210119
332070220120
392020250121
325070280122
132020210123
372070240124
323020270125
932070200126
352020230127
321070260128
732020290129
732004200130
332009230131
329004260132
532009290133
312004220134
327009250135
332004280136
392009210137
325004240138
132009270139
132100280140
372600210141
323100240142
932600270143
352100200144
321600230145
732100260146
332600290147
329100220148
532600250149
532080260150
312030290151
327080220152
332030250153
392080280154
325030210155
132080240156
372030270157
323080200158
932030230159
932005240160
352000270161
321005200162
732000230163
332005260164
329000290165
532005220166
312000250167
327005280168
332000210169
332200220170
392700250171
325200280172
132700210173
372200240174
323700270175
932200200176
352700230177
321200260178
732700290179
732090200180
332040230181
329090260182
532040290183
312090220184
327040250185
332090280186
392040210187
325090240188
132040270189
132006280190
372001210191
323006240192
932001270193
352006200194
321001230195
732006260196
332001290197
329006220198
532001250199
332006207200
392001200201
325006203202
132001206203
372006209204
323001202205
932006205206
352001208207
321006201208
732001204209
732300205210
332800208211
329300201212
532800204213
312300207214
327800200215
332300203216
392800206217
325300209218
132800202219
132000203220
372050206221
323000209222
932050202223
352000205224
321050208225
732000201226
332050204227
329000207228
532050200229
532007201230
312002204231
327007207232
332002200233
392007203234
325002206235
132007209236
372002202237
323007205238
932002208239
932400209240
352900202241
321400205242
732900208243
332400201244
329900204245
532400207246
312900200247
327400203248
332900206249
332010207250
392060200251
325010203252
132060206253
372010209254
323060202255
932010205256
352060208257
321010201258
732060204259
732008205260
332003208261
329008201262
532003204263
312008207264
327003200265
332008203266
392003206267
325008209268
132003202269
132500203270
372000206271
323500209272
932000202273
352500205274
321000208275
732500201276
332000204277
329500207278
532000200279
532020201280
312070204281
327020207282
332070200283
392020203284
325070206285
132020209286
372070202287
323020205288
932070208289
932009209290
352004202291
321009205292
732004208293
332009201294
329004204295
532009207296
312004200297
327009203298
332004206299
132009820300
372004120301
323009420302
932004720303
352009020304
321004320305
732009620306
332004920307
329009220308
532004520309
532600620310
312100920311
327600220312
332100520313
392600820314
325100120315
132600420316
372100720317
323600020318
932100320319
932030420320
352080720321
321030020322
732080320323
332030620324
329080920325
532030220326
312080520327
327030820328
332080120329
332000220330
392005520331
325000820332
132005120333
372000420334
323005720335
932000020336
352005320337
321000620338
732005920339
732700020340
332200320341
329700620342
532200920343
312700220344
327200520345
332700820346
392200120347
325700420348
132200720349
132040820350
372090120351
323040420352
932090720353
352040020354
321090320355
732040620356
332090920357
329040220358
532090520359
532001620360
312006920361
327001220362
332006520363
392001820364
325006120365
132001420366
372006720367
323001020368
932006320369
932800420370
352300720371
321800020372
732300320373
332800620374
329300920375
532800220376
312300520377
327800820378
332300120379
332050220380
392000520381
325050820382
132000120383
372050420384
323000720385
932050020386
352000320387
321050620388
732000920389
732002020390
332007320391
329002620392
532007920393
312002220394
327007520395
332002820396
392007120397
325002420398
132007720399
932002290400
352007220401
321002250402
732007280403
332002210404
329007240405
532002270406
312007200407
327002230408
332007260409
332900270410
392400200411
325900230412
132400260413
372900290414
323400220415
932900250416
352400280417
321900210418
732400240419
732060250420
332010280421
329060210422
532010240423
312060270424
327010200425
332060230426
392010260427
325060290428
132010220429
132003230430
372008260431
323003290432
932008220433
352003250434
321008280435
732003210436
332008240437
329003270438
532008200439
532000210440
312500240441
327000270442
332500200443
392000230444
325500260445
132000290446
372500220447
323000250448
932500280449
932070290450
352020220451
321070250452
732020280453
332070210454
329020240455
532070270456
312020200457
327070230458
332020260459
332004270460
392009200461
325004230462
132009260463
372004290464
323009220465
932004250466
352009280467
321004210468
732009240469
732100250470
332600280471
329100210472
532600240473
312100270474
327600200475
332100230476
392600260477
325100290478
132600220479
132080230480
372030260481
323080290482
932030220483
352080250484
321030280485
732080210486
332030240487
329080270488
532030200489
532005210490
312000240491
327005270492
332000200493
392005230494
325000260495
132005290496
372000220497
323005250498
932000280499
732005200500
332000203501
329005206502
532000209503
312005202504
327000205505
332005208506
392000201507
325005204508
132000207509
132200208510
372700201511
323200204512
932700207513
352200200514
321700203515
732200206516
332700209517
329200202518
532700205519
532090206520
312040209521
327090202522
332040205523
392090208524
325040201525
132090204526
372040207527
323090200528
932040203529
932006204530
352001207531
321006200532
732001203533
332006206534
329001209535
532006202536
312001205537
327006208538
332001201539
332300202540
392800205541
325300208542
132800201543
372300204544
323800207545
932300200546
352800203547
321300206548
732800209549
732000200550
332050203551
329000206552
532050209553
312000202554
327050205555
332000208556
392050201557
325000204558
132050207559
132007208560
372002201561
323007204562
932002207563
352007200564
321002203565
732007206566
332002209567
329007202568
532002205569
532400206570
312900209571
327400202572
332900205573
392400208574
325900201575
132400204576
372900207577
323400200578
932900203579
932010204580
352060207581
321010200582
732060203583
332010206584
329060209585
532010202586
312060205587
327010208588
332060201589
332008202590
392003205591
325008208592
132003201593
372008204594
323003207595
932008200596
352003203597
321008206598
732003209599
532008120600
312003420601
327008720602
332003020603
392008320604
325003620605
132008920606
372003220607
323008520608
932003820609
932500920610
352000220611
321500520612
732000820613
332500120614
329000420615
532500720616
312000020617
327500320618
332000620619
332020720620
392070020621
325020320622
132070620623
372020920624
323070220625
932020520626
352070820627
321020120628
732070420629
732009520630
332004820631
329009120632
532004420633
312009720634
327004020635
332009320636
392004620637
325009920638
132004220639
132600320640
372100620641
323600920642
932100220643
352600520644
321100820645
732600120646
332100420647
329600720648
532100020649
532030120650
312080420651
327030720652
332080020653
392030320654
325080620655
132030920656
372080220657
323030520658
932080820659
932000920660
352005220661
321000520662
732005820663
332000120664
329005420665
532000720666
312005020667
327000320668
332005620669
332700720670
392200020671
325700320672
132200620673
372700920674
323200220675
932700520676
352200820677
321700120678
732200420679
732040520680
332090820681
329040120682
532090420683
312040720684
327090020685
332040320686
392090620687
325040920688
132090220689
132001320690
372006620691
323001920692
932006220693
352001520694
321006820695
732001120696
332006420697
329001720698
532006020699
332001220700
392006250701
325001280702
132006210703
372001240704
323006270705
932001200706
352006230707
321001260708
732006290709
732800200710
332300230711
329800260712
532300290713
312800220714
327300250715
332800280716
392300210717
325800240718
132300270719
132050280720
372000210721
323050240722
932000270723
352050200724
321000230725
732050260726
332000290727
329050220728
532000250729
532002260730
312007290731
327002220732
332007250733
392002280734
325007210735
132002240736
372007270737
323002200738
932007230739
932900240740
352400270741
321900200742
732400230743
332900260744
329400290745
532900220746
312400250747
327900280748
332400210749
332060220750
392010250751
325060280752
132010210753
372060240754
323010270755
932060200756
352010230757
321060260758
732010290759
732003200760
332008230761
329003260762
532008290763
312003220764
327008250765
332003280766
392008210767
325003240768
132008270769
132000280770
372500210771
323000240772
932500270773
352000200774
321500230775
732000260776
332500290777
329000220778
532500250779
532070260780
312020290781
327070220782
332020250783
392070280784
325020210785
132070240786
372020270787
323070200788
932020230789
932004240790
352009270791
321004200792
732009230793
332004260794
329009290795
532004220796
312009250797
327004280798
332009210799
132004203800
372009206801
323004209802
932009202803
352004205804
321009208805
732004201806
332009204807
329004207808
532009200809
532100201810
312600204811
327100207812
332600200813
392100203814
325600206815
132100209816
372600202817
323100205818
932600208819
932080209820
352030202821
321080205822
732030208823
332080201824
329030204825
532080207826
312030200827
327080203828
332030206829
332005207830
392000200831
325005203832
132000206833
372005209834
323000202835
932005205836
352000208837
321005201838
732000204839
732200205840
332700208841
329200201842
532700204843
312200207844
327700200845
332200203846
392700206847
325200209848
132700202849
132090203850
372040206851
323090209852
932040202853
352090205854
321040208855
732090201856
332040204857
329090207858
532040200859
532006201860
312001204861
327006207862
332001200863
392006203864
325001206865
132006209866
372001202867
323006205868
932001208869
932300209870
352800202871
321300205872
732800208873
332300201874
329800204875
532300207876
312800200877
327300203878
332800206879
332000207880
392050200881
325000203882
132050206883
372000209884
323050202885
932000205886
352050208887
321000201888
732050204889
732007205890
332002208891
329007201892
532002204893
312007207894
327002200895
332007203896
392002206897
325007209898
132002202899
932007420900
352002720901
321007020902
732002320903
332007620904
329002920905
532007220906
312002520907
327007820908
332002120909
332400220910
392900520911
325400820912
132900120913
372400420914
323900720915
932400020916
352900320917
321400620918
732900920919
732010020920
332060320921
329010620922
532060920923
312010220924
327060520925
332010820926
392060120927
325010420928
132060720929
132008820930
372003120931
323008420932
932003720933
352008020934
321003320935
732008620936
332003920937
329008220938
532003520939
532500620940
312000920941
327500220942
332000520943
392500820944
325000120945
132500420946
372000720947
323500020948
932000320949
932020420950
352070720951
321020020952
732070320953
332020620954
329070920955
532020220956
312070520957
327020820958
332070120959
332009220960
392004520961
325009820962
132004120963
372009420964
323004720965
932009020966
352004320967
321009620968
732004920969
732600020970
332100320971
329600620972
532100920973
312600220974
327100520975
332600820976
392100120977
325600420978
132100720979
132030820980
372080120981
323030420982
932080720983
352030020984
321080320985
732030620986
332080920987
329030220988
532080520989
532000620990
312005920991
327000220992
332005520993
392000820994
325005120995
132000420996
372005720997
323000020998
932005320999
932009121000
352004421001
321009721002
732004021003
332009321004
329004621005
532009921006
312004221007
327009521008
332004821009
332600921010
392100221011
325600521012
132100821013
372600121014
323100421015
932600721016
352100021017
321600321018
732100621019
732030721020
332080021021
329030321022
532080621023
312030921024
327080221025
332030521026
392080821027
325030121028
132080421029
132000521030
372005821031
323000121032
932005421033
352000721034
321005021035
732000321036
332005621037
329000921038
532005221039
532700321040
312200621041
327700921042
332200221043
392700521044
325200821045
132700121046
372200421047
323700721048
932200021049
932040121050
352090421051
321040721052
732090021053
332040321054
329090621055
532040921056
312090221057
327040521058
332090821059
332001921060
392006221061
325001521062
132006821063
372001121064
323006421065
932001721066
352006021067
321001321068
732006621069
732800721070
332300021071
329800321072
532300621073
312800921074
327300221075
332800521076
392300821077
325800121078
132300421079
132050521080
372000821081
323050121082
932000421083
352050721084
321000021085
732050321086
332000621087
329050921088
532000221089
532002321090
312007621091
327002921092
332007221093
392002521094
325007821095
132002121096
372007421097
323002721098
932007021099
732002221100
332007251101
329002281102
532007211103
312002241104
327007271105
332002201106
392007231107
325002261108
132007291109
132900201110
372400231111
323900261112
932400291113
352900221114
321400251115
732900281116
332400211117
329900241118
532400271119
532060281120
312010211121
327060241122
332010271123
392060201124
325010231125
132060261126
372010291127
323060221128
932010251129
932003261130
352008291131
321003221132
732008251133
332003281134
329008211135
532003241136
312008271137
327003201138
332008231139
332000241140
392500271141
325000201142
132500231143
372000261144
323500291145
932000221146
352500251147
321000281148
732500211149
732070221150
332020251151
329070281152
532020211153
312070241154
327020271155
332070201156
392020231157
325070261158
132020291159
132004201160
372009231161
323004261162
932009291163
352004221164
321009251165
732004281166
332009211167
329004241168
532009271169
532100281170
312600211171
327100241172
332600271173
392100201174
325600231175
132100261176
372600291177
323100221178
932600251179
932080261180
352030291181
321080221182
732030251183
332080281184
329030211185
532080241186
312030271187
327080201188
332030231189
332005241190
392000271191
325005201192
132000231193
372005261194
323000291195
932005221196
352000251197
321005281198
732000211199
532005213200
312000216201
327005219202
332000212203
392005215204
325000218205
132005211206
372000214207
323005217208
932000210209
932200211210
352700214211
321200217212
732700210213
332200213214
329700216215
532200219216
312700212217
327200215218
332700218219
332090219220
392040212221
325090215222
132040218223
372090211224
323040214225
932090217226
352040210227
321090213228
732040216229
732006217230
332001210231
329006213232
532001216233
312006219234
327001212235
332006215236
392001218237
325006211238
132001214239
132300215240
372800218241
323300211242
932800214243
352300217244
321800210245
732300213246
332800216247
329300219248
532800212249
532000213250
312050216251
327000219252
332050212253
392000215254
325050218255
132000211256
372050214257
323000217258
932050210259
932007211260
352002214261
321007217262
732002210263
332007213264
329002216265
532007219266
312002212267
327007215268
332002218269
332400219270
392900212271
325400215272
132900218273
372400211274
323900214275
932400217276
352900210277
321400213278
732900216279
732010217280
332060210281
329010213282
532060216283
312010219284
327060212285
332010215286
392060218287
325010211288
132060214289
132008215290
372003218291
323008211292
932003214293
352008217294
321003210295
732008213296
332003216297
329008219298
532003212299
332008421300
392003721301
325008021302
132003321303
372008621304
323003921305
932008221306
352003521307
321008821308
732003121309
732500221310
332000521311
329500821312
532000121313
312500421314
327000721315
332500021316
392000321317
325500621318
132000921319
132020021320
372070321321
323020621322
932070921323
352020221324
321070521325
732020821326
332070121327
329020421328
532070721329
532009821330
312004121331
327009421332
332004721333
392009021334
325004321335
132009621336
372004921337
323009221338
932004521339
932600621340
352100921341
321600221342
732100521343
332600821344
329100121345
532600421346
312100721347
327600021348
332100321349
332030421350
392080721351
325030021352
132080321353
372030621354
323080921355
932030221356
352080521357
321030821358
732080121359
732000221360
332005521361
329000821362
532005121363
312000421364
327005721365
332000021366
392005321367
325000621368
132005921369
132700021370
372200321371
323700621372
932200921373
352700221374
321200521375
732700821376
332200121377
329700421378
532200721379
532040821380
312090121381
327040421382
332090721383
392040021384
325090321385
132040621386
372090921387
323040221388
932090521389
932001621390
352006921391
321001221392
732006521393
332001821394
329006121395
532001421396
312006721397
327001021398
332006321399
132001251400
372006281401
323001211402
932006241403
352001271404
321006201405
732001231406
332006261407
329001291408
532006221409
532800231410
312300261411
327800291412
332300221413
392800251414
325300281415
132800211416
372300241417
323800271418
932300201419
932050211420
352000241421
321050271422
732000201423
332050231424
329000261425
532050291426
312000221427
327050251428
332000281429
332002291430
392007221431
325002251432
132007281433
372002211434
323007241435
932002271436
352007201437
321002231438
732007261439
732900271440
332400201441
329900231442
532400261443
312900291444
327400221445
332900251446
392400281447
325900211448
132400241449
132060251450
372010281451
323060211452
932010241453
352060271454
321010201455
732060231456
332010261457
329060291458
532010221459
532003231460
312008261461
327003291462
332008221463
392003251464
325008281465
132003211466
372008241467
323003271468
932008201469
932000211470
352500241471
321000271472
732500201473
332000231474
329500261475
532000291476
312500221477
327000251478
332500281479
332070291480
392020221481
325070251482
132020281483
372070211484
323020241485
932070271486
352020201487
321070231488
732020261489
732004271490
332009201491
329004231492
532009261493
312004291494
327009221495
332004251496
392009281497
325004211498
132009241499
932004216500
352009219501
321004212502
732009215503
332004218504
329009211505
532004214506
312009217507
327004210508
332009213509
332100214510
392600217511
325100210512
132600213513
372100216514
323600219515
932100212516
352600215517
321100218518
732600211519
732080212520
332030215521
329080218522
532030211523
312080214524
327030217525
332080210526
392030213527
325080216528
132030219529
132005210530
372000213531
323005216532
932000219533
352005212534
321000215535
732005218536
332000211537
329005214538
532000217539
532200218540
312700211541
327200214542
332700217543
392200210544
325700213545
132200216546
372700219547
323200212548
932700215549
932090216550
352040219551
321090212552
732040215553
332090218554
329040211555
532090214556
312040217557
327090210558
332040213559
332006214560
392001217561
325006210562
132001213563
372006216564
323001219565
932006212566
352001215567
321006218568
732001211569
732300212570
332800215571
329300218572
532800211573
312300214574
327800217575
332300210576
392800213577
325300216578
132800219579
132000210580
372050213581
323000216582
932050219583
352000212584
321050215585
732000218586
332050211587
329000214588
532050217589
532007218590
312002211591
327007214592
332002217593
392007210594
325002213595
132007216596
372002219597
323007212598
932002215599
732007721600
332002021601
329007321602
532002621603
312007921604
327002221605
332007521606
392002821607
325007121608
132002421609
132400521610
372900821611
323400121612
932900421613
352400721614
321900021615
732400321616
332900621617
329400921618
532900221619
532010321620
312060621621
327010921622
332060221623
392010521624
325060821625
132010121626
372060421627
323010721628
932060021629
932008121630
352003421631
321008721632
732003021633
332008321634
329003621635
532008921636
312003221637
327008521638
332003821639
332500921640
392000221641
325500521642
132000821643
372500121644
323000421645
932500721646
352000021647
321500321648
732000621649
732020721650
332070021651
329020321652
532070621653
312020921654
327070221655
332020521656
392070821657
325020121658
132070421659
132009521660
372004821661
323009121662
932004421663
352009721664
321004021665
732009321666
332004621667
329009921668
532004221669
532600321670
312100621671
327600921672
332100221673
392600521674
325100821675
132600121676
372100421677
323600721678
932100021679
932030121680
352080421681
321030721682
732080021683
332030321684
329080621685
532030921686
312080221687
327030521688
332080821689
332000921690
392005221691
325000521692
132005821693
372000121694
323005421695
932000721696
352005021697
321000321698
732005621699
532000281700
312005211701
327000241702
332005271703
392000201704
325005231705
132000261706
372005291707
323000221708
932005251709
932700261710
352200291711
321700221712
732200251713
332700281714
329200211715
532700241716
312200271717
327700201718
332200231719
332040241720
392090271721
325040201722
132090231723
372040261724
323090291725
932040221726
352090251727
321040281728
732090211729
732001221730
332006251731
329001281732
532006211733
312001241734
327006271735
332001201736
392006231737
325001261738
132006291739
132800201740
372300231741
323800261742
932300291743
352800221744
321300251745
732800281746
332300211747
329800241748
532300271749
532050281750
312000211751
327050241752
332000271753
392050201754
325000231755
132050261756
372000291757
323050221758
932000251759
932002261760
352007291761
321002221762
732007251763
332002281764
329007211765
532002241766
312007271767
327002201768
332007231769
332900241770
392400271771
325900201772
132400231773
372900261774
323400291775
932900221776
352400251777
321900281778
732400211779
732060221780
332010251781
329060281782
532010211783
312060241784
327010271785
332060201786
392010231787
325060261788
132010291789
132003201790
372008231791
323003261792
932008291793
352003221794
321008251795
732003281796
332008211797
329003241798
532008271799
332003219800
392008212801
325003215802
132008218803
372003211804
323008214805
932003217806
352008210807
321003213808
732008216809
732000217810
332500210811
329000213812
532500216813
312000219814
327500212815
332000215816
392500218817
325000211818
132500214819
132070215820
372020218821
323070211822
932020214823
352070217824
321020210825
732070213826
332020216827
329070219828
532020212829
532004213830
312009216831
327004219832
332009212833
392004215834
325009218835
132004211836
372009214837
323004217838
932009210839
932100211840
352600214841
321100217842
732600210843
332100213844
329600216845
532100219846
312600212847
327100215848
332600218849
332080219850
392030212851
325080215852
132030218853
372080211854
323030214855
932080217856
352030210857
321080213858
732030216859
732005217860
332000210861
329005213862
532000216863
312005219864
327000212865
332005215866
392000218867
325005211868
132000214869
132200215870
372700218871
323200211872
932700214873
352200217874
321700210875
732200213876
332700216877
329200219878
532700212879
532090213880
312040216881
327090219882
332040212883
392090215884
325040218885
132090211886
372040214887
323090217888
932040210889
932006211890
352001214891
321006217892
732001210893
332006213894
329001216895
532006219896
312001212897
327006215898
332001218899
132006021900
372001321901
323006621902
932001921903
352006221904
321001521905
732006821906
332001121907
329006421908
532001721909
532300821910
312800121911
327300421912
332800721913
392300021914
325800321915
132300621916
372800921917
323300221918
932800521919
932000621920
352050921921
321000221922
732050521923
332000821924
329050121925
532000421926
312050721927
327000021928
332050321929
332007421930
392002721931
325007021932
132002321933
372007621934
323002921935
932007221936
352002521937
321007821938
732002121939
732400221940
332900521941
329400821942
532900121943
312400421944
327900721945
332400021946
392900321947
325400621948
132900921949
132010021950
372060321951
323010621952
932060921953
352010221954
321060521955
732010821956
332060121957
329010421958
532060721959
532008821960
312003121961
327008421962
332003721963
392008021964
325003321965
132008621966
372003921967
323008221968
932003521969
932500621970
352000921971
321500221972
732000521973
332500821974
329000121975
532500421976
312000721977
327500021978
332000321979
332020421980
392070721981
325020021982
132070321983
372020621984
323070921985
932020221986
352070521987
321020821988
732070121989
732009221990
332004521991
329009821992
532004121993
312009421994
327004721995
332009021996
392004321997
325009621998
132004921999
132008722000
372003022001
323008322002
932003622003
352008922004
321003222005
732008522006
332003822007
329008122008
532003422009
532500522010
312000822011
327500122012
332000422013
392500722014
325000022015
132500322016
372000622017
323500922018
932000222019
932020322020
352070622021
321020922022
732070222023
332020522024
329070822025
532020122026
312070422027
327020722028
332070022029
332009122030
392004422031
325009722032
132004022033
372009322034
323004622035
932009922036
352004222037
321009522038
732004822039
732600922040
332100222041
329600522042
532100822043
312600122044
327100422045
332600722046
392100022047
325600322048
132100622049
132030722050
372080022051
323030322052
932080622053
352030922054
321080222055
732030522056
332080822057
329030122058
532080422059
532000522060
312005822061
327000122062
332005422063
392000722064
325005022065
132000322066
372005622067
323000922068
932005222069
932700322070
352200622071
321700922072
732200222073
332700522074
329200822075
532700122076
312200422077
327700722078
332200022079
332040122080
392090422081
325040722082
132090022083
372040322084
323090622085
932040922086
352090222087
321040522088
732090822089
732001922090
332006222091
329001522092
532006822093
312001122094
327006422095
332001722096
392006022097
325001322098
132006622099
932001282100
352006212101
321001242102
732006272103
332001202104
329006232105
532001262106
312006292107
327001222108
332006252109
332800262110
392300292111
325800222112
132300252113
372800282114
323300212115
932800242116
352300272117
321800202118
732300232119
732050242120
332000272121
329050202122
532000232123
312050262124
327000292125
332050222126
392000252127
325050282128
132000212129
132002222130
372007252131
323002282132
932007212133
352002242134
321007272135
732002202136
332007232137
329002262138
532007292139
532900202140
312400232141
327900262142
332400292143
392900222144
325400252145
132900282146
372400212147
323900242148
932400272149
932060282150
352010212151
321060242152
732010272153
332060202154
329010232155
532060262156
312010292157
327060222158
332010252159
332003262160
392008292161
325003222162
132008252163
372003282164
323008212165
932003242166
352008272167
321003202168
732008232169
732000242170
332500272171
329000202172
532500232173
312000262174
327500292175
332000222176
392500252177
325000282178
132500212179
132070222180
372020252181
323070282182
932020212183
352070242184
321020272185
732070202186
332020232187
329070262188
532020292189
532004202190
312009232191
327004262192
332009292193
392004222194
325009252195
132004282196
372009212197
323004242198
932009272199
732004229200
332009222201
329004225202
532009228203
312004221204
327009224205
332004227206
392009220207
325004223208
132009226209
132100227210
372600220211
323100223212
932600226213
352100229214
321600222215
732100225216
332600228217
329100221218
532600224219
532080225220
312030228221
327080221222
332030224223
392080227224
325030220225
132080223226
372030226227
323080229228
932030222229
932005223230
352000226231
321005229232
732000222233
332005225234
329000228235
532005221236
312000224237
327005227238
332000220239
332200221240
392700224241
325200227242
132700220243
372200223244
323700226245
932200229246
352700222247
321200225248
732700228249
732090229250
332040222251
329090225252
532040228253
312090221254
327040224255
332090227256
392040220257
325090223258
132040226259
132006227260
372001220261
323006223262
932001226263
352006229264
321001222265
732006225266
332001228267
329006221268
532001224269
532300225270
312800228271
327300221272
332800224273
392300227274
325800220275
132300223276
372800226277
323300229278
932800222279
932000223280
352050226281
321000229282
732050222283
332000225284
329050228285
532000221286
312050224287
327000227288
332050220289
332007221290
392002224291
325007227292
132002220293
372007223294
323002226295
932007229296
352002222297
321007225298
732002228299
532007022300
312002322301
327007622302
332002922303
392007222304
325002522305
132007822306
372002122307
323007422308
932002722309
932400822310
352900122311
321400422312
732900722313
332400022314
329900322315
532400622316
312900922317
327400222318
332900522319
332010622320
392060922321
325010222322
132060522323
372010822324
323060122325
932010422326
352060722327
321010022328
732060322329
732008422330
332003722331
329008022332
532003322333
312008622334
327003922335
332008222336
392003522337
325008822338
132003122339
132500222340
372000522341
323500822342
932000122343
352500422344
321000722345
732500022346
332000322347
329500622348
532000922349
532020022350
312070322351
327020622352
332070922353
392020222354
325070522355
132020822356
372070122357
323020422358
932070722359
932009822360
352004122361
321009422362
732004722363
332009022364
329004322365
532009622366
312004922367
327009222368
332004522369
332600622370
392100922371
325600222372
132100522373
372600822374
323100122375
932600422376
352100722377
321600022378
732100322379
732030422380
332080722381
329030022382
532080322383
312030622384
327080922385
332030222386
392080522387
325030822388
132080122389
132000222390
372005522391
323000822392
932005122393
352000422394
321005722395
732000022396
332005322397
329000622398
532005922399
332000212400
392005242401
325000272402
132005202403
372000232404
323005262405
932000292406
352005222407
321000252408
732005282409
732700292410
332200222411
329700252412
532200282413
312700212414
327200242415
332700272416
392200202417
325700232418
132200262419
132040272420
372090202421
323040232422
932090262423
352040292424
321090222425
732040252426
332090282427
329040212428
532090242429
532001252430
312006282431
327001212432
332006242433
392001272434
325006202435
132001232436
372006262437
323001292438
932006222439
932800232440
352300262441
321800292442
732300222443
332800252444
329300282445
532800212446
312300242447
327800272448
332300202449
332050212450
392000242451
325050272452
132000202453
372050232454
323000262455
932050292456
352000222457
321050252458
732000282459
732002292460
332007222461
329002252462
532007282463
312002212464
327007242465
332002272466
392007202467
325002232468
132007262469
132900272470
372400202471
323900232472
932400262473
352900292474
321400222475
732900252476
332400282477
329900212478
532400242479
532060252480
312010282481
327060212482
332010242483
392060272484
325010202485
132060232486
372010262487
323060292488
932010222489
932003232490
352008262491
321003292492
732008222493
332003252494
329008282495
532003212496
312008242497
327003272498
332008202499
132003222500
372008225501
323003228502
932008221503
352003224504
321008227505
732003220506
332008223507
329003226508
532008229509
532000220510
312500223511
327000226512
332500229513
392000222514
325500225515
132000228516
372500221517
323000224518
932500227519
932070228520
352020221521
321070224522
732020227523
332070220524
329020223525
532070226526
312020229527
327070222528
332020225529
332004226530
392009229531
325004222532
132009225533
372004228534
323009221535
932004224536
352009227537
321004220538
732009223539
732100224540
332600227541
329100220542
532600223543
312100226544
327600229545
332100222546
392600225547
325100228548
132600221549
132080222550
372030225551
323080228552
932030221553
352080224554
321030227555
732080220556
332030223557
329080226558
532030229559
532005220560
312000223561
327005226562
332000229563
392005222564
325000225565
132005228566
372000221567
323005224568
932000227569
932200228570
352700221571
321200224572
732700227573
332200220574
329700223575
532200226576
312700229577
327200222578
332700225579
332090226580
392040229581
325090222582
132040225583
372090228584
323040221585
932090224586
352040227587
321090220588
732040223589
732006224590
332001227591
329006220592
532001223593
312006226594
327001229595
332006222596
392001225597
325006228598
132001221599
932006322600
352001622601
321006922602
732001222603
332006522604
329001822605
532006122606
312001422607
327006722608
332001022609
332300122610
392800422611
325300722612
132800022613
372300322614
323800622615
932300922616
352800222617
321300522618
732800822619
732000922620
332050222621
329000522622
532050822623
312000122624
327050422625
332000722626
392050022627
325000322628
132050622629
132007722630
372002022631
323007322632
932002622633
352007922634
321002222635
732007522636
332002822637
329007122638
532002422639
532400522640
312900822641
327400122642
332900422643
392400722644
325900022645
132400322646
372900622647
323400922648
932900222649
932010322650
352060622651
321010922652
732060222653
332010522654
329060822655
532010122656
312060422657
327010722658
332060022659
332008122660
392003422661
325008722662
132003022663
372008322664
323003622665
932008922666
352003222667
321008522668
732003822669
732500922670
332000222671
329500522672
532000822673
312500122674
327000422675
332500722676
392000022677
325500322678
132000622679
132020722680
372070022681
323020322682
932070622683
352020922684
321070222685
732020522686
332070822687
329020122688
532070422689
532009522690
312004822691
327009122692
332004422693
392009722694
325004022695
132009322696
372004622697
323009922698
932004222699
732009242700
332004272701
329009202702
532004232703
312009262704
327004292705
332009222706
392004252707
325009282708
132004212709
132600222710
372100252711
323600282712
932100212713
352600242714
321100272715
732600202716
332100232717
329600262718
532100292719
532030202720
312080232721
327030262722
332080292723
392030222724
325080252725
132030282726
372080212727
323030242728
932080272729
932000282730
352005212731
321000242732
732005272733
332000202734
329005232735
532000262736
312005292737
327000222738
332005252739
332700262740
392200292741
325700222742
132200252743
372700282744
323200212745
932700242746
352200272747
321700202748
732200232749
732040242750
332090272751
329040202752
532090232753
312040262754
327090292755
332040222756
392090252757
325040282758
132090212759
132001222760
372006252761
323001282762
932006212763
352001242764
321006272765
732001202766
332006232767
329001262768
532006292769
532800202770
312300232771
327800262772
332300292773
392800222774
325300252775
132800282776
372300212777
323800242778
932300272779
932050282780
352000212781
321050242782
732000272783
332050202784
329000232785
532050262786
312000292787
327050222788
332000252789
332002262790
392007292791
325002222792
132007252793
372002282794
323007212795
932002242796
352007272797
321002202798
732007232799
532002225800
312007228801
327002221802
332007224803
392002227804
325007220805
132002223806
372007226807
323002229808
932007222809
932900223810
352400226811
321900229812
732400222813
332900225814
329400228815
532900221816
312400224817
327900227818
332400220819
332060221820
392010224821
325060227822
132010220823
372060223824
323010226825
932060229826
352010222827
321060225828
732010228829
732003229830
332008222831
329003225832
532008228833
312003221834
327008224835
332003227836
392008220837
325003223838
132008226839
132000227840
372500220841
323000223842
932500226843
352000229844
321500222845
732000225846
332500228847
329000221848
532500224849
532070225850
312020228851
327070221852
332020224853
392070227854
325020220855
132070223856
372020226857
323070229858
932020222859
932004223860
352009226861
321004229862
732009222863
332004225864
329009228865
532004221866
312009224867
327004227868
332009220869
332100221870
392600224871
325100227872
132600220873
372100223874
323600226875
932100229876
352600222877
321100225878
732600228879
732080229880
332030222881
329080225882
532030228883
312080221884
327030224885
332080227886
392030220887
325080223888
132030226889
132005227890
372000220891
323005223892
932000226893
352005229894
321000222895
732005225896
332000228897
329005221898
532000224899
332005622900
392000922901
325005222902
132000522903
372005822904
323000122905
932005422906
352000722907
321005022908
732000322909
732200422910
332700722911
329200022912
532700322913
312200622914
327700922915
332200222916
392700522917
325200822918
132700122919
132090222920
372040522921
323090822922
932040122923
352090422924
321040722925
732090022926
332040322927
329090622928
532040922929
532006022930
312001322931
327006622932
332001922933
392006222934
325001522935
132006822936
372001122937
323006422938
932001722939
932300822940
352800122941
321300422942
732800722943
332300022944
329800322945
532300622946
312800922947
327300222948
332800522949
332000622950
392050922951
325000222952
132050522953
372000822954
323050122955
932000422956
352050722957
321000022958
732050322959
732007422960
332002722961
329007022962
532002322963
312007622964
327002922965
332007222966
392002522967
325007822968
132002122969
132400222970
372900522971
323400822972
932900122973
352400422974
321900722975
732400022976
332900322977
329400622978
532900922979
532010022980
312060322981
327010622982
332060922983
392010222984
325060522985
132010822986
372060122987
323010422988
932060722989
932008822990
352003122991
321008422992
732003722993
332008022994
329003322995
532008622996
312003922997
327008222998
332003522999
332007323000
392002623001
325007923002
132002223003
372007523004
323002823005
932007123006
352002423007
321007723008
732002023009
732400123010
332900423011
329400723012
532900023013
312400323014
327900623015
332400923016
392900223017
325400523018
132900823019
132010923020
372060223021
323010523022
932060823023
352010123024
321060423025
732010723026
332060023027
329010323028
532060623029
532008723030
312003023031
327008323032
332003623033
392008923034
325003223035
132008523036
372003823037
323008123038
932003423039
932500523040
352000823041
321500123042
732000423043
332500723044
329000023045
532500323046
312000623047
327500923048
332000223049
332020323050
392070623051
325020923052
132070223053
372020523054
323070823055
932020123056
352070423057
321020723058
732070023059
732009123060
332004423061
329009723062
532004023063
312009323064
327004623065
332009923066
392004223067
325009523068
132004823069
132600923070
372100223071
323600523072
932100823073
352600123074
321100423075
732600723076
332100023077
329600323078
532100623079
532030723080
312080023081
327030323082
332080623083
392030923084
325080223085
132030523086
372080823087
323030123088
932080423089
932000523090
352005823091
321000123092
732005423093
332000723094
329005023095
532000323096
312005623097
327000923098
332005223099
132000243100
372005273101
323000203102
932005233103
352000263104
321005293105
732000223106
332005253107
329000283108
532005213109
532700223110
312200253111
327700283112
332200213113
392700243114
325200273115
132700203116
372200233117
323700263118
932200293119
932040203120
352090233121
321040263122
732090293123
332040223124
329090253125
532040283126
312090213127
327040243128
332090273129
332001283130
392006213131
325001243132
132006273133
372001203134
323006233135
932001263136
352006293137
321001223138
732006253139
732800263140
332300293141
329800223142
532300253143
312800283144
327300213145
332800243146
392300273147
325800203148
132300233149
132050243150
372000273151
323050203152
932000233153
352050263154
321000293155
732050223156
332000253157
329050283158
532000213159
532002223160
312007253161
327002283162
332007213163
392002243164
325007273165
132002203166
372007233167
323002263168
932007293169
932900203170
352400233171
321900263172
732400293173
332900223174
329400253175
532900283176
312400213177
327900243178
332400273179
332060283180
392010213181
325060243182
132010273183
372060203184
323010233185
932060263186
352010293187
321060223188
732010253189
732003263190
332008293191
329003223192
532008253193
312003283194
327008213195
332003243196
392008273197
325003203198
132008233199
932003235200
352008238201
321003231202
732008234203
332003237204
329008230205
532003233206
312008236207
327003239208
332008232209
332000233210
392500236211
325000239212
132500232213
372000235214
323500238215
932000231216
352500234217
321000237218
732500230219
732070231220
332020234221
329070237222
532020230223
312070233224
327020236225
332070239226
392020232227
325070235228
132020238229
132004239230
372009232231
323004235232
932009238233
352004231234
321009234235
732004237236
332009230237
329004233238
532009236239
532100237240
312600230241
327100233242
332600236243
392100239244
325600232245
132100235246
372600238247
323100231248
932600234249
932080235250
352030238251
321080231252
732030234253
332080237254
329030230255
532080233256
312030236257
327080239258
332030232259
332005233260
392000236261
325005239262
132000232263
372005235264
323000238265
932005231266
352000234267
321005237268
732000230269
732200231270
332700234271
329200237272
532700230273
312200233274
327700236275
332200239276
392700232277
325200235278
132700238279
132090239280
372040232281
323090235282
932040238283
352090231284
321040234285
732090237286
332040230287
329090233288
532040236289
532006237290
312001230291
327006233292
332001236293
392006239294
325001232295
132006235296
372001238297
323006231298
932001234299
732006623300
332001923301
329006223302
532001523303
312006823304
327001123305
332006423306
392001723307
325006023308
132001323309
132300423310
372800723311
323300023312
932800323313
352300623314
321800923315
732300223316
332800523317
329300823318
532800123319
532000223320
312050523321
327000823322
332050123323
392000423324
325050723325
132000023326
372050323327
323000623328
932050923329
932007023330
352002323331
321007623332
732002923333
332007223334
329002523335
532007823336
312002123337
327007423338
332002723339
332400823340
392900123341
325400423342
132900723343
372400023344
323900323345
932400623346
352900923347
321400223348
732900523349
732010623350
332060923351
329010223352
532060523353
312010823354
327060123355
332010423356
392060723357
325010023358
132060323359
132008423360
372003723361
323008023362
932003323363
352008623364
321003923365
732008223366
332003523367
329008823368
532003123369
532500223370
312000523371
327500823372
332000123373
392500423374
325000723375
132500023376
372000323377
323500623378
932000923379
932020023380
352070323381
321020623382
732070923383
332020223384
329070523385
532020823386
312070123387
327020423388
332070723389
332009823390
392004123391
325009423392
132004723393
372009023394
323004323395
932009623396
352004923397
321009223398
732004523399
532009273400
312004203401
327009233402
332004263403
392009293404
325004223405
132009253406
372004283407
323009213408
932004243409
932600253410
352100283411
321600213412
732100243413
332600273414
329100203415
532600233416
312100263417
327600293418
332100223419
332030233420
392080263421
325030293422
132080223423
372030253424
323080283425
932030213426
352080243427
321030273428
732080203429
732000213430
332005243431
329000273432
532005203433
312000233434
327005263435
332000293436
392005223437
325000253438
132005283439
132700293440
372200223441
323700253442
932200283443
352700213444
321200243445
732700273446
332200203447
329700233448
532200263449
532040273450
312090203451
327040233452
332090263453
392040293454
325090223455
132040253456
372090283457
323040213458
932090243459
932001253460
352006283461
321001213462
732006243463
332001273464
329006203465
532001233466
312006263467
327001293468
332006223469
332800233470
392300263471
325800293472
132300223473
372800253474
323300283475
932800213476
352300243477
321800273478
732300203479
732050213480
332000243481
329050273482
532000203483
312050233484
327000263485
332050293486
392000223487
325050253488
132000283489
132002293490
372007223491
323002253492
932007283493
352002213494
321007243495
732002273496
332007203497
329002233498
532007263499
332002238500
392007231501
325002234502
132007237503
372002230504
323007233505
932002236506
352007239507
321002232508
732007235509
732900236510
332400239511
329900232512
532400235513
312900238514
327400231515
332900234516
392400237517
325900230518
132400233519
132060234520
372010237521
323060230522
932010233523
352060236524
321010239525
732060232526
332010235527
329060238528
532010231529
532003232530
312008235531
327003238532
332008231533
392003234534
325008237535
132003230536
372008233537
323003236538
932008239539
932000230540
352500233541
321000236542
732500239543
332000232544
329500235545
532000238546
312500231547
327000234548
332500237549
332070238550
392020231551
325070234552
132020237553
372070230554
323020233555
932070236556
352020239557
321070232558
732020235559
732004236560
332009239561
329004232562
532009235563
312004238564
327009231565
332004234566
392009237567
325004230568
132009233569
132100234570
372600237571
323100230572
932600233573
352100236574
321600239575
732100232576
332600235577
329100238578
532600231579
532080232580
312030235581
327080238582
332030231583
392080234584
325030237585
132080230586
372030233587
323080236588
932030239589
932005230590
352000233591
321005236592
732000239593
332005232594
329000235595
532005238596
312000231597
327005234598
332000237599
132005923600
372000223601
323005523602
932000823603
352005123604
321000423605
732005723606
332000023607
329005323608
532000623609
532200723610
312700023611
327200323612
332700623613
392200923614
325700223615
132200523616
372700823617
323200123618
932700423619
932090523620
352040823621
321090123622
732040423623
332090723624
329040023625
532090323626
312040623627
327090923628
332040223629
332006323630
392001623631
325006923632
132001223633
372006523634
323001823635
932006123636
352001423637
321006723638
732001023639
732300123640
332800423641
329300723642
532800023643
312300323644
327800623645
332300923646
392800223647
325300523648
132800823649
132000923650
372050223651
323000523652
932050823653
352000123654
321050423655
732000723656
332050023657
329000323658
532050623659
532007723660
312002023661
327007323662
332002623663
392007923664
325002223665
132007523666
372002823667
323007123668
932002423669
932400523670
352900823671
321400123672
732900423673
332400723674
329900023675
532400323676
312900623677
327400923678
332900223679
332010323680
392060623681
325010923682
132060223683
372010523684
323060823685
932010123686
352060423687
321010723688
732060023689
732008123690
332003423691
329008723692
532003023693
312008323694
327003623695
332008923696
392003223697
325008523698
132003823699
932008203700
352003233701
321008263702
732003293703
332008223704
329003253705
532008283706
312003213707
327008243708
332003273709
332500283710
392000213711
325500243712
132000273713
372500203714
323000233715
932500263716
352000293717
321500223718
732000253719
732020263720
332070293721
329020223722
532070253723
312020283724
327070213725
332020243726
392070273727
325020203728
132070233729
132009243730
372004273731
323009203732
932004233733
352009263734
321004293735
732009223736
332004253737
329009283738
532004213739
532600223740
312100253741
327600283742
332100213743
392600243744
325100273745
132600203746
372100233747
323600263748
932100293749
932030203750
352080233751
321030263752
732080293753
332030223754
329080253755
532030283756
312080213757
327030243758
332080273759
332000283760
392005213761
325000243762
132005273763
372000203764
323005233765
932000263766
352005293767
321000223768
732005253769
732700263770
332200293771
329700223772
532200253773
312700283774
327200213775
332700243776
392200273777
325700203778
132200233779
132040243780
372090273781
323040203782
932090233783
352040263784
321090293785
732040223786
332090253787
329040283788
532090213789
532001223790
312006253791
327001283792
332006213793
392001243794
325006273795
132001203796
372006233797
323001263798
932006293799
732001231800
332006234801
329001237802
532006230803
312001233804
327006236805
332001239806
392006232807
325001235808
132006238809
132800239810
372300232811
323800235812
932300238813
352800231814
321300234815
732800237816
332300230817
329800233818
532300236819
532050237820
312000230821
327050233822
332000236823
392050239824
325000232825
132050235826
372000238827
323050231828
932000234829
932002235830
352007238831
321002231832
732007234833
332002237834
329007230835
532002233836
312007236837
327002239838
332007232839
332900233840
392400236841
325900239842
132400232843
372900235844
323400238845
932900231846
352400234847
321900237848
732400230849
732060231850
332010234851
329060237852
532010230853
312060233854
327010236855
332060239856
392010232857
325060235858
132010238859
132003239860
372008232861
323003235862
932008238863
352003231864
321008234865
732003237866
332008230867
329003233868
532008236869
532000237870
312500230871
327000233872
332500236873
392000239874
325500232875
132000235876
372500238877
323000231878
932500234879
932070235880
352020238881
321070231882
732020234883
332070237884
329020230885
532070233886
312020236887
327070239888
332020232889
332004233890
392009236891
325004239892
132009232893
372004235894
323009238895
932004231896
352009234897
321004237898
732009230899
532004223900
312009523901
327004823902
332009123903
392004423904
325009723905
132004023906
372009323907
323004623908
932009923909
932100023910
352600323911
321100623912
732600923913
332100223914
329600523915
532100823916
312600123917
327100423918
332600723919
332080823920
392030123921
325080423922
132030723923
372080023924
323030323925
932080623926
352030923927
321080223928
732030523929
732005623930
332000923931
329005223932
532000523933
312005823934
327000123935
332005423936
392000723937
325005023938
132000323939
132200423940
372700723941
323200023942
932700323943
352200623944
321700923945
732200223946
332700523947
329200823948
532700123949
532090223950
312040523951
327090823952
332040123953
392090423954
325040723955
132090023956
372040323957
323090623958
932040923959
932006023960
352001323961
321006623962
732001923963
332006223964
329001523965
532006823966
312001123967
327006423968
332001723969
332300823970
392800123971
325300423972
132800723973
372300023974
323800323975
932300623976
352800923977
321300223978
732800523979
732000623980
332050923981
329000223982
532050523983
312000823984
327050123985
332000423986
392050723987
325000023988
132050323989
132007423990
372002723991
323007023992
932002323993
352007623994
321002923995
732007223996
332002523997
329007823998
532002123999
532006924000
312001224001
327006524002
332001824003
392006124004
325001424005
132006724006
372001024007
323006324008
932001624009
932300724010
352800024011
321300324012
732800624013
332300924014
329800224015
532300524016
312800824017
327300124018
332800424019
332000524020
392050824021
325000124022
132050424023
372000724024
323050024025
932000324026
352050624027
321000924028
732050224029
732007324030
332002624031
329007924032
532002224033
312007524034
327002824035
332007124036
392002424037
325007724038
132002024039
132400124040
372900424041
323400724042
932900024043
352400324044
321900624045
732400924046
332900224047
329400524048
532900824049
532010924050
312060224051
327010524052
332060824053
392010124054
325060424055
132010724056
372060024057
323010324058
932060624059
932008724060
352003024061
321008324062
732003624063
332008924064
329003224065
532008524066
312003824067
327008124068
332003424069
332500524070
392000824071
325500124072
132000424073
372500724074
323000024075
932500324076
352000624077
321500924078
732000224079
732020324080
332070624081
329020924082
532070224083
312020524084
327070824085
332020124086
392070424087
325020724088
132070024089
132009124090
372004424091
323009724092
932004024093
352009324094
321004624095
732009924096
332004224097
329009524098
532004824099
332009204100
392004234101
325009264102
132004294103
372009224104
323004254105
932009284106
352004214107
321009244108
732004274109
732600284110
332100214111
329600244112
532100274113
312600204114
327100234115
332600264116
392100294117
325600224118
132100254119
132030264120
372080294121
323030224122
932080254123
352030284124
321080214125
732030244126
332080274127
329030204128
532080234129
532000244130
312005274131
327000204132
332005234133
392000264134
325005294135
132000224136
372005254137
323000284138
932005214139
932700224140
352200254141
321700284142
732200214143
332700244144
329200274145
532700204146
312200234147
327700264148
332200294149
332040204150
392090234151
325040264152
132090294153
372040224154
323090254155
932040284156
352090214157
321040244158
732090274159
732001284160
332006214161
329001244162
532006274163
312001204164
327006234165
332001264166
392006294167
325001224168
132006254169
132800264170
372300294171
323800224172
932300254173
352800284174
321300214175
732800244176
332300274177
329800204178
532300234179
532050244180
312000274181
327050204182
332000234183
392050264184
325000294185
132050224186
372000254187
323050284188
932000214189
932002224190
352007254191
321002284192
732007214193
332002244194
329007274195
532002204196
312007234197
327002264198
332007294199
132002241200
372007244201
323002247202
932007240203
352002243204
321007246205
732002249206
332007242207
329002245208
532007248209
532900249210
312400242211
327900245212
332400248213
392900241214
325400244215
132900247216
372400240217
323900243218
932400246219
932060247220
352010240221
321060243222
732010246223
332060249224
329010242225
532060245226
312010248227
327060241228
332010244229
332003245230
392008248231
325003241232
132008244233
372003247234
323008240235
932003243236
352008246237
321003249238
732008242239
732000243240
332500246241
329000249242
532500242243
312000245244
327500248245
332000241246
392500244247
325000247248
132500240249
132070241250
372020244251
323070247252
932020240253
352070243254
321020246255
732070249256
332020242257
329070245258
532020248259
532004249260
312009242261
327004245262
332009248263
392004241264
325009244265
132004247266
372009240267
323004243268
932009246269
932100247270
352600240271
321100243272
732600246273
332100249274
329600242275
532100245276
312600248277
327100241278
332600244279
332080245280
392030248281
325080241282
132030244283
372080247284
323030240285
932080243286
352030246287
321080249288
732030242289
732005243290
332000246291
329005249292
532000242293
312005245294
327000248295
332005241296
392000244297
325005247298
132000240299
932005224300
352000524301
321005824302
732000124303
332005424304
329000724305
532005024306
312000324307
327005624308
332000924309
332200024310
392700324311
325200624312
132700924313
372200224314
323700524315
932200824316
352700124317
321200424318
732700724319
732090824320
332040124321
329090424322
532040724323
312090024324
327040324325
332090624326
392040924327
325090224328
132040524329
132006624330
372001924331
323006224332
932001524333
352006824334
321001124335
732006424336
332001724337
329006024338
532001324339
532300424340
312800724341
327300024342
332800324343
392300624344
325800924345
132300224346
372800524347
323300824348
932800124349
932000224350
352050524351
321000824352
732050124353
332000424354
329050724355
532000024356
312050324357
327000624358
332050924359
332007024360
392002324361
325007624362
132002924363
372007224364
323002524365
932007824366
352002124367
321007424368
732002724369
732400824370
332900124371
329400424372
532900724373
312400024374
327900324375
332400624376
392900924377
325400224378
132900524379
132010624380
372060924381
323010224382
932060524383
352010824384
321060124385
732010424386
332060724387
329010024388
532060324389
532008424390
312003724391
327008024392
332003324393
392008624394
325003924395
132008224396
372003524397
323008824398
932003124399
732008234400
332003264401
329008294402
532003224403
312008254404
327003284405
332008214406
392003244407
325008274408
132003204409
132500214410
372000244411
323500274412
932000204413
352500234414
321000264415
732500294416
332000224417
329500254418
532000284419
532020294420
312070224421
327020254422
332070284423
392020214424
325070244425
132020274426
372070204427
323020234428
932070264429
932009274430
352004204431
321009234432
732004264433
332009294434
329004224435
532009254436
312004284437
327009214438
332004244439
332600254440
392100284441
325600214442
132100244443
372600274444
323100204445
932600234446
352100264447
321600294448
732100224449
732030234450
332080264451
329030294452
532080224453
312030254454
327080284455
332030214456
392080244457
325030274458
132080204459
132000214460
372005244461
323000274462
932005204463
352000234464
321005264465
732000294466
332005224467
329000254468
532005284469
532700294470
312200224471
327700254472
332200284473
392700214474
325200244475
132700274476
372200204477
323700234478
932200264479
932040274480
352090204481
321040234482
732090264483
332040294484
329090224485
532040254486
312090284487
327040214488
332090244489
332001254490
392006284491
325001214492
132006244493
372001274494
323006204495
932001234496
352006264497
321001294498
732006224499
532001244500
312006247501
327001240502
332006243503
392001246504
325006249505
132001242506
372006245507
323001248508
932006241509
932800242510
352300245511
321800248512
732300241513
332800244514
329300247515
532800240516
312300243517
327800246518
332300249519
332050240520
392000243521
325050246522
132000249523
372050242524
323000245525
932050248526
352000241527
321050244528
732000247529
732002248530
332007241531
329002244532
532007247533
312002240534
327007243535
332002246536
392007249537
325002242538
132007245539
132900246540
372400249541
323900242542
932400245543
352900248544
321400241545
732900244546
332400247547
329900240548
532400243549
532060244550
312010247551
327060240552
332010243553
392060246554
325010249555
132060242556
372010245557
323060248558
932010241559
932003242560
352008245561
321003248562
732008241563
332003244564
329008247565
532003240566
312008243567
327003246568
332008249569
332000240570
392500243571
325000246572
132500249573
372000242574
323500245575
932000248576
352500241577
321000244578
732500247579
732070248580
332020241581
329070244582
532020247583
312070240584
327020243585
332070246586
392020249587
325070242588
132020245589
132004246590
372009249591
323004242592
932009245593
352004248594
321009241595
732004244596
332009247597
329004240598
532009243599
332004524600
392009824601
325004124602
132009424603
372004724604
323009024605
932004324606
352009624607
321004924608
732009224609
732100324610
332600624611
329100924612
532600224613
312100524614
327600824615
332100124616
392600424617
325100724618
132600024619
132080124620
372030424621
323080724622
932030024623
352080324624
321030624625
732080924626
332030224627
329080524628
532030824629
532005924630
312000224631
327005524632
332000824633
392005124634
325000424635
132005724636
372000024637
323005324638
932000624639
932200724640
352700024641
321200324642
732700624643
332200924644
329700224645
532200524646
312700824647
327200124648
332700424649
332090524650
392040824651
325090124652
132040424653
372090724654
323040024655
932090324656
352040624657
321090924658
732040224659
732006324660
332001624661
329006924662
532001224663
312006524664
327001824665
332006124666
392001424667
325006724668
132001024669
132300124670
372800424671
323300724672
932800024673
352300324674
321800624675
732300924676
332800224677
329300524678
532800824679
532000924680
312050224681
327000524682
332050824683
392000124684
325050424685
132000724686
372050024687
323000324688
932050624689
932007724690
352002024691
321007324692
732002624693
332007924694
329002224695
532007524696
312002824697
327007124698
332002424699
132007264700
372002294701
323007224702
932002254703
352007284704
321002214705
732007244706
332002274707
329007204708
532002234709
532400244710
312900274711
327400204712
332900234713
392400264714
325900294715
132400224716
372900254717
323400284718
932900214719
932010224720
352060254721
321010284722
732060214723
332010244724
329060274725
532010204726
312060234727
327010264728
332060294729
332008204730
392003234731
325008264732
132003294733
372008224734
323003254735
932008284736
352003214737
321008244738
732003274739
732500284740
332000214741
329500244742
532000274743
312500204744
327000234745
332500264746
392000294747
325500224748
132000254749
132020264750
372070294751
323020224752
932070254753
352020284754
321070214755
732020244756
332070274757
329020204758
532070234759
532009244760
312004274761
327009204762
332004234763
392009264764
325004294765
132009224766
372004254767
323009284768
932004214769
932600224770
352100254771
321600284772
732100214773
332600244774
329100274775
532600204776
312100234777
327600264778
332100294779
332030204780
392080234781
325030264782
132080294783
372030224784
323080254785
932030284786
352080214787
321030244788
732080274789
732000284790
332005214791
329000244792
532005274793
312000204794
327005234795
332000264796
392005294797
325000224798
132005254799
932000247800
352005240801
321000243802
732005246803
332000249804
329005242805
532000245806
312005248807
327000241808
332005244809
332700245810
392200248811
325700241812
132200244813
372700247814
323200240815
932700243816
352200246817
321700249818
732200242819
732040243820
332090246821
329040249822
532090242823
312040245824
327090248825
332040241826
392090244827
325040247828
132090240829
132001241830
372006244831
323001247832
932006240833
352001243834
321006246835
732001249836
332006242837
329001245838
532006248839
532800249840
312300242841
327800245842
332300248843
392800241844
325300244845
132800247846
372300240847
323800243848
932300246849
932050247850
352000240851
321050243852
732000246853
332050249854
329000242855
532050245856
312000248857
327050241858
332000244859
332002245860
392007248861
325002241862
132007244863
372002247864
323007240865
932002243866
352007246867
321002249868
732007242869
732900243870
332400246871
329900249872
532400242873
312900245874
327400248875
332900241876
392400244877
325900247878
132400240879
132060241880
372010244881
323060247882
932010240883
352060243884
321010246885
732060249886
332010242887
329060245888
532010248889
532003249890
312008242891
327003245892
332008248893
392003241894
325008244895
132003247896
372008240897
323003243898
932008246899
732003824900
332008124901
329003424902
532008724903
312003024904
327008324905
332003624906
392008924907
325003224908
132008524909
132000624910
372500924911
323000224912
932500524913
352000824914
321500124915
732000424916
332500724917
329000024918
532500324919
532070424920
312020724921
327070024922
332020324923
392070624924
325020924925
132070224926
372020524927
323070824928
932020124929
932004224930
352009524931
321004824932
732009124933
332004424934
329009724935
532004024936
312009324937
327004624938
332009924939
332100024940
392600324941
325100624942
132600924943
372100224944
323600524945
932100824946
352600124947
321100424948
732600724949
732080824950
332030124951
329080424952
532030724953
312080024954
327030324955
332080624956
392030924957
325080224958
132030524959
132005624960
372000924961
323005224962
932000524963
352005824964
321000124965
732005424966
332000724967
329005024968
532000324969
532200424970
312700724971
327200024972
332700324973
392200624974
325700924975
132200224976
372700524977
323200824978
932700124979
932090224980
352040524981
321090824982
732040124983
332090424984
329040724985
532090024986
312040324987
327090624988
332040924989
332006024990
392001324991
325006624992
132001924993
372006224994
323001524995
932006824996
352001124997
321006424998
732001724999
732005525000
332000825001
329005125002
532000425003
312005725004
327000025005
332005325006
392000625007
325005925008
132000225009
132200325010
372700625011
323200925012
932700225013
352200525014
321700825015
732200125016
332700425017
329200725018
532700025019
532090125020
312040425021
327090725022
332040025023
392090325024
325040625025
132090925026
372040225027
323090525028
932040825029
932006925030
352001225031
321006525032
732001825033
332006125034
329001425035
532006725036
312001025037
327006325038
332001625039
332300725040
392800025041
325300325042
132800625043
372300925044
323800225045
932300525046
352800825047
321300125048
732800425049
732000525050
332050825051
329000125052
532050425053
312000725054
327050025055
332000325056
392050625057
325000925058
132050225059
132007325060
372002625061
323007925062
932002225063
352007525064
321002825065
732007125066
332002425067
329007725068
532002025069
532400125070
312900425071
327400725072
332900025073
392400325074
325900625075
132400925076
372900225077
323400525078
932900825079
932010925080
352060225081
321010525082
732060825083
332010125084
329060425085
532010725086
312060025087
327010325088
332060625089
332008725090
392003025091
325008325092
132003625093
372008925094
323003225095
932008525096
352003825097
321008125098
732003425099
532008265100
312003295101
327008225102
332003255103
392008285104
325003215105
132008245106
372003275107
323008205108
932003235109
932500245110
352000275111
321500205112
732000235113
332500265114
329000295115
532500225116
312000255117
327500285118
332000215119
332020225120
392070255121
325020285122
132070215123
372020245124
323070275125
932020205126
352070235127
321020265128
732070295129
732009205130
332004235131
329009265132
532004295133
312009225134
327004255135
332009285136
392004215137
325009245138
132004275139
132600285140
372100215141
323600245142
932100275143
352600205144
321100235145
732600265146
332100295147
329600225148
532100255149
532030265150
312080295151
327030225152
332080255153
392030285154
325080215155
132030245156
372080275157
323030205158
932080235159
932000245160
352005275161
321000205162
732005235163
332000265164
329005295165
532000225166
312005255167
327000285168
332005215169
332700225170
392200255171
325700285172
132200215173
372700245174
323200275175
932700205176
352200235177
321700265178
732200295179
732040205180
332090235181
329040265182
532090295183
312040225184
327090255185
332040285186
392090215187
325040245188
132090275189
132001285190
372006215191
323001245192
932006275193
352001205194
321006235195
732001265196
332006295197
329001225198
532006255199
332001257200
392006250201
325001253202
132006256203
372001259204
323006252205
932001255206
352006258207
321001251208
732006254209
732800255210
332300258211
329800251212
532300254213
312800257214
327300250215
332800253216
392300256217
325800259218
132300252219
132050253220
372000256221
323050259222
932000252223
352050255224
321000258225
732050251226
332000254227
329050257228
532000250229
532002251230
312007254231
327002257232
332007250233
392002253234
325007256235
132002259236
372007252237
323002255238
932007258239
932900259240
352400252241
321900255242
732400258243
332900251244
329400254245
532900257246
312400250247
327900253248
332400256249
332060257250
392010250251
325060253252
132010256253
372060259254
323010252255
932060255256
352010258257
321060251258
732010254259
732003255260
332008258261
329003251262
532008254263
312003257264
327008250265
332003253266
392008256267
325003259268
132008252269
132000253270
372500256271
323000259272
932500252273
352000255274
321500258275
732000251276
332500254277
329000257278
532500250279
532070251280
312020254281
327070257282
332020250283
392070253284
325020256285
132070259286
372020252287
323070255288
932020258289
932004259290
352009252291
321004255292
732009258293
332004251294
329009254295
532004257296
312009250297
327004253298
332009256299
132004825300
372009125301
323004425302
932009725303
352004025304
321009325305
732004625306
332009925307
329004225308
532009525309
532100625310
312600925311
327100225312
332600525313
392100825314
325600125315
132100425316
372600725317
323100025318
932600325319
932080425320
352030725321
321080025322
732030325323
332080625324
329030925325
532080225326
312030525327
327080825328
332030125329
332005225330
392000525331
325005825332
132000125333
372005425334
323000725335
932005025336
352000325337
321005625338
732000925339
732200025340
332700325341
329200625342
532700925343
312200225344
327700525345
332200825346
392700125347
325200425348
132700725349
132090825350
372040125351
323090425352
932040725353
352090025354
321040325355
732090625356
332040925357
329090225358
532040525359
532006625360
312001925361
327006225362
332001525363
392006825364
325001125365
132006425366
372001725367
323006025368
932001325369
932300425370
352800725371
321300025372
732800325373
332300625374
329800925375
532300225376
312800525377
327300825378
332800125379
332000225380
392050525381
325000825382
132050125383
372000425384
323050725385
932000025386
352050325387
321000625388
732050925389
732007025390
332002325391
329007625392
532002925393
312007225394
327002525395
332007825396
392002125397
325007425398
132002725399
932007295400
352002225401
321007255402
732002285403
332007215404
329002245405
532007275406
312002205407
327007235408
332002265409
332400275410
392900205411
325400235412
132900265413
372400295414
323900225415
932400255416
352900285417
321400215418
732900245419
732010255420
332060285421
329010215422
532060245423
312010275424
327060205425
332010235426
392060265427
325010295428
132060225429
132008235430
372003265431
323008295432
932003225433
352008255434
321003285435
732008215436
332003245437
329008275438
532003205439
532500215440
312000245441
327500275442
332000205443
392500235444
325000265445
132500295446
372000225447
323500255448
932000285449
932020295450
352070225451
321020255452
732070285453
332020215454
329070245455
532020275456
312070205457
327020235458
332070265459
332009275460
392004205461
325009235462
132004265463
372009295464
323004225465
932009255466
352004285467
321009215468
732004245469
732600255470
332100285471
329600215472
532100245473
312600275474
327100205475
332600235476
392100265477
325600295478
132100225479
132030235480
372080265481
323030295482
932080225483
352030255484
321080285485
732030215486
332080245487
329030275488
532080205489
532000215490
312005245491
327000275492
332005205493
392000235494
325005265495
132000295496
372005225497
323000255498
932005285499
732000250500
332005253501
329000256502
532005259503
312000252504
327005255505
332000258506
392005251507
325000254508
132005257509
132700258510
372200251511
323700254512
932200257513
352700250514
321200253515
732700256516
332200259517
329700252518
532200255519
532040256520
312090259521
327040252522
332090255523
392040258524
325090251525
132040254526
372090257527
323040250528
932090253529
932001254530
352006257531
321001250532
732006253533
332001256534
329006259535
532001252536
312006255537
327001258538
332006251539
332800252540
392300255541
325800258542
132300251543
372800254544
323300257545
932800250546
352300253547
321800256548
732300259549
732050250550
332000253551
329050256552
532000259553
312050252554
327000255555
332050258556
392000251557
325050254558
132000257559
132002258560
372007251561
323002254562
932007257563
352002250564
321007253565
732002256566
332007259567
329002252568
532007255569
532900256570
312400259571
327900252572
332400255573
392900258574
325400251575
132900254576
372400257577
323900250578
932400253579
932060254580
352010257581
321060250582
732010253583
332060256584
329010259585
532060252586
312010255587
327060258588
332010251589
332003252590
392008255591
325003258592
132008251593
372003254594
323008257595
932003250596
352008253597
321003256598
732008259599
532003125600
312008425601
327003725602
332008025603
392003325604
325008625605
132003925606
372008225607
323003525608
932008825609
932000925610
352500225611
321000525612
732500825613
332000125614
329500425615
532000725616
312500025617
327000325618
332500625619
332070725620
392020025621
325070325622
132020625623
372070925624
323020225625
932070525626
352020825627
321070125628
732020425629
732004525630
332009825631
329004125632
532009425633
312004725634
327009025635
332004325636
392009625637
325004925638
132009225639
132100325640
372600625641
323100925642
932600225643
352100525644
321600825645
732100125646
332600425647
329100725648
532600025649
532080125650
312030425651
327080725652
332030025653
392080325654
325030625655
132080925656
372030225657
323080525658
932030825659
932005925660
352000225661
321005525662
732000825663
332005125664
329000425665
532005725666
312000025667
327005325668
332000625669
332200725670
392700025671
325200325672
132700625673
372200925674
323700225675
932200525676
352700825677
321200125678
732700425679
732090525680
332040825681
329090125682
532040425683
312090725684
327040025685
332090325686
392040625687
325090925688
132040225689
132006325690
372001625691
323006925692
932001225693
352006525694
321001825695
732006125696
332001425697
329006725698
532001025699
332006225700
392001255701
325006285702
132001215703
372006245704
323001275705
932006205706
352001235707
321006265708
732001295709
732300205710
332800235711
329300265712
532800295713
312300225714
327800255715
332300285716
392800215717
325300245718
132800275719
132000285720
372050215721
323000245722
932050275723
352000205724
321050235725
732000265726
332050295727
329000225728
532050255729
532007265730
312002295731
327007225732
332002255733
392007285734
325002215735
132007245736
372002275737
323007205738
932002235739
932400245740
352900275741
321400205742
732900235743
332400265744
329900295745
532400225746
312900255747
327400285748
332900215749
332010225750
392060255751
325010285752
132060215753
372010245754
323060275755
932010205756
352060235757
321010265758
732060295759
732008205760
332003235761
329008265762
532003295763
312008225764
327003255765
332008285766
392003215767
325008245768
132003275769
132500285770
372000215771
323500245772
932000275773
352500205774
321000235775
732500265776
332000295777
329500225778
532000255779
532020265780
312070295781
327020225782
332070255783
392020285784
325070215785
132020245786
372070275787
323020205788
932070235789
932009245790
352004275791
321009205792
732004235793
332009265794
329004295795
532009225796
312004255797
327009285798
332004215799
132009253800
372004256801
323009259802
932004252803
352009255804
321004258805
732009251806
332004254807
329009257808
532004250809
532600251810
312100254811
327600257812
332100250813
392600253814
325100256815
132600259816
372100252817
323600255818
932100258819
932030259820
352080252821
321030255822
732080258823
332030251824
329080254825
532030257826
312080250827
327030253828
332080256829
332000257830
392005250831
325000253832
132005256833
372000259834
323005252835
932000255836
352005258837
321000251838
732005254839
732700255840
332200258841
329700251842
532200254843
312700257844
327200250845
332700253846
392200256847
325700259848
132200252849
132040253850
372090256851
323040259852
932090252853
352040255854
321090258855
732040251856
332090254857
329040257858
532090250859
532001251860
312006254861
327001257862
332006250863
392001253864
325006256865
132001259866
372006252867
323001255868
932006258869
932800259870
352300252871
321800255872
732300258873
332800251874
329300254875
532800257876
312300250877
327800253878
332300256879
332050257880
392000250881
325050253882
132000256883
372050259884
323000252885
932050255886
352000258887
321050251888
732000254889
732002255890
332007258891
329002251892
532007254893
312002257894
327007250895
332002253896
392007256897
325002259898
132007252899
932002425900
352007725901
321002025902
732007325903
332002625904
329007925905
532002225906
312007525907
327002825908
332007125909
332900225910
392400525911
325900825912
132400125913
372900425914
323400725915
932900025916
352400325917
321900625918
732400925919
732060025920
332010325921
329060625922
532010925923
312060225924
327010525925
332060825926
392010125927
325060425928
132010725929
132003825930
372008125931
323003425932
932008725933
352003025934
321008325935
732003625936
332008925937
329003225938
532008525939
532000625940
312500925941
327000225942
332500525943
392000825944
325500125945
132000425946
372500725947
323000025948
932500325949
932070425950
352020725951
321070025952
732020325953
332070625954
329020925955
532070225956
312020525957
327070825958
332020125959
332004225960
392009525961
325004825962
132009125963
372004425964
323009725965
932004025966
352009325967
321004625968
732009925969
732100025970
332600325971
329100625972
532600925973
312100225974
327600525975
332100825976
392600125977
325100425978
132600725979
132080825980
372030125981
323080425982
932030725983
352080025984
321030325985
732080625986
332030925987
329080225988
532030525989
532005625990
312000925991
327005225992
332000525993
392005825994
325000125995
132005425996
372000725997
323005025998
932000325999
932004126000
352009426001
321004726002
732009026003
332004326004
329009626005
532004926006
312009226007
327004526008
332009826009
332100926010
392600226011
325100526012
132600826013
372100126014
323600426015
932100726016
352600026017
321100326018
732600626019
732080726020
332030026021
329080326022
532030626023
312080926024
327030226025
332080526026
392030826027
325080126028
132030426029
132005526030
372000826031
323005126032
932000426033
352005726034
321000026035
732005326036
332000626037
329005926038
532000226039
532200326040
312700626041
327200926042
332700226043
392200526044
325700826045
132200126046
372700426047
323200726048
932700026049
932090126050
352040426051
321090726052
732040026053
332090326054
329040626055
532090926056
312040226057
327090526058
332040826059
332006926060
392001226061
325006526062
132001826063
372006126064
323001426065
932006726066
352001026067
321006326068
732001626069
732300726070
332800026071
329300326072
532800626073
312300926074
327800226075
332300526076
392800826077
325300126078
132800426079
132000526080
372050826081
323000126082
932050426083
352000726084
321050026085
732000326086
332050626087
329000926088
532050226089
532007326090
312002626091
327007926092
332002226093
392007526094
325002826095
132007126096
372002426097
323007726098
932002026099
732007226100
332002256101
329007286102
532002216103
312007246104
327002276105
332007206106
392002236107
325007266108
132002296109
132400206110
372900236111
323400266112
932900296113
352400226114
321900256115
732400286116
332900216117
329400246118
532900276119
532010286120
312060216121
327010246122
332060276123
392010206124
325060236125
132010266126
372060296127
323010226128
932060256129
932008266130
352003296131
321008226132
732003256133
332008286134
329003216135
532008246136
312003276137
327008206138
332003236139
332500246140
392000276141
325500206142
132000236143
372500266144
323000296145
932500226146
352000256147
321500286148
732000216149
732020226150
332070256151
329020286152
532070216153
312020246154
327070276155
332020206156
392070236157
325020266158
132070296159
132009206160
372004236161
323009266162
932004296163
352009226164
321004256165
732009286166
332004216167
329009246168
532004276169
532600286170
312100216171
327600246172
332100276173
392600206174
325100236175
132600266176
372100296177
323600226178
932100256179
932030266180
352080296181
321030226182
732080256183
332030286184
329080216185
532030246186
312080276187
327030206188
332080236189
332000246190
392005276191
325000206192
132005236193
372000266194
323005296195
932000226196
352005256197
321000286198
732005216199
532000263200
312005266201
327000269202
332005262203
392000265204
325005268205
132000261206
372005264207
323000267208
932005260209
932700261210
352200264211
321700267212
732200260213
332700263214
329200266215
532700269216
312200262217
327700265218
332200268219
332040269220
392090262221
325040265222
132090268223
372040261224
323090264225
932040267226
352090260227
321040263228
732090266229
732001267230
332006260231
329001263232
532006266233
312001269234
327006262235
332001265236
392006268237
325001261238
132006264239
132800265240
372300268241
323800261242
932300264243
352800267244
321300260245
732800263246
332300266247
329800269248
532300262249
532050263250
312000266251
327050269252
332000262253
392050265254
325000268255
132050261256
372000264257
323050267258
932000260259
932002261260
352007264261
321002267262
732007260263
332002263264
329007266265
532002269266
312007262267
327002265268
332007268269
332900269270
392400262271
325900265272
132400268273
372900261274
323400264275
932900267276
352400260277
321900263278
732400266279
732060267280
332010260281
329060263282
532010266283
312060269284
327010262285
332060265286
392010268287
325060261288
132010264289
132003265290
372008268291
323003261292
932008264293
352003267294
321008260295
732003263296
332008266297
329003269298
532008262299
332003426300
392008726301
325003026302
132008326303
372003626304
323008926305
932003226306
352008526307
321003826308
732008126309
732000226310
332500526311
329000826312
532500126313
312000426314
327500726315
332000026316
392500326317
325000626318
132500926319
132070026320
372020326321
323070626322
932020926323
352070226324
321020526325
732070826326
332020126327
329070426328
532020726329
532004826330
312009126331
327004426332
332009726333
392004026334
325009326335
132004626336
372009926337
323004226338
932009526339
932100626340
352600926341
321100226342
732600526343
332100826344
329600126345
532100426346
312600726347
327100026348
332600326349
332080426350
392030726351
325080026352
132030326353
372080626354
323030926355
932080226356
352030526357
321080826358
732030126359
732005226360
332000526361
329005826362
532000126363
312005426364
327000726365
332005026366
392000326367
325005626368
132000926369
132200026370
372700326371
323200626372
932700926373
352200226374
321700526375
732200826376
332700126377
329200426378
532700726379
532090826380
312040126381
327090426382
332040726383
392090026384
325040326385
132090626386
372040926387
323090226388
932040526389
932006626390
352001926391
321006226392
732001526393
332006826394
329001126395
532006426396
312001726397
327006026398
332001326399
132006256400
372001286401
323006216402
932001246403
352006276404
321001206405
732006236406
332001266407
329006296408
532001226409
532300236410
312800266411
327300296412
332800226413
392300256414
325800286415
132300216416
372800246417
323300276418
932800206419
932000216420
352050246421
321000276422
732050206423
332000236424
329050266425
532000296426
312050226427
327000256428
332050286429
332007296430
392002226431
325007256432
132002286433
372007216434
323002246435
932007276436
352002206437
321007236438
732002266439
732400276440
332900206441
329400236442
532900266443
312400296444
327900226445
332400256446
392900286447
325400216448
132900246449
132010256450
372060286451
323010216452
932060246453
352010276454
321060206455
732010236456
332060266457
329010296458
532060226459
532008236460
312003266461
327008296462
332003226463
392008256464
325003286465
132008216466
372003246467
323008276468
932003206469
932500216470
352000246471
321500276472
732000206473
332500236474
329000266475
532500296476
312000226477
327500256478
332000286479
332020296480
392070226481
325020256482
132070286483
372020216484
323070246485
932020276486
352070206487
321020236488
732070266489
732009276490
332004206491
329009236492
532004266493
312009296494
327004226495
332009256496
392004286497
325009216498
132004246499
932009266500
352004269501
321009262502
732004265503
332009268504
329004261505
532009264506
312004267507
327009260508
332004263509
332600264510
392100267511
325600260512
132100263513
372600266514
323100269515
932600262516
352100265517
321600268518
732100261519
732030262520
332080265521
329030268522
532080261523
312030264524
327080267525
332030260526
392080263527
325030266528
132080269529
132000260530
372005263531
323000266532
932005269533
352000262534
321005265535
732000268536
332005261537
329000264538
532005267539
532700268540
312200261541
327700264542
332200267543
392700260544
325200263545
132700266546
372200269547
323700262548
932200265549
932040266550
352090269551
321040262552
732090265553
332040268554
329090261555
532040264556
312090267557
327040260558
332090263559
332001264560
392006267561
325001260562
132006263563
372001266564
323006269565
932001262566
352006265567
321001268568
732006261569
732800262570
332300265571
329800268572
532300261573
312800264574
327300267575
332800260576
392300263577
325800266578
132300269579
132050260580
372000263581
323050266582
932000269583
352050262584
321000265585
732050268586
332000261587
329050264588
532000267589
532002268590
312007261591
327002264592
332007267593
392002260594
325007263595
132002266596
372007269597
323002262598
932007265599
732002726600
332007026601
329002326602
532007626603
312002926604
327007226605
332002526606
392007826607
325002126608
132007426609
132900526610
372400826611
323900126612
932400426613
352900726614
321400026615
732900326616
332400626617
329900926618
532400226619
532060326620
312010626621
327060926622
332010226623
392060526624
325010826625
132060126626
372010426627
323060726628
932010026629
932003126630
352008426631
321003726632
732008026633
332003326634
329008626635
532003926636
312008226637
327003526638
332008826639
332000926640
392500226641
325000526642
132500826643
372000126644
323500426645
932000726646
352500026647
321000326648
732500626649
732070726650
332020026651
329070326652
532020626653
312070926654
327020226655
332070526656
392020826657
325070126658
132020426659
132004526660
372009826661
323004126662
932009426663
352004726664
321009026665
732004326666
332009626667
329004926668
532009226669
532100326670
312600626671
327100926672
332600226673
392100526674
325600826675
132100126676
372600426677
323100726678
932600026679
932080126680
352030426681
321080726682
732030026683
332080326684
329030626685
532080926686
312030226687
327080526688
332030826689
332005926690
392000226691
325005526692
132000826693
372005126694
323000426695
932005726696
352000026697
321005326698
732000626699
532005286700
312000216701
327005246702
332000276703
392005206704
325000236705
132005266706
372000296707
323005226708
932000256709
932200266710
352700296711
321200226712
732700256713
332200286714
329700216715
532200246716
312700276717
327200206718
332700236719
332090246720
392040276721
325090206722
132040236723
372090266724
323040296725
932090226726
352040256727
321090286728
732040216729
732006226730
332001256731
329006286732
532001216733
312006246734
327001276735
332006206736
392001236737
325006266738
132001296739
132300206740
372800236741
323300266742
932800296743
352300226744
321800256745
732300286746
332800216747
329300246748
532800276749
532000286750
312050216751
327000246752
332050276753
392000206754
325050236755
132000266756
372050296757
323000226758
932050256759
932007266760
352002296761
321007226762
732002256763
332007286764
329002216765
532007246766
312002276767
327007206768
332002236769
332400246770
392900276771
325400206772
132900236773
372400266774
323900296775
932400226776
352900256777
321400286778
732900216779
732010226780
332060256781
329010286782
532060216783
312010246784
327060276785
332010206786
392060236787
325010266788
132060296789
132008206790
372003236791
323008266792
932003296793
352008226794
321003256795
732008286796
332003216797
329008246798
532003276799
332008269800
392003262801
325008265802
132003268803
372008261804
323003264805
932008267806
352003260807
321008263808
732003266809
732500267810
332000260811
329500263812
532000266813
312500269814
327000262815
332500265816
392000268817
325500261818
132000264819
132020265820
372070268821
323020261822
932070264823
352020267824
321070260825
732020263826
332070266827
329020269828
532070262829
532009263830
312004266831
327009269832
332004262833
392009265834
325004268835
132009261836
372004264837
323009267838
932004260839
932600261840
352100264841
321600267842
732100260843
332600263844
329100266845
532600269846
312100262847
327600265848
332100268849
332030269850
392080262851
325030265852
132080268853
372030261854
323080264855
932030267856
352080260857
321030263858
732080266859
732000267860
332005260861
329000263862
532005266863
312000269864
327005262865
332000265866
392005268867
325000261868
132005264869
132700265870
372200268871
323700261872
932200264873
352700267874
321200260875
732700263876
332200266877
329700269878
532200262879
532040263880
312090266881
327040269882
332090262883
392040265884
325090268885
132040261886
372090264887
323040267888
932090260889
932001261890
352006264891
321001267892
732006260893
332001263894
329006266895
532001269896
312006262897
327001265898
332006268899
132001026900
372006326901
323001626902
932006926903
352001226904
321006526905
732001826906
332006126907
329001426908
532006726909
532800826910
312300126911
327800426912
332300726913
392800026914
325300326915
132800626916
372300926917
323800226918
932300526919
932050626920
352000926921
321050226922
732000526923
332050826924
329000126925
532050426926
312000726927
327050026928
332000326929
332002426930
392007726931
325002026932
132007326933
372002626934
323007926935
932002226936
352007526937
321002826938
732007126939
732900226940
332400526941
329900826942
532400126943
312900426944
327400726945
332900026946
392400326947
325900626948
132400926949
132060026950
372010326951
323060626952
932010926953
352060226954
321010526955
732060826956
332010126957
329060426958
532010726959
532003826960
312008126961
327003426962
332008726963
392003026964
325008326965
132003626966
372008926967
323003226968
932008526969
932000626970
352500926971
321000226972
732500526973
332000826974
329500126975
532000426976
312500726977
327000026978
332500326979
332070426980
392020726981
325070026982
132020326983
372070626984
323020926985
932070226986
352020526987
321070826988
732020126989
732004226990
332009526991
329004826992
532009126993
312004426994
327009726995
332004026996
392009326997
325004626998
132009926999
132003727000
372008027001
323003327002
932008627003
352003927004
321008227005
732003527006
332008827007
329003127008
532008427009
532000527010
312500827011
327000127012
332500427013
392000727014
325500027015
132000327016
372500627017
323000927018
932500227019
932070327020
352020627021
321070927022
732020227023
332070527024
329020827025
532070127026
312020427027
327070727028
332020027029
332004127030
392009427031
325004727032
132009027033
372004327034
323009627035
932004927036
352009227037
321004527038
732009827039
732100927040
332600227041
329100527042
532600827043
312100127044
327600427045
332100727046
392600027047
325100327048
132600627049
132080727050
372030027051
323080327052
932030627053
352080927054
321030227055
732080527056
332030827057
329080127058
532030427059
532005527060
312000827061
327005127062
332000427063
392005727064
325000027065
132005327066
372000627067
323005927068
932000227069
932200327070
352700627071
321200927072
732700227073
332200527074
329700827075
532200127076
312700427077
327200727078
332700027079
332090127080
392040427081
325090727082
132040027083
372090327084
323040627085
932090927086
352040227087
321090527088
732040827089
732006927090
332001227091
329006527092
532001827093
312006127094
327001427095
332006727096
392001027097
325006327098
132001627099
932006287100
352001217101
321006247102
732001277103
332006207104
329001237105
532006267106
312001297107
327006227108
332001257109
332300267110
392800297111
325300227112
132800257113
372300287114
323800217115
932300247116
352800277117
321300207118
732800237119
732000247120
332050277121
329000207122
532050237123
312000267124
327050297125
332000227126
392050257127
325000287128
132050217129
132007227130
372002257131
323007287132
932002217133
352007247134
321002277135
732007207136
332002237137
329007267138
532002297139
532400207140
312900237141
327400267142
332900297143
392400227144
325900257145
132400287146
372900217147
323400247148
932900277149
932010287150
352060217151
321010247152
732060277153
332010207154
329060237155
532010267156
312060297157
327010227158
332060257159
332008267160
392003297161
325008227162
132003257163
372008287164
323003217165
932008247166
352003277167
321008207168
732003237169
732500247170
332000277171
329500207172
532000237173
312500267174
327000297175
332500227176
392000257177
325500287178
132000217179
132020227180
372070257181
323020287182
932070217183
352020247184
321070277185
732020207186
332070237187
329020267188
532070297189
532009207190
312004237191
327009267192
332004297193
392009227194
325004257195
132009287196
372004217197
323009247198
932004277199
732009279200
332004272201
329009275202
532004278203
312009271204
327004274205
332009277206
392004270207
325009273208
132004276209
132600277210
372100270211
323600273212
932100276213
352600279214
321100272215
732600275216
332100278217
329600271218
532100274219
532030275220
312080278221
327030271222
332080274223
392030277224
325080270225
132030273226
372080276227
323030279228
932080272229
932000273230
352005276231
321000279232
732005272233
332000275234
329005278235
532000271236
312005274237
327000277238
332005270239
332700271240
392200274241
325700277242
132200270243
372700273244
323200276245
932700279246
352200272247
321700275248
732200278249
732040279250
332090272251
329040275252
532090278253
312040271254
327090274255
332040277256
392090270257
325040273258
132090276259
132001277260
372006270261
323001273262
932006276263
352001279264
321006272265
732001275266
332006278267
329001271268
532006274269
532800275270
312300278271
327800271272
332300274273
392800277274
325300270275
132800273276
372300276277
323800279278
932300272279
932050273280
352000276281
321050279282
732000272283
332050275284
329000278285
532050271286
312000274287
327050277288
332000270289
332002271290
392007274291
325002277292
132007270293
372002273294
323007276295
932002279296
352007272297
321002275298
732007278299
532002027300
312007327301
327002627302
332007927303
392002227304
325007527305
132002827306
372007127307
323002427308
932007727309
932900827310
352400127311
321900427312
732400727313
332900027314
329400327315
532900627316
312400927317
327900227318
332400527319
332060627320
392010927321
325060227322
132010527323
372060827324
323010127325
932060427326
352010727327
321060027328
732010327329
732003427330
332008727331
329003027332
532008327333
312003627334
327008927335
332003227336
392008527337
325003827338
132008127339
132000227340
372500527341
323000827342
932500127343
352000427344
321500727345
732000027346
332500327347
329000627348
532500927349
532070027350
312020327351
327070627352
332020927353
392070227354
325020527355
132070827356
372020127357
323070427358
932020727359
932004827360
352009127361
321004427362
732009727363
332004027364
329009327365
532004627366
312009927367
327004227368
332009527369
332100627370
392600927371
325100227372
132600527373
372100827374
323600127375
932100427376
352600727377
321100027378
732600327379
732080427380
332030727381
329080027382
532030327383
312080627384
327030927385
332080227386
392030527387
325080827388
132030127389
132005227390
372000527391
323005827392
932000127393
352005427394
321000727395
732005027396
332000327397
329005627398
532000927399
332005217400
392000247401
325005277402
132000207403
372005237404
323000267405
932005297406
352000227407
321005257408
732000287409
732200297410
332700227411
329200257412
532700287413
312200217414
327700247415
332200277416
392700207417
325200237418
132700267419
132090277420
372040207421
323090237422
932040267423
352090297424
321040227425
732090257426
332040287427
329090217428
532040247429
532006257430
312001287431
327006217432
332001247433
392006277434
325001207435
132006237436
372001267437
323006297438
932001227439
932300237440
352800267441
321300297442
732800227443
332300257444
329800287445
532300217446
312800247447
327300277448
332800207449
332000217450
392050247451
325000277452
132050207453
372000237454
323050267455
932000297456
352050227457
321000257458
732050287459
732007297460
332002227461
329007257462
532002287463
312007217464
327002247465
332007277466
392002207467
325007237468
132002267469
132400277470
372900207471
323400237472
932900267473
352400297474
321900227475
732400257476
332900287477
329400217478
532900247479
532010257480
312060287481
327010217482
332060247483
392010277484
325060207485
132010237486
372060267487
323010297488
932060227489
932008237490
352003267491
321008297492
732003227493
332008257494
329003287495
532008217496
312003247497
327008277498
332003207499
132008272500
372003275501
323008278502
932003271503
352008274504
321003277505
732008270506
332003273507
329008276508
532003279509
532500270510
312000273511
327500276512
332000279513
392500272514
325000275515
132500278516
372000271517
323500274518
932000277519
932020278520
352070271521
321020274522
732070277523
332020270524
329070273525
532020276526
312070279527
327020272528
332070275529
332009276530
392004279531
325009272532
132004275533
372009278534
323004271535
932009274536
352004277537
321009270538
732004273539
732600274540
332100277541
329600270542
532100273543
312600276544
327100279545
332600272546
392100275547
325600278548
132100271549
132030272550
372080275551
323030278552
932080271553
352030274554
321080277555
732030270556
332080273557
329030276558
532080279559
532000270560
312005273561
327000276562
332005279563
392000272564
325005275565
132000278566
372005271567
323000274568
932005277569
932700278570
352200271571
321700274572
732200277573
332700270574
329200273575
532700276576
312200279577
327700272578
332200275579
332040276580
392090279581
325040272582
132090275583
372040278584
323090271585
932040274586
352090277587
321040270588
732090273589
732001274590
332006277591
329001270592
532006273593
312001276594
327006279595
332001272596
392006275597
325001278598
132006271599
932001327600
352006627601
321001927602
732006227603
332001527604
329006827605
532001127606
312006427607
327001727608
332006027609
332800127610
392300427611
325800727612
132300027613
372800327614
323300627615
932800927616
352300227617
321800527618
732300827619
732050927620
332000227621
329050527622
532000827623
312050127624
327000427625
332050727626
392000027627
325050327628
132000627629
132002727630
372007027631
323002327632
932007627633
352002927634
321007227635
732002527636
332007827637
329002127638
532007427639
532900527640
312400827641
327900127642
332400427643
392900727644
325400027645
132900327646
372400627647
323900927648
932400227649
932060327650
352010627651
321060927652
732010227653
332060527654
329010827655
532060127656
312010427657
327060727658
332010027659
332003127660
392008427661
325003727662
132008027663
372003327664
323008627665
932003927666
352008227667
321003527668
732008827669
732000927670
332500227671
329000527672
532500827673
312000127674
327500427675
332000727676
392500027677
325000327678
132500627679
132070727680
372020027681
323070327682
932020627683
352070927684
321020227685
732070527686
332020827687
329070127688
532020427689
532004527690
312009827691
327004127692
332009427693
392004727694
325009027695
132004327696
372009627697
323004927698
932009227699
732004247700
332009277701
329004207702
532009237703
312004267704
327009297705
332004227706
392009257707
325004287708
132009217709
132100227710
372600257711
323100287712
932600217713
352100247714
321600277715
732100207716
332600237717
329100267718
532600297719
532080207720
312030237721
327080267722
332030297723
392080227724
325030257725
132080287726
372030217727
323080247728
932030277729
932005287730
352000217731
321005247732
732000277733
332005207734
329000237735
532005267736
312000297737
327005227738
332000257739
332200267740
392700297741
325200227742
132700257743
372200287744
323700217745
932200247746
352700277747
321200207748
732700237749
732090247750
332040277751
329090207752
532040237753
312090267754
327040297755
332090227756
392040257757
325090287758
132040217759
132006227760
372001257761
323006287762
932001217763
352006247764
321001277765
732006207766
332001237767
329006267768
532001297769
532300207770
312800237771
327300267772
332800297773
392300227774
325800257775
132300287776
372800217777
323300247778
932800277779
932000287780
352050217781
321000247782
732050277783
332000207784
329050237785
532000267786
312050297787
327000227788
332050257789
332007267790
392002297791
325007227792
132002257793
372007287794
323002217795
932007247796
352002277797
321007207798
732002237799
532007275800
312002278801
327007271802
332002274803
392007277804
325002270805
132007273806
372002276807
323007279808
932002272809
932400273810
352900276811
321400279812
732900272813
332400275814
329900278815
532400271816
312900274817
327400277818
332900270819
332010271820
392060274821
325010277822
132060270823
372010273824
323060276825
932010279826
352060272827
321010275828
732060278829
732008279830
332003272831
329008275832
532003278833
312008271834
327003274835
332008277836
392003270837
325008273838
132003276839
132500277840
372000270841
323500273842
932000276843
352500279844
321000272845
732500275846
332000278847
329500271848
532000274849
532020275850
312070278851
327020271852
332070274853
392020277854
325070270855
132020273856
372070276857
323020279858
932070272859
932009273860
352004276861
321009279862
732004272863
332009275864
329004278865
532009271866
312004274867
327009277868
332004270869
332600271870
392100274871
325600277872
132100270873
372600273874
323100276875
932600279876
352100272877
321600275878
732100278879
732030279880
332080272881
329030275882
532080278883
312030271884
327080274885
332030277886
392080270887
325030273888
132080276889
132000277890
372005270891
323000273892
932005276893
352000279894
321005272895
732000275896
332005278897
329000271898
532005274899
332000627900
392005927901
325000227902
132005527903
372000827904
323005127905
932000427906
352005727907
321000027908
732005327909
732700427910
332200727911
329700027912
532200327913
312700627914
327200927915
332700227916
392200527917
325700827918
132200127919
132040227920
372090527921
323040827922
932090127923
352040427924
321090727925
732040027926
332090327927
329040627928
532090927929
532001027930
312006327931
327001627932
332006927933
392001227934
325006527935
132001827936
372006127937
323001427938
932006727939
932800827940
352300127941
321800427942
732300727943
332800027944
329300327945
532800627946
312300927947
327800227948
332300527949
332050627950
392000927951
325050227952
132000527953
372050827954
323000127955
932050427956
352000727957
321050027958
732000327959
732002427960
332007727961
329002027962
532007327963
312002627964
327007927965
332002227966
392007527967
325002827968
132007127969
132900227970
372400527971
323900827972
932400127973
352900427974
321400727975
732900027976
332400327977
329900627978
532400927979
532060027980
312010327981
327060627982
332010927983
392060227984
325010527985
132060827986
372010127987
323060427988
932010727989
932003827990
352008127991
321003427992
732008727993
332003027994
329008327995
532003627996
312008927997
327003227998
332008527999
332002328000
392007628001
325002928002
132007228003
372002528004
323007828005
932002128006
352007428007
321002728008
732007028009
732900128010
332400428011
329900728012
532400028013
312900328014
327400628015
332900928016
392400228017
325900528018
132400828019
132060928020
372010228021
323060528022
932010828023
352060128024
321010428025
732060728026
332010028027
329060328028
532010628029
532003728030
312008028031
327003328032
332008628033
392003928034
325008228035
132003528036
372008828037
323003128038
932008428039
932000528040
352500828041
321000128042
732500428043
332000728044
329500028045
532000328046
312500628047
327000928048
332500228049
332070328050
392020628051
325070928052
132020228053
372070528054
323020828055
932070128056
352020428057
321070728058
732020028059
732004128060
332009428061
329004728062
532009028063
312004328064
327009628065
332004928066
392009228067
325004528068
132009828069
132100928070
372600228071
323100528072
932600828073
352100128074
321600428075
732100728076
332600028077
329100328078
532600628079
532080728080
312030028081
327080328082
332030628083
392080928084
325030228085
132080528086
372030828087
323080128088
932030428089
932005528090
352000828091
321005128092
732000428093
332005728094
329000028095
532005328096
312000628097
327005928098
332000228099
132005248100
372000278101
323005208102
932000238103
352005268104
321000298105
732005228106
332000258107
329005288108
532000218109
532200228110
312700258111
327200288112
332700218113
392200248114
325700278115
132200208116
372700238117
323200268118
932700298119
932090208120
352040238121
321090268122
732040298123
332090228124
329040258125
532090288126
312040218127
327090248128
332040278129
332006288130
392001218131
325006248132
132001278133
372006208134
323001238135
932006268136
352001298137
321006228138
732001258139
732300268140
332800298141
329300228142
532800258143
312300288144
327800218145
332300248146
392800278147
325300208148
132800238149
132000248150
372050278151
323000208152
932050238153
352000268154
321050298155
732000228156
332050258157
329000288158
532050218159
532007228160
312002258161
327007288162
332002218163
392007248164
325002278165
132007208166
372002238167
323007268168
932002298169
932400208170
352900238171
321400268172
732900298173
332400228174
329900258175
532400288176
312900218177
327400248178
332900278179
332010288180
392060218181
325010248182
132060278183
372010208184
323060238185
932010268186
352060298187
321010228188
732060258189
732008268190
332003298191
329008228192
532003258193
312008288194
327003218195
332008248196
392003278197
325008208198
132003238199
932008285200
352003288201
321008281202
732003284203
332008287204
329003280205
532008283206
312003286207
327008289208
332003282209
332500283210
392000286211
325500289212
132000282213
372500285214
323000288215
932500281216
352000284217
321500287218
732000280219
732020281220
332070284221
329020287222
532070280223
312020283224
327070286225
332020289226
392070282227
325020285228
132070288229
132009289230
372004282231
323009285232
932004288233
352009281234
321004284235
732009287236
332004280237
329009283238
532004286239
532600287240
312100280241
327600283242
332100286243
392600289244
325100282245
132600285246
372100288247
323600281248
932100284249
932030285250
352080288251
321030281252
732080284253
332030287254
329080280255
532030283256
312080286257
327030289258
332080282259
332000283260
392005286261
325000289262
132005282263
372000285264
323005288265
932000281266
352005284267
321000287268
732005280269
732700281270
332200284271
329700287272
532200280273
312700283274
327200286275
332700289276
392200282277
325700285278
132200288279
132040289280
372090282281
323040285282
932090288283
352040281284
321090284285
732040287286
332090280287
329040283288
532090286289
532001287290
312006280291
327001283292
332006286293
392001289294
325006282295
132001285296
372006288297
323001281298
932006284299
732001628300
332006928301
329001228302
532006528303
312001828304
327006128305
332001428306
392006728307
325001028308
132006328309
132800428310
372300728311
323800028312
932300328313
352800628314
321300928315
732800228316
332300528317
329800828318
532300128319
532050228320
312000528321
327050828322
332000128323
392050428324
325000728325
132050028326
372000328327
323050628328
932000928329
932002028330
352007328331
321002628332
732007928333
332002228334
329007528335
532002828336
312007128337
327002428338
332007728339
332900828340
392400128341
325900428342
132400728343
372900028344
323400328345
932900628346
352400928347
321900228348
732400528349
732060628350
332010928351
329060228352
532010528353
312060828354
327010128355
332060428356
392010728357
325060028358
132010328359
132003428360
372008728361
323003028362
932008328363
352003628364
321008928365
732003228366
332008528367
329003828368
532008128369
532000228370
312500528371
327000828372
332500128373
392000428374
325500728375
132000028376
372500328377
323000628378
932500928379
932070028380
352020328381
321070628382
732020928383
332070228384
329020528385
532070828386
312020128387
327070428388
332020728389
332004828390
392009128391
325004428392
132009728393
372004028394
323009328395
932004628396
352009928397
321004228398
732009528399
532004278400
312009208401
327004238402
332009268403
392004298404
325009228405
132004258406
372009288407
323004218408
932009248409
932100258410
352600288411
321100218412
732600248413
332100278414
329600208415
532100238416
312600268417
327100298418
332600228419
332080238420
392030268421
325080298422
132030228423
372080258424
323030288425
932080218426
352030248427
321080278428
732030208429
732005218430
332000248431
329005278432
532000208433
312005238434
327000268435
332005298436
392000228437
325005258438
132000288439
132200298440
372700228441
323200258442
932700288443
352200218444
321700248445
732200278446
332700208447
329200238448
532700268449
532090278450
312040208451
327090238452
332040268453
392090298454
325040228455
132090258456
372040288457
323090218458
932040248459
932006258460
352001288461
321006218462
732001248463
332006278464
329001208465
532006238466
312001268467
327006298468
332001228469
332300238470
392800268471
325300298472
132800228473
372300258474
323800288475
932300218476
352800248477
321300278478
732800208479
732000218480
332050248481
329000278482
532050208483
312000238484
327050268485
332000298486
392050228487
325000258488
132050288489
132007298490
372002228491
323007258492
932002288493
352007218494
321002248495
732007278496
332002208497
329007238498
532002268499
332007288500
392002281501
325007284502
132002287503
372007280504
323002283505
932007286506
352002289507
321007282508
732002285509
732400286510
332900289511
329400282512
532900285513
312400288514
327900281515
332400284516
392900287517
325400280518
132900283519
132010284520
372060287521
323010280522
932060283523
352010286524
321060289525
732010282526
332060285527
329010288528
532060281529
532008282530
312003285531
327008288532
332003281533
392008284534
325003287535
132008280536
372003283537
323008286538
932003289539
932500280540
352000283541
321500286542
732000289543
332500282544
329000285545
532500288546
312000281547
327500284548
332000287549
332020288550
392070281551
325020284552
132070287553
372020280554
323070283555
932020286556
352070289557
321020282558
732070285559
732009286560
332004289561
329009282562
532004285563
312009288564
327004281565
332009284566
392004287567
325009280568
132004283569
132600284570
372100287571
323600280572
932100283573
352600286574
321100289575
732600282576
332100285577
329600288578
532100281579
532030282580
312080285581
327030288582
332080281583
392030284584
325080287585
132030280586
372080283587
323030286588
932080289589
932000280590
352005283591
321000286592
732005289593
332000282594
329005285595
532000288596
312005281597
327000284598
332005287599
132000928600
372005228601
323000528602
932005828603
352000128604
321005428605
732000728606
332005028607
329000328608
532005628609
532700728610
312200028611
327700328612
332200628613
392700928614
325200228615
132700528616
372200828617
323700128618
932200428619
932040528620
352090828621
321040128622
732090428623
332040728624
329090028625
532040328626
312090628627
327040928628
332090228629
332001328630
392006628631
325001928632
132006228633
372001528634
323006828635
932001128636
352006428637
321001728638
732006028639
732800128640
332300428641
329800728642
532300028643
312800328644
327300628645
332800928646
392300228647
325800528648
132300828649
132050928650
372000228651
323050528652
932000828653
352050128654
321000428655
732050728656
332000028657
329050328658
532000628659
532002728660
312007028661
327002328662
332007628663
392002928664
325007228665
132002528666
372007828667
323002128668
932007428669
932900528670
352400828671
321900128672
732400428673
332900728674
329400028675
532900328676
312400628677
327900928678
332400228679
332060328680
392010628681
325060928682
132010228683
372060528684
323010828685
932060128686
352010428687
321060728688
732010028689
732003128690
332008428691
329003728692
532008028693
312003328694
327008628695
332003928696
392008228697
325003528698
132008828699
932003208700
352008238701
321003268702
732008298703
332003228704
329008258705
532003288706
312008218707
327003248708
332008278709
332000288710
392500218711
325000248712
132500278713
372000208714
323500238715
932000268716
352500298717
321000228718
732500258719
732070268720
332020298721
329070228722
532020258723
312070288724
327020218725
332070248726
392020278727
325070208728
132020238729
132004248730
372009278731
323004208732
932009238733
352004268734
321009298735
732004228736
332009258737
329004288738
532009218739
532100228740
312600258741
327100288742
332600218743
392100248744
325600278745
132100208746
372600238747
323100268748
932600298749
932080208750
352030238751
321080268752
732030298753
332080228754
329030258755
532080288756
312030218757
327080248758
332030278759
332005288760
392000218761
325005248762
132000278763
372005208764
323000238765
932005268766
352000298767
321005228768
732000258769
732200268770
332700298771
329200228772
532700258773
312200288774
327700218775
332200248776
392700278777
325200208778
132700238779
132090248780
372040278781
323090208782
932040238783
352090268784
321040298785
732090228786
332040258787
329090288788
532040218789
532006228790
312001258791
327006288792
332001218793
392006248794
325001278795
132006208796
372001238797
323006268798
932001298799
732006281800
332001284801
329006287802
532001280803
312006283804
327001286805
332006289806
392001282807
325006285808
132001288809
132300289810
372800282811
323300285812
932800288813
352300281814
321800284815
732300287816
332800280817
329300283818
532800286819
532000287820
312050280821
327000283822
332050286823
392000289824
325050282825
132000285826
372050288827
323000281828
932050284829
932007285830
352002288831
321007281832
732002284833
332007287834
329002280835
532007283836
312002286837
327007289838
332002282839
332400283840
392900286841
325400289842
132900282843
372400285844
323900288845
932400281846
352900284847
321400287848
732900280849
732010281850
332060284851
329010287852
532060280853
312010283854
327060286855
332010289856
392060282857
325010285858
132060288859
132008289860
372003282861
323008285862
932003288863
352008281864
321003284865
732008287866
332003280867
329008283868
532003286869
532500287870
312000280871
327500283872
332000286873
392500289874
325000282875
132500285876
372000288877
323500281878
932000284879
932020285880
352070288881
321020281882
732070284883
332020287884
329070280885
532020283886
312070286887
327020289888
332070282889
332009283890
392004286891
325009289892
132004282893
372009285894
323004288895
932009281896
352004284897
321009287898
732004280899
532009228900
312004528901
327009828902
332004128903
392009428904
325004728905
132009028906
372004328907
323009628908
932004928909
932600028910
352100328911
321600628912
732100928913
332600228914
329100528915
532600828916
312100128917
327600428918
332100728919
332030828920
392080128921
325030428922
132080728923
372030028924
323080328925
932030628926
352080928927
321030228928
732080528929
732000628930
332005928931
329000228932
532005528933
312000828934
327005128935
332000428936
392005728937
325000028938
132005328939
132700428940
372200728941
323700028942
932200328943
352700628944
321200928945
732700228946
332200528947
329700828948
532200128949
532040228950
312090528951
327040828952
332090128953
392040428954
325090728955
132040028956
372090328957
323040628958
932090928959
932001028960
352006328961
321001628962
732006928963
332001228964
329006528965
532001828966
312006128967
327001428968
332006728969
332800828970
392300128971
325800428972
132300728973
372800028974
323300328975
932800628976
352300928977
321800228978
732300528979
732050628980
332000928981
329050228982
532000528983
312050828984
327000128985
332050428986
392000728987
325050028988
132000328989
132002428990
372007728991
323002028992
932007328993
352002628994
321007928995
732002228996
332007528997
329002828998
532007128999
532001929000
312006229001
327001529002
332006829003
392001129004
325006429005
132001729006
372006029007
323001329008
932006629009
932800729010
352300029011
321800329012
732300629013
332800929014
329300229015
532800529016
312300829017
327800129018
332300429019
332050529020
392000829021
325050129022
132000429023
372050729024
323000029025
932050329026
352000629027
321050929028
732000229029
732002329030
332007629031
329002929032
532007229033
312002529034
327007829035
332002129036
392007429037
325002729038
132007029039
132900129040
372400429041
323900729042
932400029043
352900329044
321400629045
732900929046
332400229047
329900529048
532400829049
532060929050
312010229051
327060529052
332010829053
392060129054
325010429055
132060729056
372010029057
323060329058
932010629059
932003729060
352008029061
321003329062
732008629063
332003929064
329008229065
532003529066
312008829067
327003129068
332008429069
332000529070
392500829071
325000129072
132500429073
372000729074
323500029075
932000329076
352500629077
321000929078
732500229079
732070329080
332020629081
329070929082
532020229083
312070529084
327020829085
332070129086
392020429087
325070729088
132020029089
132004129090
372009429091
323004729092
932009029093
352004329094
321009629095
732004929096
332009229097
329004529098
532009829099
332004209100
392009239101
325004269102
132009299103
372004229104
323009259105
932004289106
352009219107
321004249108
732009279109
732100289110
332600219111
329100249112
532600279113
312100209114
327600239115
332100269116
392600299117
325100229118
132600259119
132080269120
372030299121
323080229122
932030259123
352080289124
321030219125
732080249126
332030279127
329080209128
532030239129
532005249130
312000279131
327005209132
332000239133
392005269134
325000299135
132005229136
372000259137
323005289138
932000219139
932200229140
352700259141
321200289142
732700219143
332200249144
329700279145
532200209146
312700239147
327200269148
332700299149
332090209150
392040239151
325090269152
132040299153
372090229154
323040259155
932090289156
352040219157
321090249158
732040279159
732006289160
332001219161
329006249162
532001279163
312006209164
327001239165
332006269166
392001299167
325006229168
132001259169
132300269170
372800299171
323300229172
932800259173
352300289174
321800219175
732300249176
332800279177
329300209178
532800239179
532000249180
312050279181
327000209182
332050239183
392000269184
325050299185
132000229186
372050259187
323000289188
932050219189
932007229190
352002259191
321007289192
732002219193
332007249194
329002279195
532007209196
312002239197
327007269198
332002299199
132007291200
372002294201
323007297202
932002290203
352007293204
321002296205
732007299206
332002292207
329007295208
532002298209
532400299210
312900292211
327400295212
332900298213
392400291214
325900294215
132400297216
372900290217
323400293218
932900296219
932010297220
352060290221
321010293222
732060296223
332010299224
329060292225
532010295226
312060298227
327010291228
332060294229
332008295230
392003298231
325008291232
132003294233
372008297234
323003290235
932008293236
352003296237
321008299238
732003292239
732500293240
332000296241
329500299242
532000292243
312500295244
327000298245
332500291246
392000294247
325500297248
132000290249
132020291250
372070294251
323020297252
932070290253
352020293254
321070296255
732020299256
332070292257
329020295258
532070298259
532009299260
312004292261
327009295262
332004298263
392009291264
325004294265
132009297266
372004290267
323009293268
932004296269
932600297270
352100290271
321600293272
732100296273
332600299274
329100292275
532600295276
312100298277
327600291278
332100294279
332030295280
392080298281
325030291282
132080294283
372030297284
323080290285
932030293286
352080296287
321030299288
732080292289
732000293290
332005296291
329000299292
532005292293
312000295294
327005298295
332000291296
392005294297
325000297298
132005290299
932000229300
352005529301
321000829302
732005129303
332000429304
329005729305
532000029306
312005329307
327000629308
332005929309
332700029310
392200329311
325700629312
132200929313
372700229314
323200529315
932700829316
352200129317
321700429318
732200729319
732040829320
332090129321
329040429322
532090729323
312040029324
327090329325
332040629326
392090929327
325040229328
132090529329
132001629330
372006929331
323001229332
932006529333
352001829334
321006129335
732001429336
332006729337
329001029338
532006329339
532800429340
312300729341
327800029342
332300329343
392800629344
325300929345
132800229346
372300529347
323800829348
932300129349
932050229350
352000529351
321050829352
732000129353
332050429354
329000729355
532050029356
312000329357
327050629358
332000929359
332002029360
392007329361
325002629362
132007929363
372002229364
323007529365
932002829366
352007129367
321002429368
732007729369
732900829370
332400129371
329900429372
532400729373
312900029374
327400329375
332900629376
392400929377
325900229378
132400529379
132060629380
372010929381
323060229382
932010529383
352060829384
321010129385
732060429386
332010729387
329060029388
532010329389
532003429390
312008729391
327003029392
332008329393
392003629394
325008929395
132003229396
372008529397
323003829398
932008129399
732003239400
332008269401
329003299402
532008229403
312003259404
327008289405
332003219406
392008249407
325003279408
132008209409
132000219410
372500249411
323000279412
932500209413
352000239414
321500269415
732000299416
332500229417
329000259418
532500289419
532070299420
312020229421
327070259422
332020289423
392070219424
325020249425
132070279426
372020209427
323070239428
932020269429
932004279430
352009209431
321004239432
732009269433
332004299434
329009229435
532004259436
312009289437
327004219438
332009249439
332100259440
392600289441
325100219442
132600249443
372100279444
323600209445
932100239446
352600269447
321100299448
732600229449
732080239450
332030269451
329080299452
532030229453
312080259454
327030289455
332080219456
392030249457
325080279458
132030209459
132005219460
372000249461
323005279462
932000209463
352005239464
321000269465
732005299466
332000229467
329005259468
532000289469
532200299470
312700229471
327200259472
332700289473
392200219474
325700249475
132200279476
372700209477
323200239478
932700269479
932090279480
352040209481
321090239482
732040269483
332090299484
329040229485
532090259486
312040289487
327090219488
332040249489
332006259490
392001289491
325006219492
132001249493
372006279494
323001209495
932006239496
352001269497
321006299498
732001229499
532006294500
312001297501
327006290502
332001293503
392006296504
325001299505
132006292506
372001295507
323006298508
932001291509
932300292510
352800295511
321300298512
732800291513
332300294514
329800297515
532300290516
312800293517
327300296518
332800299519
332000290520
392050293521
325000296522
132050299523
372000292524
323050295525
932000298526
352050291527
321000294528
732050297529
732007298530
332002291531
329007294532
532002297533
312007290534
327002293535
332007296536
392002299537
325007292538
132002295539
132400296540
372900299541
323400292542
932900295543
352400298544
321900291545
732400294546
332900297547
329400290548
532900293549
532010294550
312060297551
327010290552
332060293553
392010296554
325060299555
132010292556
372060295557
323010298558
932060291559
932008292560
352003295561
321008298562
732003291563
332008294564
329003297565
532008290566
312003293567
327008296568
332003299569
332500290570
392000293571
325500296572
132000299573
372500292574
323000295575
932500298576
352000291577
321500294578
732000297579
732020298580
332070291581
329020294582
532070297583
312020290584
327070293585
332020296586
392070299587
325020292588
132070295589
132009296590
372004299591
323009292592
932004295593
352009298594
321004291595
732009294596
332004297597
329009290598
532004293599
332009529600
392004829601
325009129602
132004429603
372009729604
323004029605
932009329606
352004629607
321009929608
732004229609
732600329610
332100629611
329600929612
532100229613
312600529614
327100829615
332600129616
392100429617
325600729618
132100029619
132030129620
372080429621
323030729622
932080029623
352030329624
321080629625
732030929626
332080229627
329030529628
532080829629
532000929630
312005229631
327000529632
332005829633
392000129634
325005429635
132000729636
372005029637
323000329638
932005629639
932700729640
352200029641
321700329642
732200629643
332700929644
329200229645
532700529646
312200829647
327700129648
332200429649
332040529650
392090829651
325040129652
132090429653
372040729654
323090029655
932040329656
352090629657
321040929658
732090229659
732001329660
332006629661
329001929662
532006229663
312001529664
327006829665
332001129666
392006429667
325001729668
132006029669
132800129670
372300429671
323800729672
932300029673
352800329674
321300629675
732800929676
332300229677
329800529678
532300829679
532050929680
312000229681
327050529682
332000829683
392050129684
325000429685
132050729686
372000029687
323050329688
932000629689
932002729690
352007029691
321002329692
732007629693
332002929694
329007229695
532002529696
312007829697
327002129698
332007429699
132002269700
372007299701
323002229702
932007259703
352002289704
321007219705
732002249706
332007279707
329002209708
532007239709
532900249710
312400279711
327900209712
332400239713
392900269714
325400299715
132900229716
372400259717
323900289718
932400219719
932060229720
352010259721
321060289722
732010219723
332060249724
329010279725
532060209726
312010239727
327060269728
332010299729
332003209730
392008239731
325003269732
132008299733
372003229734
323008259735
932003289736
352008219737
321003249738
732008279739
732000289740
332500219741
329000249742
532500279743
312000209744
327500239745
332000269746
392500299747
325000229748
132500259749
132070269750
372020299751
323070229752
932020259753
352070289754
321020219755
732070249756
332020279757
329070209758
532020239759
532004249760
312009279761
327004209762
332009239763
392004269764
325009299765
132004229766
372009259767
323004289768
932009219769
932100229770
352600259771
321100289772
732600219773
332100249774
329600279775
532100209776
312600239777
327100269778
332600299779
332080209780
392030239781
325080269782
132030299783
372080229784
323030259785
932080289786
352030219787
321080249788
732030279789
732005289790
332000219791
329005249792
532000279793
312005209794
327000239795
332005269796
392000299797
325005229798
132000259799
932005297800
352000290801
321005293802
732000296803
332005299804
329000292805
532005295806
312000298807
327005291808
332000294809
332200295810
392700298811
325200291812
132700294813
372200297814
323700290815
932200293816
352700296817
321200299818
732700292819
732090293820
332040296821
329090299822
532040292823
312090295824
327040298825
332090291826
392040294827
325090297828
132040290829
132006291830
372001294831
323006297832
932001290833
352006293834
321001296835
732006299836
332001292837
329006295838
532001298839
532300299840
312800292841
327300295842
332800298843
392300291844
325800294845
132300297846
372800290847
323300293848
932800296849
932000297850
352050290851
321000293852
732050296853
332000299854
329050292855
532000295856
312050298857
327000291858
332050294859
332007295860
392002298861
325007291862
132002294863
372007297864
323002290865
932007293866
352002296867
321007299868
732002292869
732400293870
332900296871
329400299872
532900292873
312400295874
327900298875
332400291876
392900294877
325400297878
132900290879
132010291880
372060294881
323010297882
932060290883
352010293884
321060296885
732010299886
332060292887
329010295888
532060298889
532008299890
312003292891
327008295892
332003298893
392008291894
325003294895
132008297896
372003290897
323008293898
932003296899
732008829900
332003129901
329008429902
532003729903
312008029904
327003329905
332008629906
392003929907
325008229908
132003529909
132500629910
372000929911
323500229912
932000529913
352500829914
321000129915
732500429916
332000729917
329500029918
532000329919
532020429920
312070729921
327020029922
332070329923
392020629924
325070929925
132020229926
372070529927
323020829928
932070129929
932009229930
352004529931
321009829932
732004129933
332009429934
329004729935
532009029936
312004329937
327009629938
332004929939
332600029940
392100329941
325600629942
132100929943
372600229944
323100529945
932600829946
352100129947
321600429948
732100729949
732030829950
332080129951
329030429952
532080729953
312030029954
327080329955
332030629956
392080929957
325030229958
132080529959
132000629960
372005929961
323000229962
932005529963
352000829964
321005129965
732000429966
332005729967
329000029968
532005329969
532700429970
312200729971
327700029972
332200329973
392700629974
325200929975
132700229976
372200529977
323700829978
932200129979
932040229980
352090529981
321040829982
732090129983
332040429984
329090729985
532040029986
312090329987
327040629988
332090929989
332001029990
392006329991
325001629992
132006929993
372001229994
323006529995
932001829996
352006129997
321001429998
732006729999
232001930000